benchmark,instance_id,file_id,demand,family,old_prompt_sha256,prompt_sha256
swe-bench-verified,astropy__astropy-12907,astropy__astropy-12907,PLp,v2,a56efbe693f4d570fe7115dff04b7bedf0bc06225f7e4e6631223ffca2a39c15,1f954fb301010e014a96660ea2c0552b5d35f4f21aaca422546d197f9ead5ed1
swe-bench-verified,astropy__astropy-12907,astropy__astropy-12907,PLe,v2,35bf296df6e0b3ad7d596908c5ea54b47adcca817df36023b7221fb8775e3467,aad68095d1c2e2d44e4935e6fcf0885414f91de2b303312f74499e695e708ae4
swe-bench-verified,astropy__astropy-12907,astropy__astropy-12907,PLs,v2,69eb9eb41fca28a6080fb9e307516057e8a0a585588723ab0d614d9f9a1d2894,26a425eef5cd692f2b7fd6b073ed50a8e25caf2181bc9a1a107d162b79d356e9
swe-bench-verified,astropy__astropy-13236,astropy__astropy-13236,PLp,v2,5b5f6339e22e52cc73abdd927a3d784d7626affbe0ab5d94d84e7c3ee2776a44,c54ac796b007cb4172cd9812451b21f2c696efca19ebdf09cee458c1dce702a9
swe-bench-verified,astropy__astropy-13236,astropy__astropy-13236,PLe,v2,c81181df9a9d86b08de0224f553ac42dc7c6c00c7c6593cc57060f462e926fef,dc69c44c042b7e1d388fc447986cf29f02380cb2118abfd5cb16ef185dd1e839
swe-bench-verified,astropy__astropy-13236,astropy__astropy-13236,PLs,v2,a136b02594246dcf840d38a2f29580063b40a96cdcad87ddab8657794d4bdd30,2a5a1cca704e737a72020d3aba7ed696f5b0285acaca223e6b307f905e82c708
swe-bench-verified,astropy__astropy-13453,astropy__astropy-13453,PLp,v2,db147bada87c2ba7500b72da2cbb75fd06c6573ab0e09fe1094d4f2b15bf704e,9abd6a20b938993bd5182bcfa93c90c9318099ab4a9a082ea6711a4914190801
swe-bench-verified,astropy__astropy-13453,astropy__astropy-13453,PLe,v2,d2e5b19167851592932d787cfb1537432a91f1e8a69ee2fd87c2f2847e44be38,b8104e116a630dad66438e1d8dab54671715e388c6a90d1cbca0f35608a4be99
swe-bench-verified,astropy__astropy-13453,astropy__astropy-13453,PLs,v2,690d8a89c605b62d23a967804a428a50a59c749da8a97bb7b404843e63872d8f,dd8bb76111f70207923207818a608e9155411d92952498ab0f62caab6e9f6638
swe-bench-verified,astropy__astropy-13579,astropy__astropy-13579,PLp,v2,299c36f8d2ed3400286042da9c8ffc8e128eff617885a9b2eafb842036728c12,303cd57ed3f88562fdb69c6d416c35ffa62d5389f518734d92bdd6d9c167e38f
swe-bench-verified,astropy__astropy-13579,astropy__astropy-13579,PLe,v2,73502ac31479ee15e6bc2502f3b0cc94a38bf4d7490b63c9b5872d80ad9a1de0,840d4247f51b107faf255fd6a762aad4392e770619310a54a452593d02c70b28
swe-bench-verified,astropy__astropy-13579,astropy__astropy-13579,PLs,v2,52d221a6edb627c8961d4c31de7b191a2afc07623a291f1914272e171da5d086,f28074ae08c15ad2f4b0d26322e4d7d85c1f6cebac9048602bebc1a0165ff271
swe-bench-verified,astropy__astropy-14096,astropy__astropy-14096,PLp,v2,b44b98a09133b6b8cca19050fa4205d71a329dd29eb160b4271a84b4be7b2d53,209688ffc4f9c104cd9395c4856a17bb0c4ab01a639f4820152de1888bba68ac
swe-bench-verified,astropy__astropy-14096,astropy__astropy-14096,PLe,v2,0ca8c285e7a779d950c75ae1c8a56a47d845351b0e803e35d484ccd9e021eeb8,ebb5a160d932b7d56f4129b5a8f9e6d558e746420177196927cd4f481f732447
swe-bench-verified,astropy__astropy-14096,astropy__astropy-14096,PLs,v2,5ffac00a7a5192f7fcbc24c2e0e08f1fb40aaed72a321d9009e6fd1e0cea7b5d,088a11114b330fb8fa72866a46ed9342e0c1c0f08bb3deb177442f33c7a92253
swe-bench-verified,astropy__astropy-14309,astropy__astropy-14309,PLp,v2,71c60d5ea258a1e4b95d70609ad5b3cdc1fbce9341e7f84902860d647ef6fc4e,7add7030be84e0668c860556bc2b2187873b0b57548912b2f8149ef6e1e979fc
swe-bench-verified,astropy__astropy-14309,astropy__astropy-14309,PLe,v2,db1a64b821bf9670d6611769779c62507782d0112acd60062a296884c1d64a4b,377e46b0df9e3422361e962b0e12eb8a922e623a0a7d13aaa7a6a464169677dc
swe-bench-verified,astropy__astropy-14309,astropy__astropy-14309,PLs,v2,c235e53c5ba03c8e03ee20f1ebab44f44d33676a7a40884c5941003d0b043774,1d422be8ad77bbfa03f73800b91c46b348bb02dba502bb61dcb21aab00942e2b
swe-bench-verified,astropy__astropy-14365,astropy__astropy-14365,PLp,v2,04cf7dd2cd29110302f4edf5f3437ccc91fba8bfd72b0fe87ac19d1b902385be,27e7b4a06bd0ab177c2a8e208dd9f69299a4f41926861a5a5496a3971bb4879b
swe-bench-verified,astropy__astropy-14365,astropy__astropy-14365,PLe,v2,2fa019d9b171fbf009c02dd1e4d66ec6a4847976d3beae49015315822102a765,f46bb6df5ae41e4cc7eee5cb737178dd6d65d66f323e2dabfbb6ae9a364bc0fa
swe-bench-verified,astropy__astropy-14365,astropy__astropy-14365,PLs,v2,53d6adb96e3d43b6f885967bfa4b672b4c0ddae8b073cf540e4f24ed5cf8b804,d876d200a00c777a23aef399e3cd3510898e71bf24601c535b01afd31f9b80c3
swe-bench-verified,astropy__astropy-14369,astropy__astropy-14369,PLp,v2,c87dd2239423691a7dcde37956a835e6da514c383291737b9ca527039d3f20e8,548fc4160b8a22d52317f043467d991764e5a49a46b5c6fde84b2d398ace4f86
swe-bench-verified,astropy__astropy-14369,astropy__astropy-14369,PLe,v2,ee8d3dacbc614e864f3134cb0d876a3bbe59a4a17bf214c20c0e193d75822d4e,31a2d9fc7d3f2dcfeca39dabc26b725a016be6c56a325f4a9c0876a5f35b91a3
swe-bench-verified,astropy__astropy-14369,astropy__astropy-14369,PLs,v2,dd6e10f7c3cda5a56101d75f54cdf872e9e99758380ef159adf1ac4478b7cffa,acf4627eb9d381ea89ab4157a61841aaeecabe3210c0a0d748c2229879b9e91a
swe-bench-verified,astropy__astropy-14539,astropy__astropy-14539,PLp,v2,aa49b1dfbc3954b8792cd602763a61bef108620d78b06e9d4343901e8f6734fe,be783826f4b5a438cdac1072534218038baeee2110b26fd0120120adc425c367
swe-bench-verified,astropy__astropy-14539,astropy__astropy-14539,PLe,v2,90e09ae132bcb3cbab03d854d7619d087d406711b23faab57655587720343a7e,775ccbb861860bfb2ffb8cbf4400f0253c929a0ec914af313ecc0598c364e88c
swe-bench-verified,astropy__astropy-14539,astropy__astropy-14539,PLs,v2,abc76f383414bee0e10b024f624539c5fc7f6d9911e4af4432a2da98be6a42b6,5a92cd7ebaca889490045c58c86f81c04eb02332f5dcd8fb338c716c144ae92e
swe-bench-verified,astropy__astropy-14598,astropy__astropy-14598,PLp,v2,6404b25a240fff044639cfb62de02f563723ba2c392cfcbf1681ccd7162a66c7,65768f79bfd9f6b7d3c052d70d00a743f0a0bb0dc102eef16c9260b0f7e7cff5
swe-bench-verified,astropy__astropy-14598,astropy__astropy-14598,PLe,v2,cdcdfb407f322d86456eaf2c7fb03aff3aee9a781bba231d03e5a6ad3bb591c1,036686736f334ebcf896bbbc97ab31b68a7912e87d339d1da508e2a9715ff96d
swe-bench-verified,astropy__astropy-14598,astropy__astropy-14598,PLs,v2,4192a0a217559c95fe386fd000352e803a5d038d35163f136c25e91187d71f44,818a6f48d5031267cd246d46969b26ab5ce4d1451001f573797990916d006fd2
swe-bench-verified,astropy__astropy-14995,astropy__astropy-14995,PLp,v2,eb6007f1d6398b825433fb341fc752d019ae56bdc0a78126af7b0b872abcc628,988fecf42b8893721e44807fdec75dd4a04f83489e79a85f8587691a5310da5e
swe-bench-verified,astropy__astropy-14995,astropy__astropy-14995,PLe,v2,b642bc4b48f31b4c1046e3a24cee94ae380a380ba2b94fae8b8490d762ae1655,b16006612fa492b50ec75b05049a6aee739b1eb401c90a3f88a29ce1333ec21f
swe-bench-verified,astropy__astropy-14995,astropy__astropy-14995,PLs,v2,0c965c8e3ee04018db4bfabcb3b711a163f462df362704b4982ac0ddc7fc63dc,1a3313c49c684d3f316a57eb216ed47d1898ebd4cc64f12ee9a173178900f5cb
swe-bench-verified,astropy__astropy-7166,astropy__astropy-7166,PLp,v2,aa562a77a8e4af5c8e2c2b3f988bb1f0e9d159a018f913d9364129a808509ab0,98bac8749f9418cd4caff5c61fa3d5e54653d94a352765195977f7e71d908f8f
swe-bench-verified,astropy__astropy-7166,astropy__astropy-7166,PLe,v2,44a2c90b21ef10f3cc7bb194af61cdfacbb587685690503d1b5bea41cc9cac8f,cc1cf3737a35ecd745257428f958e90870d54d71a761a0050bff4a95d60253ba
swe-bench-verified,astropy__astropy-7166,astropy__astropy-7166,PLs,v2,ebf9a0afc28508d45a3a3031b715a7d2270ed7578f37dd0bf9163650091acf04,e8920b0101cee7b419cfded0d2779b9165332b7d80cbfcf90503995149248011
swe-bench-verified,astropy__astropy-7336,astropy__astropy-7336,PLp,v2,759e57925ad755f843b0c47526f02c6eb84c35d174dfebe5f55fa346e6eef3f1,3108c717e5d7a96ebe433f8e61f36316bb658066248289cc4bf73a51ca64791d
swe-bench-verified,astropy__astropy-7336,astropy__astropy-7336,PLe,v2,042008fbb7c4a7d2fd90ab59d70c91a52bc02ff1ff957130035f4fbf8377f5bf,8196220fae1ae9f5ccda85cd9eec624f2828608f170f23a18b409a010e5d115c
swe-bench-verified,astropy__astropy-7336,astropy__astropy-7336,PLs,v2,30fc3ebff9e6766124affb6881890b8a55584ff7771eb9aab2b7c906742fa1ac,f79164156473ace39b3ad3c9e3344cc23c097dba21b675ae598f205248169203
swe-bench-verified,astropy__astropy-7606,astropy__astropy-7606,PLp,v2,e87701c711b286539935a602371d81af65cb9fbb9e3bbf3dc1f8a3b2d38aa1f8,ee70f462c88c5020407d39997e2f96af260c72f0cce66ce6cdfcd5556b0cfb71
swe-bench-verified,astropy__astropy-7606,astropy__astropy-7606,PLe,v2,1ccf93280ce4fbef92d4a324873a4cee31c04e122f888fcc1fb336d32b680e72,0cd02aa4f9846d588e567fee784c132d9b7f2f949764ad816a331718b57eda73
swe-bench-verified,astropy__astropy-7606,astropy__astropy-7606,PLs,v2,e463e2af25f4674a017cbab2e6b85317d01609d8b7e297760bec3e104db84782,3aa1371f2a23680f90b901dbd3eb3c3c8efb2f6386266be48175042dc5034d4d
swe-bench-verified,astropy__astropy-8707,astropy__astropy-8707,PLp,v2,89404ac24328e91f2ad7a5db7c84b6581b19445da45e0f85632f246ea6028ffd,c22147b6fe5e9d5d2670f828d72f627db73650df656ef029c301e135d99cb284
swe-bench-verified,astropy__astropy-8707,astropy__astropy-8707,PLe,v2,0877d31028a8bd8f8c5ae62a95e4ba163034873acfb1eb19a14f8df19b1965ec,8df81f78f0e0342a23d8918da211933d4febcda8a1f83eceb8583180817ee778
swe-bench-verified,astropy__astropy-8707,astropy__astropy-8707,PLs,v2,55e4aecd52a3f8f1c74ba7deabc7ce2616f8f9f3bc388a04bee97830a5d123b5,8f0083b83f5b9208123c12c758db912770acbf8cf85ee49d28a9553385b49c7c
swe-bench-verified,astropy__astropy-8872,astropy__astropy-8872,PLp,v2,6309823034c28a8e72db3f903cb209c8ea3d329186bc3009f8ad68b5f47aad13,213d34302866180499a55aa34017379a15f7d806766b847dd8c7ab20ccb4652c
swe-bench-verified,astropy__astropy-8872,astropy__astropy-8872,PLe,v2,ea52ea180e63f7319617cf0c0af71640f22f3c134ff354ddc029b3b25ddf99f1,07c64a5ed96418e840a4abd746ff62e504807a1255eda2cc0995e7830e0e3847
swe-bench-verified,astropy__astropy-8872,astropy__astropy-8872,PLs,v2,de9060d498de463b8e3b7ef4a1811f0f0615797beafc2cea3650b770a019dbfc,41fa5c50f9688bfa9cf7a88f46c067ce24f51ee86bce99cd1bdd3d5e64abc2fb
swe-bench-verified,django__django-10097,django__django-10097,PLp,v2,a554abef2e5dbf91b3a2b6afe32b6e87863e9e6b7881150b73f207d18fdc7863,2ea45835274a5392a468a734ffa754eab0caeb2d365feb085095e3d73cac7a20
swe-bench-verified,django__django-10097,django__django-10097,PLe,v2,a6249acd28b136c55a40d03d6405c8754c525f1829ac3f9f538b8df41e7ed713,b9222939e0aa495c4312b998d15a81559fee92bae92401b49a2bd9e38462516b
swe-bench-verified,django__django-10097,django__django-10097,PLs,v2,e5cc35982cc4a12593c275fa05a5dc4779deab90fc63b5416c75c4fd48794a8b,023b4c0089787b859e23df1cbbcb0dce7f8cb152d8cd05a55be26058c32b8d86
swe-bench-verified,django__django-10914,django__django-10914,PLp,v2,76f982a4c6cda8fbf73f21b0a7c4f05a8da6a814f40a564ed21d74966a3af92a,7485550747fceb0c073ddbebbb0f31c7330262642a01a84a923169dd4be720e7
swe-bench-verified,django__django-10914,django__django-10914,PLe,v2,24ec60045ce859d77eff62c7dc3d2de45a9190ace3523e7c9376d2d720dab8e8,3b1bfaacbcefdc66ad01af7695e59017121769549cb2ebc1eacf1a76ac5253ec
swe-bench-verified,django__django-10914,django__django-10914,PLs,v2,4c1c5cc5fef28f654678fdacde7b5d38d0df353c1a13b70cc5ba2cd81cd82c3c,ea8a8b897655d2d9e3fbf1f35acf5895efad15cf40b2dea709003a27361b0ff7
swe-bench-verified,django__django-10973,django__django-10973,PLp,v2,9f910e6f92ea960f18e1cbe3a801f20ee7a52a3f75bc8e90d56623ac2121e346,90eb631203166aec7de359b23e830b27d81b85d83a161fcbfe0518f618da5c78
swe-bench-verified,django__django-10973,django__django-10973,PLe,v2,e33ac55157a40644fda1cd1ae1fcba08eb0ae241ea68066de5a8d3d1cfbbfa3b,48c4d17f9e8e3b47a41134b1350b7b933d1a29e598b5553b2321ad13a38bd6e5
swe-bench-verified,django__django-10973,django__django-10973,PLs,v2,718a3203afd0e1642d082eaa9f9ff9f57d7902e1bbd0fcc9a28417203bc5f2f7,a015391c0decb3c170b01ad3a707620952ec213d02cbad95303022696a5829ed
swe-bench-verified,django__django-11066,django__django-11066,PLp,v2,fe24fe5e86f58c6008d341fb4ad784489b2554adf16d199f90cdacfee4892869,52bcf8fb3c9e0e27bddd9721d37dfe5e49a7086c9e698a164be14dd7b8d4f130
swe-bench-verified,django__django-11066,django__django-11066,PLe,v2,7aa08d9747db45830d2e20200b862c78a8bc857425e183869ce70be78f4e089e,c2eb018a272d624e8ad14f88d4128fabbf1e65471f41810440205a0aaed2d4ea
swe-bench-verified,django__django-11066,django__django-11066,PLs,v2,2192777e24c28eceb4eea78d68b678e5f65f53657560453aee315ceed205aa54,c069ef1ef8f7467e60ed09f80e444f2d7788b542dd2c27211db0facb5fa81311
swe-bench-verified,django__django-11095,django__django-11095,PLp,v2,e069d89df0eb9a9361e00523bbf1c2b327746dc9e8c484cbf1ccbedaf43651d1,c277d80fd11898aa6b43e1d91ec847e6d9ed8ba0bb7b92ec11532e94894b4494
swe-bench-verified,django__django-11095,django__django-11095,PLe,v2,be34203653ab3ffe5b15b894d91d06967e9fc2f9ae7e25267b022559a2c619b0,ce4842041af888f65be8c229fce1c76064477ba995a4887e054e9a5190027f0e
swe-bench-verified,django__django-11095,django__django-11095,PLs,v2,82368ac996bb2d8a556f0f4b3d48bef9dbe1c09b567c3a59584c58e56c2ece99,010d559cf6fa5124313b740c285f71fc93e8c0d3062e3209a1e93f23352b4b7f
swe-bench-verified,django__django-11099,django__django-11099,PLp,v2,0454f22cd9df15d0fe3837aedddb3be06f427a74d10e618e8ad337ae52965d92,813ed447d3fda8344824a7cd1d226621b19e451a1664c8a61ad85b5513d0d533
swe-bench-verified,django__django-11099,django__django-11099,PLe,v2,4970903e5a76aff89316e07fc0237fe3641453098a1fd27844fc3d6bf21e8715,c792b82faaa73fe75e15fb6e243df5f65178e65916480dce633e8133aa6047c2
swe-bench-verified,django__django-11099,django__django-11099,PLs,v2,e2bd8215c64fac77801c8af446afee3e2c13ef5233519dc5beaf3f226bf546a0,6bac2307d57cbb2f6fff410c45f576b75359a7baa1003a4a29407bf593cacf35
swe-bench-verified,django__django-11119,django__django-11119,PLp,v2,a77e3c01a60f045280bbbc93e580b3cb096215030dc46a903ac1ef2737f3ad8f,4e151ba07ecf417a422854fc7e49fe7bec2e3e1d6477103af301d26047637286
swe-bench-verified,django__django-11119,django__django-11119,PLe,v2,bfa6b1c587fe9b3e7cb635e7312d829aaacb2664a7bcd86b7fa376809eaceee0,3f1612a50e763eeeab10d0e8c2d5b603d584e62c501ee86d823f7a4673576431
swe-bench-verified,django__django-11119,django__django-11119,PLs,v2,71dc7a88b2c8359bad9eb73cacd075e722643264053663db4b4a05c9957bea94,f8be593e6062f268d781cb6407b8e4bf8714f2d5f4cf6339effedd157f8172af
swe-bench-verified,django__django-11133,django__django-11133,PLp,v2,d56afea9644eeeb0f6ee9fe635b90c9df4163fb10bfc4473e5ff3837c875a166,ca0e5550dfce8f7b44c1424b6406f036bd55dd3f9600d14a70088d8b7b315f2f
swe-bench-verified,django__django-11133,django__django-11133,PLe,v2,5d0fb28413973b24f1cc4f0df8e9d9be752abbef46d6560509c07266e2a16699,3db4a961f691a6768ce73d5c016eb42988240b39bb9338e93433e45602f30282
swe-bench-verified,django__django-11133,django__django-11133,PLs,v2,45b9ceb4cfd7b82c3abc2bc389c6d690a829c7ef41dc7fdbc92bf7af0334885f,daaa6c2edd69439cf44d62fac70364b50d9a7f59f8e04cc63fc5596def66956b
swe-bench-verified,django__django-11138,django__django-11138,PLp,v2,707cdd0ba7ba9c8d11a609fa77b7917b9dea255fabe69a9419e19f9967199a8a,16f9444f9225813847d6d871ce64fcd54b38b2ccdfd6e1b9d12779e864f259d0
swe-bench-verified,django__django-11138,django__django-11138,PLe,v2,08e396b89d8e91733f548703458bffe71efb318ca56dcf1a37b36d7f4468b018,f6aa9ff93aa5b416650f39cc35f161c39b57ea6f51f856c053ca7d410493195b
swe-bench-verified,django__django-11138,django__django-11138,PLs,v2,cdd9154b66bcd44d6174c8e48be612bac9f2096705c0c5b9cc6c0888c5a7c1f4,39b16bf10cf0dd1df5edcd1ae186d2960c3596071eb8cefd9eece3fa26284d47
swe-bench-verified,django__django-11141,django__django-11141,PLp,v2,8568d9f11dbd10915efb7143c3a9cf081f07456c189f3be6cadd7c8c934af69d,2d21a050549ae797bf5a2ea8382189a35dfb5238561072f81a699baf8783b348
swe-bench-verified,django__django-11141,django__django-11141,PLe,v2,1024edb14697acae50da2bb257e22f7fd6998fc4aab1ddae987c9de0aac9cce2,847566699b51aca6c6778a4a43ddef8eb89b6c999b4058fb5a4f8d7c1756412c
swe-bench-verified,django__django-11141,django__django-11141,PLs,v2,1ee2abdcc8defdbd9e73546a9b00946b1b03feb80bec13a16efe97b147fe8141,12ef273ab50c34c4d5fb336866118e40ed9e6d31739a24d35661e4c9a2f5f881
swe-bench-verified,django__django-11149,django__django-11149,PLp,v2,4f2ef509311e61c7ca36635748113d8b64108254b9dabd64c0fe41ad4161abdd,05959b179ade1a8cf5a3291b98df0d2ed534cf12c07a1d2ed4b3661838ae6d25
swe-bench-verified,django__django-11149,django__django-11149,PLe,v2,d32186cd85fbb863b1faa60035345e678a0f50d8a928f598aaae302cc3d9b02c,c427677b645c2b01f591c5b6900476cbf2474b1fcd4bd452d52e14677915cf04
swe-bench-verified,django__django-11149,django__django-11149,PLs,v2,91053897a509cc48484d18ffb2bc32a8c4c64a5b4c7f8bba03b11c3b0f84e3fb,0ff0170ac5a7684e7d953e5a14a2393260b376d1c55cd6bf8914d1dd71d2bb36
swe-bench-verified,django__django-11163,django__django-11163,PLp,v2,f796c8eb61ea35ba004b489c1e304bc361b9b2264a547b2f6e097fa7d75a1cf9,3ab79071fb2e6a980c6f5eeaf3fd0d196af7ab5acbc3113b45554bab9f6030bf
swe-bench-verified,django__django-11163,django__django-11163,PLe,v2,8485ffa325da8396bac80911a6b8263228d5b9b87e40000cdd8ee6fc1bb53673,7524723906042a0b48e68986f8877bea3a550fd64a891ec064cb604cd006284d
swe-bench-verified,django__django-11163,django__django-11163,PLs,v2,7757934e9b35cce9869335d174d20fe222cec31b292a5c4e2e935a7003141fc2,037794dedcb99cd287097269f6d662c18a683efbec5225d4ea098e3da1fee405
swe-bench-verified,django__django-11179,django__django-11179,PLp,v2,5300acb319ea68acad13a607e994c9bb11353600d67740efa2b46c5c34ee9de1,724ab85d3acf9b8e9826cd53bec0577cee9e4ef9428bdb3e16e81feb1680e41d
swe-bench-verified,django__django-11179,django__django-11179,PLe,v2,6ee116f463a7beb40efeda1c53ce971e597e02833aea8dcf6cb6221c3065cd5a,6c335805505ce7c7dc4f7abb08727770c3cb6d36573aa173d1f9b05a1ebbab33
swe-bench-verified,django__django-11179,django__django-11179,PLs,v2,0814d9f9528a4a486b84ec7a8796a6d2fa1737e255bb76bb6133fa9aa15bbd38,ca95ea785b990b07afb47e6d15b5fa5e4f7a8d6965ab290e98871f4dd2217245
swe-bench-verified,django__django-11206,django__django-11206,PLp,v2,203c2b12b499dfdde4ab288a810da52327b41743e195b2939f11ec136ac2a7d3,da4eb539882e3d833d65f4b62b55858bfefea5a3835f540fc04a9288d6ac7ee3
swe-bench-verified,django__django-11206,django__django-11206,PLe,v2,7a8cce7ad3209a144413aa07db6f0a126ff0ca667b0a836c58c3ad66e77c8172,4e78063a10b8cbfd94281bfd148f2aedb6f040d1ae3fa15d1790136b77cb0e1a
swe-bench-verified,django__django-11206,django__django-11206,PLs,v2,6aec4d13074b4cb4e646338d431a9f5d7cb22949e83e1bf8885b44c8ad18a778,1ec8588732273aca4b16a9fde016f9ae01ecf97e05dcf2bdfcd1c6f5c980ff36
swe-bench-verified,django__django-11211,django__django-11211,PLp,v2,bdfcba73fa1e145365aef73a24ee42db9505623240ac4ec2f1b7d180d9ea690c,89a60a358b4f9bd97238c143a1b4f0037297f075ee432e951d39d83055147678
swe-bench-verified,django__django-11211,django__django-11211,PLe,v2,763086c57029585d73175251972cf3af123ed6600fa034d85977807032647e09,3daa1da9c3d0acf8ad0acf61c23f23f9b9276ec01f51b3d8289e1262db0b036e
swe-bench-verified,django__django-11211,django__django-11211,PLs,v2,523c3e33c3447322f306ec3a718c652a12b229993cc8922a1522cdff5682565e,69bab1001a0aed98a1b3c4e870f2388a8f062af30406da02cb6bf6731e56bd1c
swe-bench-verified,django__django-11239,django__django-11239,PLp,v2,652a8220a6790c04eaa9001e2f2d536f21896500089d22bbaf01475b2cb1be8d,f545050696d6cfa29625413cbd5e067f9ae05ee9a547c79d366b6fc6516b65f0
swe-bench-verified,django__django-11239,django__django-11239,PLe,v2,605c91f4873daf4ad2e98c337d856ece532db185b1e1234c6f02126c03818bef,ea738f0349bc62889aca1827597140c6d56d6f990ad0bdfb4921b355843146fc
swe-bench-verified,django__django-11239,django__django-11239,PLs,v2,36e6e47de898a3404cdb62b2211768c099f22c6a386253440b53ae05e40ed681,39cc3b2b62083fa484606ec50805987012db82be90443c0be568e75d4dc397bb
swe-bench-verified,django__django-11265,django__django-11265,PLp,v2,e7348fc6bb84eea216e9fab50e62604fcdd99c663d88f2441f546dc963b0faf9,89f2cfa5704496e496eb78d900450e97b987da9a1e9f16f8635ad94212a862f2
swe-bench-verified,django__django-11265,django__django-11265,PLe,v2,f48dcafb439e777d789b7dbacdf235acbbf9d316157793a09a46824050393d5f,d8dda8834cfa2bf0888ec364da6b8b46adca0e1ae747cb2447670daf6a2df6e6
swe-bench-verified,django__django-11265,django__django-11265,PLs,v2,03807a49492f4deba8c6efa50c1b4530708dbf348bc77a189b328fcb349a0498,9708580cd8f86b3e371bd6bd01b9d68ba1e30c28e9c81359f280c47d657242ca
swe-bench-verified,django__django-11276,django__django-11276,PLp,v2,34104514c6dd8968658774bff76998c8a2b10af2629bcaa6b2ece3d40c8175e0,21772b8fae2b29ab2dc6d3d2a103213cc1f319ada6a29a3533bd1590ae5c42cb
swe-bench-verified,django__django-11276,django__django-11276,PLe,v2,d0a8585a2b9b821ea3507e40fdcaa71b61f2e9e82e32a9ca5718303240e38486,dcb4e57fe8f357a00bb8132ed0aaa43ef0e76b29086d43e0cede955541058e8e
swe-bench-verified,django__django-11276,django__django-11276,PLs,v2,9281a99f5babac6bdce68ae72dc787640db7184aa36d424588e6398b900bf6ba,f02eed2c2caa97e917d8a5ab8ce63bb395f9ab64787e6ca1433bb836fa26b6a7
swe-bench-verified,django__django-11292,django__django-11292,PLp,v2,aa77daf5d7289232e2b8584444cd56a9565c99b5895b4f2d2cd2a4d2b2f8b3ee,24836eb252ce3eff3e3f499086b119396ecb65705a0290e5fa5a2757b37fb605
swe-bench-verified,django__django-11292,django__django-11292,PLe,v2,dedb8dc395e6362e4135199ea7d5f309f58a5c67f62832e0c90bcdde5fd28a05,b8f54f65d6115a369e03ddb41d902e2bc2506b80c4b17f2d4c00e5e9b061cb75
swe-bench-verified,django__django-11292,django__django-11292,PLs,v2,43f79c9a78b1f5b05fd4770232cafeb945f21ad51527668daadd9104ddee7de3,b3d9f094e33ccdf9e79f7db179b69b064c735c517f4a093762737617525134e4
swe-bench-verified,django__django-11299,django__django-11299,PLp,v2,f628e7b97ec157ee7a2bb9c8676da70a1e2a23162733210fd7160105f552ec02,49e342e508fcbe4b4a915ff201b68ce004d5a2d9db646fd637c65e702b950eac
swe-bench-verified,django__django-11299,django__django-11299,PLe,v2,13910d9691729dc1d7edbc9200075a21da1b1b4a78228edac8bed96642d663c4,41838f4ce249a6ba072fc3cf59ba8802a3c55b2cbbcb6578a0228ead6d5a6fed
swe-bench-verified,django__django-11299,django__django-11299,PLs,v2,a98ee358d5c29822f4b45a55f898df361892d17cf61d3c4c8f1f582097576513,64588b88f8a99f4100f3178601fb341d0ae8c49a71ccd508b71ab1da48d4683a
swe-bench-verified,django__django-11333,django__django-11333,PLp,v2,a0b8266e9bef4bbf1c7b2e6c1a5fc37a02045cde3424656490cee9ca84e7f340,978cfa2526461ea2aa61baede4dfd13aacc4009acbebf676618faf37783ba512
swe-bench-verified,django__django-11333,django__django-11333,PLe,v2,e9937d46a548c6051c4cd58f95e20703c9f96804f92de6d7864d764770c758e7,dbea702fa58dc81577317a2f43ba6c4ffa026e33fb0e3ecd503b34d45acc7640
swe-bench-verified,django__django-11333,django__django-11333,PLs,v2,a9d1afdce19e985377f72b73a98d687ea46c6dbb9afffc75e21237ede871037f,1e04fd47a5f7d2e8c06958c695e10bed6dc9fcea57c1ddf2ed485609dd284708
swe-bench-verified,django__django-11490,django__django-11490,PLp,v2,9c9f2b56c72f0a6fc79f4952e3477d95a7d543bfafb5214ec9b134807e950233,7f51df8bc142e113d8bfcba9aa9065ecc878109d2fb44ab7e95daea4f939f516
swe-bench-verified,django__django-11490,django__django-11490,PLe,v2,a292526797dc3a07dcd4ab202fe6fafc8c7e316d5513f1e8f7cf7731759254ad,f9a4bde7f9054f87c867e9187b097800ba27cc5e18b3f803bfd40e456e0c64f5
swe-bench-verified,django__django-11490,django__django-11490,PLs,v2,9acb86f67d18f06c0e6e742cb874065636681d1b7fe26ca8ec2a396b72fc96d4,bae817c72dbfeae628add544d7088b8be8a75697ded91d4559779dd65374863a
swe-bench-verified,django__django-11532,django__django-11532,PLp,v2,e476fab173ef55eba16d43df068828e9c5fdde9a497b5d864e67ca0993f1d8d7,6da78f72dab693b420bf559b75fc0e9e8447cc109b30ad9c1afb5e74fa81cabf
swe-bench-verified,django__django-11532,django__django-11532,PLe,v2,f6a796bcd4460499c29f326f857153aadb6fb6e6b095a86e71f580358d124e7b,9111a4e6d14947c2a527a0117f15d72c6452952a962f10387922424796c08346
swe-bench-verified,django__django-11532,django__django-11532,PLs,v2,d341c6a46252a437fe6f793b5c910a9b82ea3e1c735c9584cafba19fff9fded9,18f1f61a23375d81c76bb086065de5f5432acaefbb4b0aacde8d92faa45257cb
swe-bench-verified,django__django-11551,django__django-11551,PLp,v2,22d1993e74c7ee03daa9f92cd14effb9fae3999f11d05b0f1fbc5d3e85bdcaba,9cac0f7f73b21c7c8ffd050d202a88400aabb12784ff468a7bae19b2629e765d
swe-bench-verified,django__django-11551,django__django-11551,PLe,v2,224858269f88b76e4ed2adc190b355c3769a257ea13d1014c0a35caf206cd93e,3b3c6ebbbb75bed3280a441000dbfe7ff2ac18a5b5452b2c4b65942cd0273fe4
swe-bench-verified,django__django-11551,django__django-11551,PLs,v2,a771dcd40af1cd881de23bddaf174e4bf8ebf0468106f40d63eb996fce84c78b,728b99c9e4279ebf96a70dd5635e7bf9c6d79e3a7ee2a7268ef522686b2f0468
swe-bench-verified,django__django-11555,django__django-11555,PLp,v2,5dbc50d1a8ef71f489ddfe6e9d770419ffd3b2729c79ad7b0e634c23771f0254,6a3b209cba8828566245f7c81d11cb737e3edac71a969570fc081ec21832ba11
swe-bench-verified,django__django-11555,django__django-11555,PLe,v2,0f5ebb65f4153015e6f24b7a10f35f6c77b518db962371678f9be5531882446e,bc78db855e6ab5317d52995ac57aef59ccd00473e46b6c54f7f285dfa1df26a3
swe-bench-verified,django__django-11555,django__django-11555,PLs,v2,9e7b3c006febf311f05180fb2aab24c14c6e652d70bb80d5391061e5a777205b,0c71a160292eac1c590eb8534a00678b24f28c33f48e1e67e052d423fefbffa7
swe-bench-verified,django__django-11603,django__django-11603,PLp,v2,5d2ee950185d7a0b1eb32605c4bfb4688c46c0f9fc1aa7dd7cff916ee786edb2,11be12eb390791e32c4a556f8c82517ae83b9e51fc57d02ba1ddaa76397b0e32
swe-bench-verified,django__django-11603,django__django-11603,PLe,v2,3c6146a88d3b72275e9668a246576ef27c323f324878729d8e5493565048ec9a,8b6d42e0d4f7ae8f5c1f9526fcc8c0734810c30a0dfeb00a724b4bd2e161d00d
swe-bench-verified,django__django-11603,django__django-11603,PLs,v2,d030133a7f9c33f73fca5d0600a44aff969a5f127a89cdcc9f50fe0c9ddd8176,89064a6befb8b26c29fee8416fac4761c1f70c0c5efb5b8bc27c8a41625af12d
swe-bench-verified,django__django-11728,django__django-11728,PLp,v2,e6e69438c66bc825ed3f5ce2dc4971e0e64fa3eeb31d759f6a0e326cb4982907,57a6d06ff35030ab0cb18af526fb7d2268ab9fcb888940dfad722b0b91b4404c
swe-bench-verified,django__django-11728,django__django-11728,PLe,v2,f0a05a1e3c3d9a527d50a5c6632d015152d130bc8f7d03fad560e3c541ab4e6a,04b2873aafee750c704018581726edd013fc90cd27594cde6669532a744589a5
swe-bench-verified,django__django-11728,django__django-11728,PLs,v2,04ccb2262181d5821eb286bc34ee5c167c779dac7663d28a1e5c95d28d88f1f5,869fe9643c7ad638530f725de8c4cfd0bff7801b1c271d0e1dcfd53dc0a9652f
swe-bench-verified,django__django-11740,django__django-11740,PLp,v2,b6dc222d771f1cef46f24c86ff615f6a106c2118a046efdf10e0c89a00b7b04e,c2163e9104732cd104c7e610cfc72c2d5b36b4004222725eb7c2c450a11fd054
swe-bench-verified,django__django-11740,django__django-11740,PLe,v2,05592f9e68dbf72a7fee26400888a6db4612589f8b35ff21539a9670a3f8ff24,cea76628cb43683f343ce92f9292937e1898ed14caf4c8209497a8910b76d4bc
swe-bench-verified,django__django-11740,django__django-11740,PLs,v2,902b88b3729189f76c32c378b72c2a2fb83557ba7b04c8a58479009ef4bc0e6d,bd82c1527cd6cb2ccadec11a353129cfb544ef63e993832fcb704175c23793dc
swe-bench-verified,django__django-11749,django__django-11749,PLp,v2,e19f85aeb8e9bdab3c45c21ed430d2830da325daf99358b07906a3b57d695fd2,492f39f394da6ab0599e1326881c3393bc8c6f9c061cc3a0d22a1bd76d205a89
swe-bench-verified,django__django-11749,django__django-11749,PLe,v2,d1b62c276faacc0218fa9f283a9b77eb8c811c4a1ab753e6d90da8343e9265b6,3c9a97093a8756b8dd8c6ec03f2abe9057b4843cd0cbbf4ceb6446a4318df016
swe-bench-verified,django__django-11749,django__django-11749,PLs,v2,b0c5385a10505c8b64f22f929ca698437f7e7c4cc5a87401ff037e1551fc9f2b,6c2c0b13727c9a9ff9d985a8a4da64416915f16a05b5d83ddcb9f080b0df5277
swe-bench-verified,django__django-11790,django__django-11790,PLp,v2,dbb1895d5945746cd0dd1746bfc9a79cb9e7a2fd54e8d43626d3a5edb5cb5a88,110ced0fb56faef1252e2f583bc28492227c77ac15f630397568f79879c92193
swe-bench-verified,django__django-11790,django__django-11790,PLe,v2,bec1466aba8379b95ad27dd0219488226f1ebb308a4c4a176b812c086c8b2838,2bb16f604539da0bf5ac83fbbf2a3e843f76ec70e67d353b05d1478a7de204d2
swe-bench-verified,django__django-11790,django__django-11790,PLs,v2,d144497ea2affaaadfd88c2c6bee3da4140d324314429bf93981cbbb798144a7,8761c01ccca459a050c12a4dd3077a6a5df52c5ea3e20300ed83426fdc7fae3c
swe-bench-verified,django__django-11815,django__django-11815,PLp,v2,dc6647558ae452bfa6eec6d79179d1f219fcb63d9c562719fa16c5838d975ecf,0c24c5111f2f04dd47b303592c93aeecd119cdbc58b73b82684c7a77385249ce
swe-bench-verified,django__django-11815,django__django-11815,PLe,v2,143801f2aa25222ca2974bdaaba2ad07ff5bb58b55c65c20b478604153645b3f,7c5e69cceaa8af45b1cc3453dcdb97eda30e38afcf2d333a20a92dd6c83d7544
swe-bench-verified,django__django-11815,django__django-11815,PLs,v2,fe57d6baa6e09aa07a5c19776bb34fb9c291a918b4753b82b66d1d495e2e6840,7465391a63508d1b5c1105f348c69e3140389a5ff3817ea6be032efab011616d
swe-bench-verified,django__django-11848,django__django-11848,PLp,v2,95899b757d55876692c921e596401cf11244e615f327a7a9a036bd90736a42fb,acd7c1002805b07faf78336acc9fbe1935d1260d673c35b76a3ba1980823c9cc
swe-bench-verified,django__django-11848,django__django-11848,PLe,v2,849d907823bd2d939d098d231880ebe4e8c055ec1112eccee206c054c1de92d1,f15a0893b268794a4cee53ed4f602dd7b07e1cd4163032d58ba2fe450c1804d2
swe-bench-verified,django__django-11848,django__django-11848,PLs,v2,90be8f680bd899ed3ec5be07aeb374f8433d76934e68135a8167f08d98f4948d,31c6bbcdb729b54e19798ea879563c15c68982b4ada051c25bee21ec5036aaad
swe-bench-verified,django__django-11880,django__django-11880,PLp,v2,6e35106dc78d0790f9b5f4f86c1d91064d872e5aa827f12b76b57339e4d9e60d,911dd4b1d4bc75d148d7580843b393e9619a883b536a8fb404cf253ff74821b8
swe-bench-verified,django__django-11880,django__django-11880,PLe,v2,5a76c6ae572b790cdaecbdef3c7531d7b30d33e81d4ab7b33cdd00a9a6453657,217beba4d8a1a31586a3d478b47ebfa5375f52e2ee913f83223722a3bc8803ed
swe-bench-verified,django__django-11880,django__django-11880,PLs,v2,9f94036ab2433563cb476825de949a5c17c4b7e29466b326b54bc9d843ad93ea,1630e0396f37bb80ac5586ce5d0bd42be2043901298e40e2322408fa6eade983
swe-bench-verified,django__django-11885,django__django-11885,PLp,v2,94e99b68d1fa1b362d12e0b60b72b64664aa37aeba8b5be30534b3f90986a426,a52c7b0a0df202d75577763fb261ef025858b4f27d570fa930188533a26cf6c4
swe-bench-verified,django__django-11885,django__django-11885,PLe,v2,710c20cc3e03b1aaec1b1d2289b964e0c8dc789a837a03d42a030e660569d283,034b1e75caa0b1d1e3274952eb2c0b0848d4ae1ff6f98fb0b408bd00f774e0b2
swe-bench-verified,django__django-11885,django__django-11885,PLs,v2,8fc27a5de89c9ba05053a74354ceaef336425ab83db0b452f86ed2d9386e1178,fb9c29dd3a0f89e2e09d8062890a1dff1e536d662af375c628d29bede4a8dab3
swe-bench-verified,django__django-11951,django__django-11951,PLp,v2,9927b3dec4dacffa6cf8556ccd206bd085c34e8b8e5830b3bbcbc213e630b03a,e9d95ffad3b4a87c55d2fe384b2dfec90529466dd80f5deb0171dd5ebfc162f3
swe-bench-verified,django__django-11951,django__django-11951,PLe,v2,b2a0c4c6c03324b86006d84adc9e44f79b68eec2e0c61b4b88a4a588696f26a9,138463e2ff3ba657654193816c9b6456941a1d67a44f0e109ee0e1212065313e
swe-bench-verified,django__django-11951,django__django-11951,PLs,v2,4d18332350b445acd996a62307ebafa6c1a28cf2013db246086a7353a5882949,64c3fe5130a4cf0fe7b4682af5a6fa43edd6b5a54895524746af431942e556ae
swe-bench-verified,django__django-11964,django__django-11964,PLp,v2,e02d58c826c7e74d0cf28fd24d5020fe0dbe2d2ea92ae826949a33dbd8cd7ec7,6c1864fe5019a0c7a2e3f1ebb709be99f6a25af97cc0b3d40b5419bd6a549daf
swe-bench-verified,django__django-11964,django__django-11964,PLe,v2,af453c712a84250aa47fe66ad84869f4101337190f228ae7cf5e310a75cc171b,57b9db88b43eee8a959d70c3821d082238f0e45ed70e25f831f227c2acf7339b
swe-bench-verified,django__django-11964,django__django-11964,PLs,v2,491e28a3e6d663c5cf87e33ac889dd6be230d6b9e851aebd28b9441ea631cba8,211def4b1928f60b7eb3765c2f4989b675489a321a09e7236f0c329d1d46c1cc
swe-bench-verified,django__django-11999,django__django-11999,PLp,v2,fc33b74db0ae116f1a4cac12bc727b3d5d72ebc56352e8715cd636021ea109e8,ef5da985e9007be90c6ec68f995298298111d35d21b2c00d5d49f9eef7d674ca
swe-bench-verified,django__django-11999,django__django-11999,PLe,v2,9a4e0ef9ece33791d873f41ccbcfb264ca110b2eba070eca140c05062e3ed13b,9ba0968a21b477eef4dd6467d476ca354f37dd62f378c61e10b2c80bf871c5ef
swe-bench-verified,django__django-11999,django__django-11999,PLs,v2,bffbabb68884b8ad2b3709ed26ca80b5bb6a4f89c93f71ce4e127851baf67535,0e0094e8a031c9b124aadb2f93bc424ded5dd0cfeff57228e878b57d54e2f3c6
swe-bench-verified,django__django-12039,django__django-12039,PLp,v2,c8024567d3345d6101fdd9c78cbda6a81386d1fc0770408058be9bb05b80759b,b14f3ecefb0bea0c6f5f58bf64b32b2564c7475064a29033cdeb2d6871c26395
swe-bench-verified,django__django-12039,django__django-12039,PLe,v2,033a103f2ce05eeafe79cdad6fa32af9b969f3b7a5863b9682a227acf8320ba6,4750b21f01f1e17adc926a6aace609017b2d0e53232569ea710b46410bcf33ee
swe-bench-verified,django__django-12039,django__django-12039,PLs,v2,1420c52937d0d3ef7ddd80630eed4df5d38a6aad6baba02bd89e2fcbf8eb218d,2ab19d032da298f8df7b8279119918f63455d36d75dbe6c923c191374579e03d
swe-bench-verified,django__django-12050,django__django-12050,PLp,v2,6adb0695cffb39a82e2185ed98dd29582f194f76f54af02810855c67cb478d7f,8cba6205e992043c2110870715d407955e573273d660ed7dbab5c5d32dd6e0ad
swe-bench-verified,django__django-12050,django__django-12050,PLe,v2,db3cd148d6d706cbef468af4653f9fc6f774227fa74af53b6653d0fc1fe220cd,5962d403b79c669d4c1bccd556300f1762e07670b7e7453eab5183757364d29f
swe-bench-verified,django__django-12050,django__django-12050,PLs,v2,d2ebfac86b041d66494096da208b66358413d6ab53e4ddd937f15db8acb9aa0f,4bee45a7a3e0fbb3b55fd11ee2082cbd1548d2cb2902c3f32578a5472688cee5
swe-bench-verified,django__django-12125,django__django-12125,PLp,v2,adc4f51d8b349b3288f5883d36799d870478178ff0e4ccb22c7dc0d3882a67f4,ad07f1b700a9bac6678b5b0fc1a3138f16f2b216c2b46ab9cc098ecc28cada4a
swe-bench-verified,django__django-12125,django__django-12125,PLe,v2,e4d7030c1f48e47918a1c3064145ff73a12e3712db961b747eea5cbfab4c6764,c2e499d5d60feae1a79c5c16fd8f663f43c2079297c0726b66d06e43a43533f5
swe-bench-verified,django__django-12125,django__django-12125,PLs,v2,6c3d330019df02cf6bc16f83ccba46bfab400da81ea052e6f8ac9af1c49b5fe4,f4d950332faa02919e53dcd2831b974007108f36300dda3d417e0e11b2c6d233
swe-bench-verified,django__django-12155,django__django-12155,PLp,v2,193feb300384648041a6774f850fe8f02ca65177ca00f76d60982c5c2a2597ab,826cbd8f2c7a1e8c4df741a49c8deed42e8767f55b3148f472d55535fc949613
swe-bench-verified,django__django-12155,django__django-12155,PLe,v2,9571ed46b04ba43be117b02da20774510b291c72dd4bb81d73796819e12d73ab,cece3d357837e617d56b4371585c17cda4b73cb20e2866da89aa1480770d045d
swe-bench-verified,django__django-12155,django__django-12155,PLs,v2,fcf5b67087197caad9945de18a9ee83a98f0ee187a5ec421f95eebc48d545d3b,57ee8c1cd7a37cab7f6cc97685617911f51743ddce4b07d337d9b2048d28c1bf
swe-bench-verified,django__django-12193,django__django-12193,PLp,v2,3b095bbc96da666b124c3ce79d4bfe2b483b732906aac5aba02d69869ce6b607,820610e689b6fd04c7b868c9f77e7920c47b8705644bf3f10e2015cd8fb78f03
swe-bench-verified,django__django-12193,django__django-12193,PLe,v2,a910c5893fa401d99f2c4bc582d085d4ef515310b533a1bc9e11967db6320831,b22e58dca7a786b347e66354915128ef4d2c6cd15294126a8a79b8ec67544227
swe-bench-verified,django__django-12193,django__django-12193,PLs,v2,4a9069eba079d4167f4fc1abb4de9c9103139c488e4793d3e35a8bc8e3a09869,77740c916e0ebfe7db88c671e1ba5f01d59e023951f52b1348650385c054af24
swe-bench-verified,django__django-12209,django__django-12209,PLp,v2,a669bad0cc889c75f66b4d93d828277b95ed9b578285f0e1b9ac06f5e3b007d0,0a8a4caa1c6c4d9ae2aef5444ff28bd7859f5dbd19d31163ad915e84159ac040
swe-bench-verified,django__django-12209,django__django-12209,PLe,v2,e1dcfd832cc1a87e895222a6b334cfbf48e64132784d7b81acd45cbc8e63435c,2c42e485c75fd63095862722821692a984fcf22c7fd42e50d843be9a41c18c56
swe-bench-verified,django__django-12209,django__django-12209,PLs,v2,61076979d7a8fcc29562413a89e6d7753328e2db640183daaa8aaa485dfea060,4d3b981b78a26290305898e4a05c7e6e862e5a2e5e307fe9c32524b142c4b087
swe-bench-verified,django__django-12262,django__django-12262,PLp,v2,d77641630d5c521793c2e20fa33510a87cd367471026ec8e5ca55f9af5a30f94,db3732e1d6948018646910dc00d67e615b2d3df967b7d53e8daaefcfcc662eeb
swe-bench-verified,django__django-12262,django__django-12262,PLe,v2,034c38cf2104379ea928382fa61ef7d0327edafb03ff6c1adedebe8342100a94,2d70a0920cdcf45efc36d0c8832de805ef5f3f3d539bf82878b54572a96718c2
swe-bench-verified,django__django-12262,django__django-12262,PLs,v2,75f09687ceb448913304b7d40f027e5b35be2160f5754fcb5d2ea7697d64c9f2,0e1848a085fd9eee0673345eef8b26c9c7b70fc76a85b4ffa52783bc2f0ac8c6
swe-bench-verified,django__django-12273,django__django-12273,PLp,v2,c36201af071bd823065082928e1570c1e5d2d7ddc99b227cd1eec748ffa4a6c5,6bdc295051a024735e9169c9670f400781f5e1520ba98ca8bbc9c35e5b8e07ca
swe-bench-verified,django__django-12273,django__django-12273,PLe,v2,452e74e9476db10a996048a1c27bb07c88228594e4b95ef91c26fa9a9844baea,27a01dd7bc5b1b5d246fddf595250172b3f2b6618c14b040cb12e27955c19112
swe-bench-verified,django__django-12273,django__django-12273,PLs,v2,0d411e498f5ae1491c43888ecd7fb96aced41099e9ddb7ae2eabd5d1101c7693,5827212afa3ceb81dd49a072c0e867ced6c66a282514ab30fcb95a0c815330bf
swe-bench-verified,django__django-12276,django__django-12276,PLp,v2,178884cbf264c351bd889cb6ef670abfbd7fc4f6726be1acbea863c66bc594bc,91d609630e3a3f465bf955281f0bc4bc42d91de0ea919a6bcf6480243a2968ec
swe-bench-verified,django__django-12276,django__django-12276,PLe,v2,723870c13c619fae0c283f8ce9fba36918e52dfb9d92cd8cd1e13732fbb03c88,868e5a4dfa46217545fdf2de4dbd9e93323ec949357719885f8046181d15d4cf
swe-bench-verified,django__django-12276,django__django-12276,PLs,v2,4155cb7c7d2feeacd518f437d07127904e05400e465efc567a1bd2e7960e8294,2cbc6974c4f8d00f064f821f2b9a9a922255ff7eab020834abff5f75d4e09fee
swe-bench-verified,django__django-12304,django__django-12304,PLp,v2,af0b624c51c3a665a088c823697016d9404f2455ec83d096509ecb8dd5d5efca,a9259631329e69289d8635440af738f3eb4b41437b8d61699e18534af4cb35f8
swe-bench-verified,django__django-12304,django__django-12304,PLe,v2,a9a54568f419909c495548f1b7a0865519ce27ab1d8e551fb4c90e2ee800949e,26e416c9bd6e55d4ce5a7ec5f386c87228939ebff503c960266fedaedb9a377d
swe-bench-verified,django__django-12304,django__django-12304,PLs,v2,33fc309a219140ec03d763741efc283e5c9f2a2abbff0a5fa807152708b0b6d8,b9c16d1ed275f207a75bb2303124185214b7d6f9e70b190183571b8f92722bbf
swe-bench-verified,django__django-12308,django__django-12308,PLp,v2,34bd72f8865b541f73f800b6460f333c3007e3d6ba1fbc98d55814ba2262575f,e26cc57c3aab37a7cf3df55cb084c9ea6d1dc41f8a7d6401a2b257e5d5b10c68
swe-bench-verified,django__django-12308,django__django-12308,PLe,v2,da014550db16ba5d6c1706ecf6f8b48390cf60cc7307646f5246e6a3fdde4c45,902f2f1e2e065e9a9a2368a69b08201e5cfaff53f24982c471baaca52afd76df
swe-bench-verified,django__django-12308,django__django-12308,PLs,v2,e9cc8fe1ddb9ff9293f1fa27de651b05e4dfa32c7f6e978ee51f24c6b211f71c,81c81206f37eeaf552c263b4f12ff11a2a38f7a599a832f8b9b1aa5121e1d089
swe-bench-verified,django__django-12325,django__django-12325,PLp,v2,c6e478eb1a464fa9d91ccdfb2034cbb588b772367b394a05503af963559d0096,03186cbb5e86ae9de537826b722b1056f96e96d6044183f7ffcbd21561f69356
swe-bench-verified,django__django-12325,django__django-12325,PLe,v2,ecbcd43a9e6526b1d383584501ca0c40ac752a7bb3efac335c23fda033dce1c8,4c891da7442b584cb6e39736d30334967413bb0bfa225ae0d728fcb412f7068f
swe-bench-verified,django__django-12325,django__django-12325,PLs,v2,f25c40b924707bbf661d1df694acaaad926b843a15b1b1203b22ab6f2ce228c4,2cfb589f277f6dd58dca4b186311c63b14d980b0500f5eed944e3df141918ab8
swe-bench-verified,django__django-12419,django__django-12419,PLp,v2,123d0164d2ebd73a159da559596236aa1b64d28e82e9b1adba4c92fbeaee4d68,deff67eefc1ca02383b7465716021821e6bc3b72322fc16be49dd1f0f84b4a1b
swe-bench-verified,django__django-12419,django__django-12419,PLe,v2,e4cc6a181d5c5ef9ac5f925da2b0c9fb5f3f0d9ec69800432988258607dcf6ff,68b2e5b65ca9b43d1162597df2c13685863efdc61c2a1ad7b199d8714f824a77
swe-bench-verified,django__django-12419,django__django-12419,PLs,v2,8a23765cae891819dc8c59f14fdb1db0f142d8a4650b8dc3a44aee97739dfc56,3164cc03740f963ef5f4e3aa71fc0a72cdb6f9c22f7056e6d004dd5ce5634d87
swe-bench-verified,django__django-12663,django__django-12663,PLp,v2,9ce0dd07cf01579cbd6c5ff0bf4174364f0e70f0d7b1d5270550965583a30491,93e260bbc2d5c8a2b163c4f8d50b8a529dca177d98c739647d7cafc996d6e2f1
swe-bench-verified,django__django-12663,django__django-12663,PLe,v2,852603337f5314bf2a7ee95485d0a7611a4b5e47516d9dac6055d3e052d5ddfe,ab8f52f202c9ad99e2dd5898a1d37090f6bf199baf3e85f3a3e5623f886826a6
swe-bench-verified,django__django-12663,django__django-12663,PLs,v2,4005fbee5b0697595a632e5a188c63432432e5cbf52271d020c25c301b03afca,233feb63ae6fd0419291597c47c0d3c0875e22a20248cb26788ac6e2145f6b34
swe-bench-verified,django__django-12708,django__django-12708,PLp,v2,98bbf23bdcc62b9398cb0e76bf6b1b8f6ff1c61010d5b24ec85265aed7f2bcc3,80c26b7c40d8fe8e7b3f71a0a679335b46a9735433a1641d987f852fde17e256
swe-bench-verified,django__django-12708,django__django-12708,PLe,v2,30965eb4c166f0dfce6bbedf5627feb43923b23128344bc01520f142d8f109e2,6d945b5ace8a1fc03d55a624ad07b89d143b0f2f8d2fd74e06ac047b7ec2f0f7
swe-bench-verified,django__django-12708,django__django-12708,PLs,v2,623f36d7ac5d5ee3addde3cd60d9b6bd77c5594ec37c4d1e5f2452688afa6449,73d25c1796f1d9856c2e41a66bb6d0958b954605b2fd5bab4fdf5ff9f86a59b4
swe-bench-verified,django__django-12713,django__django-12713,PLp,v2,fe7b0749409b2f5e8c90fcc3158bc6cb208ceb8f77f9d943ccd86f56165d3bae,a22ab01ceadf076b117801c3c91b4d77f64ebafddb78e6b56b2237440681e5ea
swe-bench-verified,django__django-12713,django__django-12713,PLe,v2,7c8ff2071112bfe79119b610a67b7dd1852f3649f8a97fc64b065f3a86510cfb,3dfef6b3ed967d83fac9b304335a97d8baf1c67e802f342de2f2234254d37aeb
swe-bench-verified,django__django-12713,django__django-12713,PLs,v2,fdfe11f7c8a43ed469da37368e0a661893317cd5c1d019782ac8ffe0de1ef89b,b0113c39b95560613f1a14117ec90a6ab136b5622457b529033b83617552d675
swe-bench-verified,django__django-12741,django__django-12741,PLp,v2,76a313fdbc4f85a12cce622a6a8e4ae813965c5d8d36c8700fb2169a21e3ecea,300a7fd6a9bbf912fc9506f8114571913f1a8f7c23132e0c9cf1e76473b60917
swe-bench-verified,django__django-12741,django__django-12741,PLe,v2,87a4334caf9bae29d6c0aace3bf0df5b831138b8c61234e7393442912098c2fd,8f8b72d0072de3a150f244a6b5e77804b31d94af3c9dd62be4fef5b35d5c22c7
swe-bench-verified,django__django-12741,django__django-12741,PLs,v2,1b544b3f7bd3705175f681b7ab31847a122ce43a6c91f002cb13b644e8e564a2,39af2fa5ca2548ebb92638f5edc6860d2af5c199b61d512366812ea64a0589e9
swe-bench-verified,django__django-12774,django__django-12774,PLp,v2,eeb44fc94493d798e791e951621385d0a8bcdbedc80853b04bb52f4a579553a0,db4fabfa68f390670d55e39fe893a98b1e7d8ecc61736774c2c0f21a96221ac8
swe-bench-verified,django__django-12774,django__django-12774,PLe,v2,34c7a47f8685f90147bad0055ece0ab97a4d55aa410d70e32ef99bba8a1c1bfc,2eb49d5bb125a6a2b2fc66ee85e24c0b122888168d6754bfcc8fa1014fa515e1
swe-bench-verified,django__django-12774,django__django-12774,PLs,v2,ad82b12d08e6d6e4689d9338efbdcc4395aca9bae41d6c989c32c1ced089fbb7,475dc75087ab2221e5f33a766f788912495f13a990aa7643c8e21510793a5a03
swe-bench-verified,django__django-12965,django__django-12965,PLp,v2,1e0359260c9f5b3b2e215a5ed4d12857a302f0e8d9f0984ecad3aa4f783abec1,84155f843aeac58939fdf4cfb67da2bd63cb598bb114a6b24ef44b2321dcd62c
swe-bench-verified,django__django-12965,django__django-12965,PLe,v2,79ae8b56eff926c2686fc85454d7074217cd3080af8a258f7db073416f2b3ea2,0553a02e6c9e0a2b188d0f9c9d88025b2f8087d695f2f19b068d5c9fdb73aade
swe-bench-verified,django__django-12965,django__django-12965,PLs,v2,6bd5f48c87be696055789051877f2ea25c46eecf0347b931b6fd2c95df91cad4,fd7c727667a69438573f5addf23c8e9adfe4a6293dffeaba9c664c0736bdc2a8
swe-bench-verified,django__django-13012,django__django-13012,PLp,v2,0c098dbca7f48fdcce48606bf856ca2fe14136996e866b6dc236937d6a007f12,4b497126467a25295d961ea7be8e484cd445a875df514ab5dfef01b440ad334f
swe-bench-verified,django__django-13012,django__django-13012,PLe,v2,2f6d45b37961785defe38a45d48476014397ed5d54d397e98238576e46298b42,6b333f1c6ba22c5c186e1a862f875a22a9473608428743e5ca64c6e3c9dd38b5
swe-bench-verified,django__django-13012,django__django-13012,PLs,v2,492dbeecb615e4968379eabe758d8fa03babe67c52ad20c2b3698706050a006b,51899246c973bc2bd698efd19051b1c6927b5942f775347d26f434c77117d575
swe-bench-verified,django__django-13023,django__django-13023,PLp,v2,ae19b3e42da7a2ff18b19bba2adac502126c49ea6b758a8d24451b42d0fbc70a,ee044c3ad8688367ff4a23784ac581959358fe71171de2ed09096feb9501a22a
swe-bench-verified,django__django-13023,django__django-13023,PLe,v2,063f9a54606ad6f6a469d3061ebd4e41ce7e30f6c5a63b1c546c2092deb1822c,343d9302fc3bc945dfaa2cfa0326e36cb71a047698ee5ba4505f9e61c8e9ad37
swe-bench-verified,django__django-13023,django__django-13023,PLs,v2,42e62c0b7d1bd4dc9d16f7acaa9071d5ea5a5c19f52d9a8f834d06d66fad4fe0,e91d2c1e8e205d711d981147a8298770e2d8396537f22cbd5d17e38e02ae737a
swe-bench-verified,django__django-13028,django__django-13028,PLp,v2,8e1dde59e4e4ee0568cb44f8032362ef250c47a7474c2d4a177588c33f9f67bf,eaf3e124daec7868d3a4ac3416e2d4939ced361875f5a5d225cb4087a2196ffd
swe-bench-verified,django__django-13028,django__django-13028,PLe,v2,29e2ca124607b2133237d61a27343fbbc9dbb08542451d7c5be4c93734394a94,89e87a5a89bd6d52323801789f7e71dc5857928fd861fa472fdd266d76bef8d8
swe-bench-verified,django__django-13028,django__django-13028,PLs,v2,12695dea922f17302c08c5752a9e28866555f7a82f523ddb45973b90ee9ffbb3,3cfac28972e03c4da26363665bb118325af81dbd571c32ae3f1072db3eba7dc3
swe-bench-verified,django__django-13033,django__django-13033,PLp,v2,7659c11ca1a4260ff096c46dcc8b93567637a9bc29237d61e360d801dd3852af,212d2fc1270a5d937e69201155eb329643e2e5f680795888cd7890274b69451b
swe-bench-verified,django__django-13033,django__django-13033,PLe,v2,e541ad3587b2eb93b22d2c318655f7b7bd3640918ac5b33ab4c804bd7594cbc1,677e60a6f8af63c7c6658bf5f394cf95b73492ad50c1628f12e238ed9a5f2df6
swe-bench-verified,django__django-13033,django__django-13033,PLs,v2,258efbb55ef314c8728b49439e672b2e357086b912b32dc20196f3dc97dec616,167841d2cf87d8030a4dcffc27270a915fed447b90a2c0f7bdfb12419f60b093
swe-bench-verified,django__django-13089,django__django-13089,PLp,v2,6cc727aa5e1a96eccede037daef5348e376052feb2e47c9437da9b7eeaa0de15,990ec7bdc2b7c83cc05a305d3b1d16ed5a0cbfcde69d3877fc3879ce5b0c4046
swe-bench-verified,django__django-13089,django__django-13089,PLe,v2,b7ad5b93d7a7816f700b199aad77cddaed1c0182526b58451f4a17f48de10c69,eca8a3ddd60be4b21441076d2dca4533e2ba067d7a525f9c50efb0a08b774523
swe-bench-verified,django__django-13089,django__django-13089,PLs,v2,26e4e143cae566321512e9f7e437ec5a9e6f646b1d23097a5261ba986dd49c2f,ee619a770be8efdae523dfa27e27646fac725fd4aa792d180dc2902c99f06156
swe-bench-verified,django__django-13109,django__django-13109,PLp,v2,a5beabd5b8905da7bb9b8c14f1dfe3eb88a418fa4253da8a7cd94daf4dbac3a6,ea983abf6526a7105a675bec7e850951fe4f068b4df02c0243b675427d78740b
swe-bench-verified,django__django-13109,django__django-13109,PLe,v2,26a7f29b40779e69e00bee04d4f62b92223fa8a5df18bd8183d010d09166440d,ce8f49d413bfceaf921e2902a07d2b4c3099ef35b0da1ed9924c418aaaaf6778
swe-bench-verified,django__django-13109,django__django-13109,PLs,v2,746bca61bc58252d86aed11117e463818571d08db03469de555859b6a54b0f19,45fae2c1fed5dc1d4158800e7c24ec3b9af6d2e316f9add9cc7ea08e63f3e0b4
swe-bench-verified,django__django-13112,django__django-13112,PLp,v2,12d6ffc29bbf4c1040c33d34ef759f933d53b3147f771fa605802e70e8506fca,7bde534382ec204ad76b6fb1d9bac032f0719fce6cc40651a91f7739def2fe9b
swe-bench-verified,django__django-13112,django__django-13112,PLe,v2,b76737fd4bc8bf70dba0fc35950aae7cb0162672b4b1000b19281c2700382c75,1bbd4b7d261cd10f298193b771e0e867a44d52ace3e5858b18cb3755e412ff7b
swe-bench-verified,django__django-13112,django__django-13112,PLs,v2,17a86329f076c673383c79a21f2bc62b557ace781cbb38f8e2019e16b46cab6c,41b7c6defc8bc04be90229e844cadf2543b02ab47a0b247908b6298431f8420b
swe-bench-verified,django__django-13121,django__django-13121,PLp,v2,df7e253e27b054f61bcaa022b3b9b6b0cadf44826ed191c947ffa83c3b89e5a6,ef4f377d5558a67b11e54763e6c4cfc758bf297541bc398213b4fe2c42567d12
swe-bench-verified,django__django-13121,django__django-13121,PLe,v2,13e8017cd571cc7b3f366fcb7659bfbf23cd1d43bf048e0566646e80dd1dcc2f,7ec742ab7800b99244a2654e76eee50c5f2eb22f0b05ffbac481e1b860662d21
swe-bench-verified,django__django-13121,django__django-13121,PLs,v2,f7a6b757403bc2be5216458fab1fc60afab3194e226d73f17dc05fa45767c55c,2690ff1464c150c579508e193778193cc6e899e891fdfda104a7ed62094f8a80
swe-bench-verified,django__django-13128,django__django-13128,PLp,v2,0ee3270c6407b9b39f46abb1cbc6efb9e6c392ba3eab04c984450d9b4f93780b,77dd7c7121680fb280807bec2bf7ced15945aef9343a398861f10e7bb54ff0cd
swe-bench-verified,django__django-13128,django__django-13128,PLe,v2,edaba64986066418284cef4685d9fe9e40b549132ea2dbbde7b0602ae120029d,6af496f3d09fd43a51e6f369579344f6462eddec6b349540dd2182a35ed6a7bd
swe-bench-verified,django__django-13128,django__django-13128,PLs,v2,6d3b80b083ea724cbcc91eadc7cb73c722fd3475b25ee0958b41c8eca73d3ab7,ff543d2629f6325dea0a64cf25442a8d722996e4b4b7570da56d2e5cb2067f47
swe-bench-verified,django__django-13158,django__django-13158,PLp,v2,c2d26c13c2033fbd6cf3a00908a7370675c31c56a70dbf4b8a7bee0e59ca702f,0338ae4bb0276df6bfa044dc05c35bfc48ae18521b8b926b506eaaf83f6dbb7c
swe-bench-verified,django__django-13158,django__django-13158,PLe,v2,ef991f9f91632d9bdb9426f912495afb94fe0221e9a285e39a38ecee89790811,a611973e15a66ff355c52ca6180291314c4f445ca1e0ff1e4348801d4f72ad9d
swe-bench-verified,django__django-13158,django__django-13158,PLs,v2,6691512d95a4d5815ef3b32a8dd68bff8dfbf6c4c647c929cc7836a482ef06f3,e2e1b79ff84782aee0e91eacae8fdc1f11463747f1ea9ca1b27ba1f15b70955c
swe-bench-verified,django__django-13279,django__django-13279,PLp,v2,4df3f331f230a7282d5086dfc062db03e9c8b338c6a9515caa7d94d75f6fd800,db3b19fdaafb3aa875a581376aef427c4e6d6e36fbf225984a0f03f087896ece
swe-bench-verified,django__django-13279,django__django-13279,PLe,v2,58149627d389001016e49b50dcbcc259198c5d695a691ef10e9199233e7fa220,9244b71fc24b8f1cab679ee06180726df4aca4c15ca10949f4e7317d64562388
swe-bench-verified,django__django-13279,django__django-13279,PLs,v2,1b5862e9d11a76c8ff928c9c89e521d9fd8c69c782591e8df8284e1e481a9857,966dc3ca4dcde907c48b7691ca6354afd4aebd3757b4114e8133ebd41f470f6e
swe-bench-verified,django__django-13297,django__django-13297,PLp,v2,4588636367b1fda1a0839d1a005e5df1cbdd385fd5a46683be285bd833a7fbbf,07c83bc73c61854ba8256f01407e14136d9385ba1e4a7a3890469675d0bac436
swe-bench-verified,django__django-13297,django__django-13297,PLe,v2,6a2203003afe821c1381bc72e3c116c6c4a2fd2647ab1981b131ec69337faffb,4b88870cccac6372b56c018a3177fcc40a851c0d74ca23542ce030254810afaa
swe-bench-verified,django__django-13297,django__django-13297,PLs,v2,f7f27a010c08ad49d7270c61affe8feb09cc37facec3b720a91883690e341cd2,0a3c3dd165b4df2730a555b3654842ca91b5d0c1b55e4a6b42eb1642847d2235
swe-bench-verified,django__django-13315,django__django-13315,PLp,v2,24f18a87ab1dee62109434d3af4fec58dc3ba1ab6b111b1e3ba57dc09bbebd2f,a7cb1deae7fed204da90c13ca6e10a04e75e14698b5049b2ec9273ebc68ff99b
swe-bench-verified,django__django-13315,django__django-13315,PLe,v2,45fb852d9dd6d1585e1291f252e0ca6330dc266a4da09e5d194d23767a3b303b,8bc6db9f77d38a6c97dee441bec3586ff438c01398246c94d69766ccd7cded66
swe-bench-verified,django__django-13315,django__django-13315,PLs,v2,64294eb7db2e66aadfdd70eb319a6f64285409b888897e1ede5fde9c7527c837,d4d41c1c0a34fbc6197e913f9111e9ba0071d20d7d7ea7071cb8ef1837b70d41
swe-bench-verified,django__django-13346,django__django-13346,PLp,v2,3f744d02c8ea80f6893319bcfa7ecc9ae95e701fe1bf974903f559693b95d0df,39e804465f31da899271c92ec1b3491d21c8cbab88461875323eb79d47abd57e
swe-bench-verified,django__django-13346,django__django-13346,PLe,v2,29fc459220327af27303ae49c00adaca3c3139bfc8b3cdfb1e036725678983d0,553f28d75e809df7847d87771f85b7013d7f9e9740a8758b6326fba5d9027820
swe-bench-verified,django__django-13346,django__django-13346,PLs,v2,ecbecdb8d589b8814e673c41501d85c4f309395913a638f4cf94875fd4898787,c3b7e4a13b2aaea7c9b6e772399f7264464d605c53f180c792277683e1bc5765
swe-bench-verified,django__django-13363,django__django-13363,PLp,v2,73de315012ad07a079f5c2d588082c46783aebd631084459eda6125e0963a30a,bfb6a307f78e153d29ddf2de50aa8e536b093eb8fae24e60e28e65951af0b73e
swe-bench-verified,django__django-13363,django__django-13363,PLe,v2,742601fb0afcc7485ec8ea40030661f08cb100db033f69081853569a8b2969f5,67b8c6219f133c8992d3c33c98325a77b9fa68dc37c5f4fbcfdb1c3cf871edce
swe-bench-verified,django__django-13363,django__django-13363,PLs,v2,71fbd353af749ce60cffe70d66dbfa608cd25fc50db5f478f240d49f7caf1c8d,1e53cbd68cac6cb6393f34b469615cac780b10ce16aa61b3902cfab7e6719ebb
swe-bench-verified,django__django-13401,django__django-13401,PLp,v2,49a3fc4fd514d289fb56c58e7f748ea8e9f286d080fd3fb1f58491413a7816eb,789beafc440413742f1ffa2641620257969b6dd550614a215076d2e4a7fae0b4
swe-bench-verified,django__django-13401,django__django-13401,PLe,v2,0f69fb5153a73983712e8aa1979d696b3731955261bb18f4cd06b53abb5e83f4,6a9ab542fe46e8142ca4325986748b329b2eeea278509c50d4224f9a580dcd90
swe-bench-verified,django__django-13401,django__django-13401,PLs,v2,e96a4711cc807afe56733539a5de2c1319ddab7949d500cc24d4097f851b5896,c10d09210747f474043ac648af9cbb005b9954df2e7b7b81be0ef35ef34070a4
swe-bench-verified,django__django-13406,django__django-13406,PLp,v2,8fc55e4b165a258faeec00d06638f82207e9e463550486b90b325f1e6426c0b0,44881f994c129b3af99fcd169844bc8f9368b76e4fa98e5d412077c1a0522ef1
swe-bench-verified,django__django-13406,django__django-13406,PLe,v2,a75356b942cce9d271bb9413e0499fec93e3ad9bed2776f4a41faa6308d8330a,e5a02e45b93b5657dfaa9c2dc63381dde2eef38bb35e2f36dd366bab9123042e
swe-bench-verified,django__django-13406,django__django-13406,PLs,v2,1b00c3e086fc8c4997068759356701597ac7f4918c5c717c38e2e9f922e47555,81e2b0051763b9dbf87ba60f644211f6d1c7e2b5b7ff295fa821e910345ec017
swe-bench-verified,django__django-13410,django__django-13410,PLp,v2,3fa60e9ae5d931ed4b805babc24c08ece7070246bc2ffceeed80c4df0f4c30fb,757a561af9c67134ec3e9f9293a0eef0955615dbd8d51411e8f0c5f7a32df565
swe-bench-verified,django__django-13410,django__django-13410,PLe,v2,aab33af90032d65dc5dc76d0b9c6409141b93a875cc47749502e66b10ca80fc1,a65f90b449fe269153ddee594953b4fc574d42e277281e939d2d456a7b2ef485
swe-bench-verified,django__django-13410,django__django-13410,PLs,v2,61c62ddc07d8771e464bec1c1a44b0bc89844f47181342fbcee6b69cc2eaf65e,7ff2b05a5c11657f7d6003ca73d22788502cb47212980c7cfc9115261f01df96
swe-bench-verified,django__django-13417,django__django-13417,PLp,v2,aed2a061e212d200b55edd5ce47b818f2189d35039f554c157672ab54af53b74,b8294ea4bfeebcbef4a75d47fd8547a951b900bb623fa746046ed19b3f2dc747
swe-bench-verified,django__django-13417,django__django-13417,PLe,v2,249e8ad6c6d7d9b77d12b0aa3eb1e625c161e9a14866e567c90f6f2a312a31a8,d6332f37a230425a4a9f8e5f6a0f303d7614a29ff1c2af1549ed1d5290f11183
swe-bench-verified,django__django-13417,django__django-13417,PLs,v2,e39fb4b6a8eb3cc6f3e6b5738022afdcadc13682f27873b241fd02d948c0b50a,4fe5d94a2d6dedc7739d2f16430c360d294b835cdf92b060a4d096a4a9dbdea2
swe-bench-verified,django__django-13512,django__django-13512,PLp,v2,aedd2ce868daec7b5bec8f4167e6389f6084a816344b713814e06c827147e397,403663f2687fcf5b2a92a990fe881b4b7f29dc797b5f72eba66f22f14886607c
swe-bench-verified,django__django-13512,django__django-13512,PLe,v2,6b55597ad0d72be59d7ebf9b22344eaacf9bb3a345a4b9ad03c2bcb6d5293dcf,267b547cd3a073dbd9130be3521c53d6119371a52611b425ed5f1b7fd4aebb01
swe-bench-verified,django__django-13512,django__django-13512,PLs,v2,a1f22ec4a68aef56eefd034de1db6b40d2c4f646319f612a82eb1c8f4fe8ac78,1c4c9657b56ecb20d52a58fc2d661595497e2a25f3435afbf4851373c0531fa1
swe-bench-verified,django__django-13516,django__django-13516,PLp,v2,1ddd3b06d7a69df291e0d4a1279e40bdc220e70da5a31e7d77af485d61416553,7b334a9107b9b1d5b66743306c49180b4e50bb7320548d5dc4bae1427be26a41
swe-bench-verified,django__django-13516,django__django-13516,PLe,v2,ae61e76c5d817090ee9c31672704fad103c309fcb8e78a548f3099bcbe76689e,5bab15a650187934a71d180bfe30116c1ceade941ff69e941b4ab50d9eabb7f7
swe-bench-verified,django__django-13516,django__django-13516,PLs,v2,13c59731e9bd2c915c21b33e52957200d15b0242c5f9431143c5d0a8de3efdf5,b5d34413debab6011c10873ac0a2b4218f63f2892efecec940bab2289d1923c3
swe-bench-verified,django__django-13551,django__django-13551,PLp,v2,2167037d6c7d98887c0f1a94c00144017926e2085fd647a84b8b5561811cb674,d14320fc1496ccebefffdce0458c24939aabdb25fcfdb02e32502d729598b5e4
swe-bench-verified,django__django-13551,django__django-13551,PLe,v2,87915988917337937b6a9ed74f31eba16c66b20b875f77eac3358f8c83b1bc19,68d7a81ecfc3254363723802967ae21ae65867094c71ffcdced769630e94e5c5
swe-bench-verified,django__django-13551,django__django-13551,PLs,v2,8c20384b3c49e49c429dd4c41a22d2253d5bf18696681157ffdc4639566269b8,344d0f27f95ce44b49ce6312789614e3ac2f5bc17a54d79ec5a3a6a0e12120e5
swe-bench-verified,django__django-13569,django__django-13569,PLp,v2,afa6d8c2706f25dc78280ffb979c79cb5fee3f0afde39c6c404a66a96917bec3,3d1d2ff0ef02db42d65bea91654604796762b23ec73af82f6bbf2fa709234980
swe-bench-verified,django__django-13569,django__django-13569,PLe,v2,da1111aaa1ecd4c7bbe49140531863d8145ddf66b522baf3715346d7307e1731,33b163ec07eb2a434c922056a006e6664059898b762a9ccdbba5f42febe823e5
swe-bench-verified,django__django-13569,django__django-13569,PLs,v2,9ec17e53a43cd9fd13e4a3b649b9f98d52f95f299e7e1794d99fee9c3bdf9bfc,b18724f8187e7e75668da9073ad32368d10c4fe1d6d28e02b37f13c5457f7e75
swe-bench-verified,django__django-13590,django__django-13590,PLp,v2,01497405e2d1b31970d575a4af8a413a249fa969f233de76489bbb111a949fe8,66744ab91717fe62bcf4a62c4d709345ea2f8e4f16a9858a453a7563df5fb6de
swe-bench-verified,django__django-13590,django__django-13590,PLe,v2,9d656f905f7f8cbde4dff3b26b1aa0137b8c71ef86266b9d3fea13b9200c4c05,6eb8a9276ad5df113d26779468d22a2292860ddd9710d052b78e428f6e26e1a0
swe-bench-verified,django__django-13590,django__django-13590,PLs,v2,5b0d896bcfaf478f6f0d60f0cf1a7aed1534131da47e7f7fd3b453ddd95e59c0,248b03df3728e7d505ad2ec581e214604019d7c8bbd8354e59a69e5aa1cd0e4e
swe-bench-verified,django__django-13658,django__django-13658,PLp,v2,9d402a2a3a6b7f0918c487405e93ce8852fb8e2e080700f72e91196ec9022b9a,d27ecb639fb707f71376fc845c94625cf19eb20f55f1e1bb70b2ce00bad32e49
swe-bench-verified,django__django-13658,django__django-13658,PLe,v2,62abf6871608ad22733d69fd4901237c02e0f3aae64904e44b07dcb58b10e1c4,1efc2f97818aec81222ae40e1456f05c693d805d1160851d2305aca5543473a1
swe-bench-verified,django__django-13658,django__django-13658,PLs,v2,1026da04002d47514bccda6ff0bd1cd05ea9fa9fe867d354aa4be339458a39fe,0b01b045d0d5dc269023b64091c999a56ea7c03594ad1e9ddfd113f3764c3d80
swe-bench-verified,django__django-13670,django__django-13670,PLp,v2,0ad835f85ee68788567a5a665615d3f3ecfb23ac2243e16cf5bb366cc851f832,e500873da722c7f61c3c236195bf571bacd8745f545cfb4b9bee66c82813c0a0
swe-bench-verified,django__django-13670,django__django-13670,PLe,v2,8a1f1b7e1a267d91f7cbee0cb54ff49cfc6bc89dbd4ac2e5b31cb8867f6c9f05,da0d745ae0fc03edd7c443cc734fd3deb844bd285901116592128a36899ba12e
swe-bench-verified,django__django-13670,django__django-13670,PLs,v2,b3d7c2e4a8af8080e69dc527f6d25633cf546420620401a8d920701ecbfcdcb2,ab312b8e8a3f7d786524c230ffaab01e0b488d5624656a2beb137197b6bc9d58
swe-bench-verified,django__django-13786,django__django-13786,PLp,v2,3c253ddf882150c30df597b027fe1031b390ee1aadaefd18f0e5aedbbe188acb,208d785ef8edbbcefd76eae2c2adee68dedd325bf742ca00acad7acdd2324133
swe-bench-verified,django__django-13786,django__django-13786,PLe,v2,da9b212f1d75dcf926f0a449ae25e9d553283c2acfff3498ea25dbec682f41fe,9f88a9f5736afb6caaddf4201747545bb47e33199149cda476e5501df47a7682
swe-bench-verified,django__django-13786,django__django-13786,PLs,v2,114d6f2d75b16995cce5f1e8207033885fe60e17de2fbae8a27fb30db73433c7,e12fb796e4d1d5c96139fb267fe91a6da881770d0eced2cf07463679354b2da1
swe-bench-verified,django__django-13794,django__django-13794,PLp,v2,feb41a9cc34c32106d62e04953657d8da7a0813543ca1957a03fc36a50ea85c0,957f8c9a76e001c48d125b0fa7e633764f3fd83ee871a836b59fad32c7e465ca
swe-bench-verified,django__django-13794,django__django-13794,PLe,v2,409ee6f93648b2d60a721c8e9b421618481d5cb83778f72003975dae611a5bf4,e908d6c972e2c006715903b9374aea42b0233c23d9f54a49660082b3f42d5006
swe-bench-verified,django__django-13794,django__django-13794,PLs,v2,5cecb58e6c079e249c8160249eb0c82425fb07729b14728d490343ee70f0c4e8,5731debab41815f0a5e857ddbbf4c9b174506558f722b2d53b2caaec8c4f14ee
swe-bench-verified,django__django-13807,django__django-13807,PLp,v2,bc7a0de96147bfdbf35f58104ba58a608ef95ff47f788c3ed3f49fbcf6ab21b7,00ff4acf033e0ded70aa8c3aa347b874f9ee1ada31b4e5ec5baab41bd104f2ce
swe-bench-verified,django__django-13807,django__django-13807,PLe,v2,f149a490c123ad32dccf439b9a8790cf5461becc345126182e995c885fb8dcf5,a8554af7bbcf5dbcaebf8a53da3e3d2e5f921896df8dbe00aa74d4bc4c3c8a58
swe-bench-verified,django__django-13807,django__django-13807,PLs,v2,ea8391d0b44d01c37928dd44ea9bee6e40b80bf57393e8ec86cfa769b23d65f4,0fc619e3f70e48c33cf9ea88cdfdced196e52b640e8419b07f28e19c691fbdcb
swe-bench-verified,django__django-13809,django__django-13809,PLp,v2,04d8fe52254ba0cfaa4daa4d3b1313d6c52aba3e8c3d45a6f9a1a000c4bee350,33f969dbf646224fc81c575b4523ee3767b46c607c9d8f57f6ddc1aafbf5f780
swe-bench-verified,django__django-13809,django__django-13809,PLe,v2,605b5650dea0833494bebc7558b2f4fdabd7554a7bdb395a2a16f4a58975b748,cfb4852232290445979e3b86cf7b6f004402c5c1720c8ae612d0593cac50ae59
swe-bench-verified,django__django-13809,django__django-13809,PLs,v2,f462d981f82d1937e1e60003569855182a28f7faf4c25f0d6b42e58bf9b5a7d5,8ba266e790535a2a194fb282a3db668a3c377c1caa084c749c1966a6005f95de
swe-bench-verified,django__django-13810,django__django-13810,PLp,v2,39da59f48db4fa8de5fa81c46a3b04a65c7b7377bc7eb99ca136096196afaae8,8d7092209bbbc11c7f81d85da221615b3357a4295455053a21600d7b9ce493c3
swe-bench-verified,django__django-13810,django__django-13810,PLe,v2,c44b0746b486948ac862629ea96bbe246e1cfa1aec7ee6745d93470c0b37806a,6bf7c313c452438da4c999340fb58b24338c04f94e8d6c5d5b0671d1ad4537a7
swe-bench-verified,django__django-13810,django__django-13810,PLs,v2,c2a3edefa834ee65c61334da1c6df2976a20e436bd5ccb8149979fe4219d3bdf,7b747f5a30a58e5c4126b9b9ae92c4ab0abcf0f150adb20923ca70f56e8163ac
swe-bench-verified,django__django-13821,django__django-13821,PLp,v2,d31c1ee26a92b925977937e5b8ab0ee1c8d71d8dbe8f6db6a242f6f4e8fb9b69,367d06bbae5b85787a7ed25f65277f056b6176cef090937566bfd44bf66ffa98
swe-bench-verified,django__django-13821,django__django-13821,PLe,v2,c9f673fdb4ea53a8eb82d6f7d16764e5ad8d34a5a32f9060c8f0834c77d9d59e,3e75c90bf50bfc1208e4645dff7c16da42e3aee0c4b97888222d20de37a461c7
swe-bench-verified,django__django-13821,django__django-13821,PLs,v2,7ff30a0db11739c53c5f4935fbae576107f979064516bd302d62f49c9ec04961,f9aedf43f9d9bba1673b782621eebbc7dd52acd8a0021fcc82954ce745ce6952
swe-bench-verified,django__django-13837,django__django-13837,PLp,v2,77a5f750543549e37a832be3410b5fdd3d3cbc7d2deb0d24ba9be66d76b794d8,b57610fd5a673dd3f3004a9c6d460014eefc367aa559f795490cc7c88f0cc9c3
swe-bench-verified,django__django-13837,django__django-13837,PLe,v2,2c936111ca5d797a20e50b5ba84b075e2e7a06df7c424c2b194e5f3a750ba8de,77dedd052bd1f45c5da417a6373c77fd32aee661a3955444ec5d9e30284d559d
swe-bench-verified,django__django-13837,django__django-13837,PLs,v2,bf607c47ddfaf1724ccc3f5ab8027682a6f9b7dfacff9475968e10d372b2ca6d,f10e5316b3cbba62ab664d6e212331325e3688c2e9ab6db1843de8d4253adf1d
swe-bench-verified,django__django-13925,django__django-13925,PLp,v2,d8970125074c7cfa4d1d286f7863905e75dca26fa0abf987bd3fc058975c854a,91816548a1cc8c4cab8d2dce96e16fb42bd4dcb57f6f55b7737f25a5dc750fb4
swe-bench-verified,django__django-13925,django__django-13925,PLe,v2,1ba9346f1364777e1fd74ae4d946af8b9aa2bad7a3c2a4ea07e59f1c47401ba3,ae4d054f67905079fe7fa909b002e40b69407650afeeaace0207401b1942d872
swe-bench-verified,django__django-13925,django__django-13925,PLs,v2,4ee8da76392052e2ec43a1c9f208ee7a36fc11bdab9c2f1e1d125a3f604df31c,f3e25d552a60d1ff4ee6d859e3f0c045fa648cdf47999362cf4b4bd981bff8bc
swe-bench-verified,django__django-13933,django__django-13933,PLp,v2,c3b29510eb575b6becb1201e447434e8a7874f860caa97ec6c6f3bbf0005acd0,a21b87e487ece9979c333fa20272dadb6d2c60f18755b2aa6a527f94bf8d12de
swe-bench-verified,django__django-13933,django__django-13933,PLe,v2,b886a9eee9f47ab0e6bd5be9898ee1c68e3a0ef108c98732eff5ac3ebdd56877,ef9470d490fa9c76732e130fba1eee073f57c10d3d72e76c985472c1ae5721ce
swe-bench-verified,django__django-13933,django__django-13933,PLs,v2,7be0cb9572c58b3d9a91700c00153b1cd2dbb251d4831141356c9edc32953a81,37c4abc85799f40a9ce0f0a36f6ec2efc48f901dd0d93874bbc21db695f37437
swe-bench-verified,django__django-13964,django__django-13964,PLp,v2,ecbd5ff11e2192f323b845499e51da6444e71191f6b95bedb440b88eafa33ca5,f799da7adcc84554196736df2a986b019804214a813a27f73694e58d1f5ce5ff
swe-bench-verified,django__django-13964,django__django-13964,PLe,v2,4d0fea089f71a7090a1c66764553fd363d12d20aa4f94dca7de5f20a6b5e5ae1,f7ecf753eb6d0d4c83641739a653edd3b8a2332fad69bd1d8bc94a9d4778cc67
swe-bench-verified,django__django-13964,django__django-13964,PLs,v2,2e02bfb723c2fc1863c514b72b795d6129c3540dbf01cdaa40569d16e7529fd7,571134f0fd65c9fa32a209776894e02e5bf5bfa2eed732424e05b98ad7222ddd
swe-bench-verified,django__django-14007,django__django-14007,PLp,v2,f23dc14efbec747c5ce4a594d28bfcb0c7c2339f6fa689a3967ea15df2649449,fe85faaa6272c349ebe8c3533de79562fe3c79736f921efc01adfa0a1be9961d
swe-bench-verified,django__django-14007,django__django-14007,PLe,v2,dcbbf133d50444551b517f48f738d7ad4b84975404fb09ba2f662d9336db5ceb,e74d0fce30d589738b0c5b5e9d1020c2623ece7f6b34365c341f8be6f3312fbb
swe-bench-verified,django__django-14007,django__django-14007,PLs,v2,fb18307847ce40afa9ef2ecaaa997fcd65a3ad4900db83c5b63e47744a2cb8e9,8fc35bc7f362bc4f7be174ff023e3fea310f81f4ddb0fc97f2618ecd4945bd3d
swe-bench-verified,django__django-14017,django__django-14017,PLp,v2,6bb6482bda17bb7ed8321ce2d9a0118109b2ae8c1b6b7cbf7db0a34d07d875ce,c036e6373d69a3a5b7f3958f6cd1293b7cb7a19798ffe3fd1e95c2eb31561a4b
swe-bench-verified,django__django-14017,django__django-14017,PLe,v2,a1e37dff9c3e7ad068b674edc3e8d47a6193dc7fa16df29394936c3eee8ac4d2,332f9ef9f18ce916782eb12d7bb3f06ba5430792875424e265e13c2a11f309b6
swe-bench-verified,django__django-14017,django__django-14017,PLs,v2,a27b2defe75baa4b6a85a40b127cf62a9fc50b9eaae77eeefd0ea07f8c0ac009,dee9bcad52c275da06d5d3f99028e3aaa61f02a07ed1649595603af700f7979e
swe-bench-verified,django__django-14053,django__django-14053,PLp,v2,7cddd22384e2c32bb6290c725278e057c7e9b04ab34cca0669013cf54424e0f8,efd8cbb561b624aec19b818aa5d1e07915e31c379c2f67f074b47f0f88c9e581
swe-bench-verified,django__django-14053,django__django-14053,PLe,v2,a2e1b746d67257e740a05205245f81868f3142f760ca779c71ebab94a7d7de08,37a47ace87194795b9add3c7cfaa2202735dc7b3cccbdaf9f90b209de7ee50ee
swe-bench-verified,django__django-14053,django__django-14053,PLs,v2,7f0a923179f16839ecb74b7e38edbd632c1484f1e298d2274d408557effef411,b45a5ec85ead8205ae38066a2039e212f6c9b6d0f5e439ddf48c6ca41c6876ff
swe-bench-verified,django__django-14089,django__django-14089,PLp,v2,8071288db4279fc1434f99fdac3be49e2ae514abb255a474a548d3575b7cf2f7,5f4d5fab94763f00870e881238f5955fbc0989f4f88d8be193cc14e526bff6b7
swe-bench-verified,django__django-14089,django__django-14089,PLe,v2,4127e73925e2296b8c563d4d8f6d874599fbe3827f83025aaa0b9463e445f075,895463398624777b8c388abce5decc1e7e679858afdf393158152c1f3904cde3
swe-bench-verified,django__django-14089,django__django-14089,PLs,v2,b924cabce0bcc83d45aec6d6cc2c955dd092cb6e3389e4315ea5e112e8ea9774,b9c178ac2c6583f17c8a959c0c99ba0b7d7aaec9ea54e92c83a713d654b4a15f
swe-bench-verified,django__django-14122,django__django-14122,PLp,v2,5af2d9ec2fe06f4cd4f8ec7515ed7748304ed336534cab290fdf7ca54de68fdb,d3ba70d7048efaf866fd5371fbac9c2a5485b076cf559cd0fb9005e40b96b17e
swe-bench-verified,django__django-14122,django__django-14122,PLe,v2,0769cec1646697f23a6828ea2aa495485a4336aff12de4d6a6c2d169fe54ff3a,4dd33e53b0908215147db46d8225586b3f505f9255267ce95fb18b2ec26e255a
swe-bench-verified,django__django-14122,django__django-14122,PLs,v2,92a366bc8e7dbc8cb360d6dd0b121db99ed5165edb10013ea7abf77aaaafd90b,86250c35c19a5a1d26caa843054fdf7012564079bfd48b7178d5652dcc5076ab
swe-bench-verified,django__django-14140,django__django-14140,PLp,v2,6f832a2d280551c4ffff7254e32dbbb7e16a8a82f9494e01a678c10649a039dc,269f6d7e4dee4b6f52a589c47d84090b2186f112cdac5f27cc1296cd602795c9
swe-bench-verified,django__django-14140,django__django-14140,PLe,v2,afe41a01b70c90e23c86466effc05ebe5a0d706c8eece49eb846910a8e7c7fc2,49e86320e5fc1fcb1ba54cc26d0a709890b74af1d4d98db8a2e1f782db059f8d
swe-bench-verified,django__django-14140,django__django-14140,PLs,v2,7196d259345b114e564cd26ed64fc186e775c5990823ec70ceef9d5cb6034ae5,1df9a3ce0877193dfd4efd6eb30d514e95716b09cce1d75d161a5df978d552ac
swe-bench-verified,django__django-14238,django__django-14238,PLp,v2,9c5a2e0571dcf905636513342cc9fb4086137cc1fa09aed13996666bb357f02b,b8e3e2af20d1ab55682eeb92d724441c25fb8a1fac08649890e1e2c38aa22cd8
swe-bench-verified,django__django-14238,django__django-14238,PLe,v2,9f2763e78267f39daed185d96c40f0535b6806509e91229c5b61d2e46ff3413c,75899e49caf62d7912e2f723c55d3ec785b54e3381e8d79a28d607d327a77c37
swe-bench-verified,django__django-14238,django__django-14238,PLs,v2,d1241dc394cf931ee3215e91af78f638bc811f36d3ffcba337e12b20f692f8b8,4f121806508a17ce13508a0a7d7046d38579f46e6ddefbac36bddcf15ce8aa23
swe-bench-verified,django__django-14311,django__django-14311,PLp,v2,edd6c74d53066fd678c34da01216705cf350aa1bf5a75190b3342cd5aafebb73,033245ac130644f1aceef4e7667482a28813433777960aa161ead9adf3d3a3d5
swe-bench-verified,django__django-14311,django__django-14311,PLe,v2,702c0fff3f037d619f495e70156cfc060b4b0c9a9e0af47a3d3bcdf11af97351,23d5c33ee323f6d0fd9b72436b91ecbcc4c8bc1eeef4338ff65b5fe1f482e153
swe-bench-verified,django__django-14311,django__django-14311,PLs,v2,6d6ef055ae8855640b09b766631728598a2e15a4f4f696d33e99b692bb5de1b0,04cdc92f13c96a9f414b8b03e3a61fbc5d3ab6cbec6d4e58fe6bc7aca07ab87e
swe-bench-verified,django__django-14349,django__django-14349,PLp,v2,a45049ee7bcc6dace7e958921109011f9f81ca24bdf9dbec831f3d59935d7d11,0876cda15c30d7d6561cbb8092626f778c96c080e1d19910178965fcb7e065b3
swe-bench-verified,django__django-14349,django__django-14349,PLe,v2,8d34dd3e085744eb786902ac9c0be0ab47eddceddb8a6ad59c4108d6ac2c7c9d,c3fb5dfa3e26fd72aa8dbc1526659df4934bb563e1e2f972c744e03a5f5cf8ad
swe-bench-verified,django__django-14349,django__django-14349,PLs,v2,0daa2511a7b830650e792f4b8a47bd53c8c98a43ceee865a88e5daaa1c83f85d,38f1987d0fb30cbaeaf45eac58c25d948b9e1ae20c0a2736999b973d1e460a71
swe-bench-verified,django__django-14351,django__django-14351,PLp,v2,d4af9f5a97dd49e185078630e8cb5c95ef73a756f7ca5de538e40c2c07860e64,9cac141d4ebfaf3583f0068df832b69732de0d9d631ccb60ad6ad8b3e795b96c
swe-bench-verified,django__django-14351,django__django-14351,PLe,v2,6d762d4a5cb28a7403cc823eeb10cf950d5ddbc2776bd2391679fc4d40dc93d4,ba4b8d9f4f15b2d84109df0a9ef7059c9453f676737519578950ddc1e4a59920
swe-bench-verified,django__django-14351,django__django-14351,PLs,v2,dc539ef15a292f4b8603a76f82bb79f7802cb2b6454e248d1e8f48ea47af923d,c461b42c1e24c3b9af4fe1e3f75d14dbda45d9cc04fdcbe5b0d9fe46a2ccbd49
swe-bench-verified,django__django-14373,django__django-14373,PLp,v2,69e1f77738f938b9ca699a6846072b67842098075d4bb659b70adfd6825dd12d,c9bd2641c656dadeaf688bc2782fc499d5303d206c1e4a51b8893c50d618cc84
swe-bench-verified,django__django-14373,django__django-14373,PLe,v2,c1bc2eda89d44a3dc6ddc7c0c0e42d66f974e072dafe56f41cd128315f106d62,590b4ac325d6163ac61d61272438489e8a91ef6f578fb112b5da1906b215e742
swe-bench-verified,django__django-14373,django__django-14373,PLs,v2,66c28857311496c5fc207b3722ce9bd1f654855b80c5b60a9566468fd86cd50c,b9d738b02f494152882b2b6a1064a788404be822fb4a5c2b5aba69b903f46bc6
swe-bench-verified,django__django-14376,django__django-14376,PLp,v2,627177755847c2534705bd7e991278a379cce9ef107033cd41c8b5ce842f8f69,7249f8649af543f81aa439f5733f5bb9f07862ffb81494cfb0a576b8399b43ab
swe-bench-verified,django__django-14376,django__django-14376,PLe,v2,2a94203179a036a5f113273a29c977b120880b2784e2271442b7c4ddfd7889cc,83c4f5d2fea7c8d480bf517dd281663a46cbd1eaeb282e53be13118c3f2f87c0
swe-bench-verified,django__django-14376,django__django-14376,PLs,v2,14bc2261c5330a0febd6cde9e97bc6b2eb88ae4740760a1a25493f00cc1a434c,d065dbea79d4c8df1d1b6301bb88ed3b990cd4f37b463a8685b5ed708f61ee85
swe-bench-verified,django__django-14404,django__django-14404,PLp,v2,be11a283e0119500f35131d065f4474dfe4235c2c05ef93e42625c550be69e12,507c7f691c340fef8cc7189f2f3581e2413fcfedd79da80c6c9189f6e9cd6818
swe-bench-verified,django__django-14404,django__django-14404,PLe,v2,a6efb9028774e7faa0c692cd5c9631a851e14d634c9e086c1756e82ee757d6c8,f1e65e449332fb864e99cc0e62bae2c89791496d442a3a505c2bbd24e15edab4
swe-bench-verified,django__django-14404,django__django-14404,PLs,v2,b76181c1288c5160c239734b43bbd0e0bb62577b1bf5edc72839da9f36597597,daffb91da1865cff483b491611dc32ec6c13ef10946facec31ebf0452361e015
swe-bench-verified,django__django-14434,django__django-14434,PLp,v2,d64a75425bec405015e9d508b5764478192690e933c0084463d4de67fed1f9da,ff0595ec915588e8ea457d914496c5199530f2a6309d067f34eaddf4416e1913
swe-bench-verified,django__django-14434,django__django-14434,PLe,v2,567114963e239040f3edf68601cdac099462b3f835cbbe13b2bb05fc76d516c8,03b47705ca55576302d188a4ca902802d776d4803c4bdc7c4fc180db6466258a
swe-bench-verified,django__django-14434,django__django-14434,PLs,v2,0547969121ce1ad96b447c55e00d4b0e8cdb54c171b7ef5de879163c4b871023,0e2c23c3f3aafeb8e62ac82d16f3a90a5e4ed7263706c6273c9bde372047c265
swe-bench-verified,django__django-14493,django__django-14493,PLp,v2,f6cc72a6f43e47424fdd421a55d12ac883542b9b1916c722bc3653bd2c9c5310,8955d77a4c2601f6e19adf56da48113b7a3b6cc8e1272281a4cff3b0db0fcf56
swe-bench-verified,django__django-14493,django__django-14493,PLe,v2,2f25a27bbd5ea5db87520916e1a2bc9ade3c9c5a6f1a958e51f320f3801e8157,0ea3cb4c0a601a3cc4bddd7c68d2a5fcd716f2eac96fcc7e6cfd0699488ef1e7
swe-bench-verified,django__django-14493,django__django-14493,PLs,v2,17c18621f35a06fecf81dd7d243c4a20415ef0b7bc3a54f8ced4881fa16c4fcb,c697480f3f2576800a2dc82cee94d032277f0a8d83f63db26b4f1499dc80df80
swe-bench-verified,django__django-14500,django__django-14500,PLp,v2,ca8c41a1fa28b95f6200fadbd402b16a394377e20bad78fd65a7be3e7e831981,ad2ee99a4994f6782341a8f10ba73ece4d325ed47f9dc24ce7ea68996d499cca
swe-bench-verified,django__django-14500,django__django-14500,PLe,v2,daee489af20e3ba19873456900fa6a0f40b1a08064f83882d5a6bde3a128e8c3,b59a452bec800cb965c3ea0f7d480c088b3ff1cc990520d4c0833e828bf54b10
swe-bench-verified,django__django-14500,django__django-14500,PLs,v2,5208b5b7d39e9b5590aaf70154d89ba0d29b20c03cf4bb52e7141856a8bf4e8a,4b47d39e951b570a0c022934bf28f87df36d7bc2e891705d3a25133fbcea779b
swe-bench-verified,django__django-14534,django__django-14534,PLp,v2,b3f407159cc49cd0d594cbc2b3b91a11c718971010435f2387f0700e77c56337,3181612cf5174238a1ae4fa75586458cd07a319de0146da74ed3f849e52547cd
swe-bench-verified,django__django-14534,django__django-14534,PLe,v2,afaa85e88b7f82ef0955e9cfdc4ae143b46edc070981a285461c959ae3e36f01,7d77df47df10abb6edd7b11e579ef36e035263c4f329ae5df80b2afb5db49405
swe-bench-verified,django__django-14534,django__django-14534,PLs,v2,423de0ed46c7b36b0595464eac1ba1438470f25bb2f713eb10350d7f54755524,83f0de3dcb95cb5fee55a6d696f79e2f5d84912e3c12cbbf2adbe7cde498b47f
swe-bench-verified,django__django-14539,django__django-14539,PLp,v2,c4ad82762e5b8d7c5ae380799326ebd5565189972de222da29054ed3f5a8b5c9,8332aa8b60a08358c3ea4b73c68a9a412021414c2f67429b99fccb6ae743a9d5
swe-bench-verified,django__django-14539,django__django-14539,PLe,v2,0687756ab5c34ca32ddd6169a01a3b7fcfa0a6c6d5c384902cad2caf9222d194,a9d27dbd61b3658f23068914d471412c29cb624abbfc6ca4c38a6526911a0221
swe-bench-verified,django__django-14539,django__django-14539,PLs,v2,d7a7c6e9ca488369d7fe0a15c3e3fa7694537f5e8a22a85aafcb8ce79d195403,40a765583bb8141e70af72c02b698a81156c689aef83d24605ddc19643d11ec5
swe-bench-verified,django__django-14559,django__django-14559,PLp,v2,dac71e063ecc0aa5738087116944145d57af8e5bac58905fcd03345ad8b16316,c336dc3b957b5736ef1ff77d4cc784be465c40cef732f1a027720a185e3b80ad
swe-bench-verified,django__django-14559,django__django-14559,PLe,v2,d9586ddcf532a3ad87075c624e8e86eb8f8aaa17ce894f11d9bfbfb204ddf407,0b58eeb622b016348e56c6374530408eae69a8f630bbbae0f90d146135d21b30
swe-bench-verified,django__django-14559,django__django-14559,PLs,v2,658c783f400b340d2e3b93fdab09a0726ddabff1ca2c92e64dae5b625dc0f8da,716f382d58ac63c4ae0fb2dee77d8b34c01403985bed2fb00940dcdeb1178bab
swe-bench-verified,django__django-14580,django__django-14580,PLp,v2,d6154c819ccad5eb1be29f9413e4b87e7e3dc1e12c7ceba6fa61708bc85e9d77,95951ac4ea538c32ee48b8ff262550636a28e7fc84c55a3bf91a1aa983313bee
swe-bench-verified,django__django-14580,django__django-14580,PLe,v2,3906294be2e7a51941f749490016d740d8bc4dc29571712cf966d067fac69203,2e0ecc1e0d8d8e921adc74cce01767bf2c6c70bef024746728b7b57a6706b1cc
swe-bench-verified,django__django-14580,django__django-14580,PLs,v2,8435463f17d85f5d17bd89e0fcfc904d2bcd5fa702db3e403cefdb1087b15f27,79b8252d652b9c2f158cb46b036dd464529ebaceae89340b4cfe33e2ecc44d61
swe-bench-verified,django__django-14672,django__django-14672,PLp,v2,fdb365055b53bb53157a50e35b0da97dcfef36edc554a49bffda0d7f33470d25,31a94341054106d01dcb83dc1630d119999555810c0c9ac260ba26ccbf83f0b7
swe-bench-verified,django__django-14672,django__django-14672,PLe,v2,69650b87a8e7b603443bf969a3cabb4afa39828719937b7829055f02a5beb4db,fbe07ae2f38f8d6afb5ea52631058890b5f824d151ede8f12bcb301af78a1be1
swe-bench-verified,django__django-14672,django__django-14672,PLs,v2,a6126a32a5a11e15b0703a4791b58efa76febb12daaa9e165decaf52be9cb14b,0c1e836077e9a9ebee08928ddebf31468339b3759d55b89dd09035635377a18a
swe-bench-verified,django__django-14725,django__django-14725,PLp,v2,01fd73e965bd977d616bcdf0dd1313f554f93f99a4a118bf8fb42bee9b835293,ee17e8cc05f5ec3fb5ed58ef6f8976bc4997fab8d942bdee57d715e13f12f7ca
swe-bench-verified,django__django-14725,django__django-14725,PLe,v2,509cf27a7573a92f88c3dc4c732f0569925ebf9e2aa40319b9d83bd88ee0fa45,ceee35f5ff1a5260ca003e311f39979c53fb6d3f38d67583a98702f21ca66206
swe-bench-verified,django__django-14725,django__django-14725,PLs,v2,ef524ce75e86b5068c6097a162571b43bab9ce5a8a74f0640e1abc4f3dc3a4fc,0e78971df50bcd053acaa1390f132470c5f157a4ddd164a690ebba48a3cff82e
swe-bench-verified,django__django-14752,django__django-14752,PLp,v2,cee4aeed938540395d266fffb25cabaa4fbb4832642fc8078ee74ea7ec490eca,932dcee55b4aea2d9d011020814d3f444da37500e6179af48e172177e3b308de
swe-bench-verified,django__django-14752,django__django-14752,PLe,v2,6f4d3bd942fca830aa36b1fd19e000016aaf9ad3c756094017c7d31c9e6398a9,9e5b751e7bc2658e2e2cff44475f87033a60265d3ef8319ab79c77450dd35f23
swe-bench-verified,django__django-14752,django__django-14752,PLs,v2,cef8a97a5142d76e1a287037117ebbe140c47a925f48937b84348cfac480e191,74aa777848b1a3836366c395ce5d44debbbf35876fb73aa5c7907159321d8358
swe-bench-verified,django__django-14765,django__django-14765,PLp,v2,b9e5adb4f238ab68987b0990d95a7ec6f6061494142bdb3dcf14cf00fa9dcb2d,95bf5f8f54fad0191572c7677710492151deaadbd141cdaf5452532e7201ea7a
swe-bench-verified,django__django-14765,django__django-14765,PLe,v2,eb3a9d9670246f8442db3883d411523c389c564157a309f061c4be7f773f7315,05f5ce9e76d44854a77070b0b5465a43a9fd34574bb56b918a3d76b54396ccff
swe-bench-verified,django__django-14765,django__django-14765,PLs,v2,8abeadec933eb97a265c931af8fbd7d0eb5cf4c4c320f09b54d7d5ea71cc6d9d,29108ab54b26c2da3546b4a1a2696429bb77f4ef1619a4886f7d3fb576265f95
swe-bench-verified,django__django-14771,django__django-14771,PLp,v2,fb8a8d3948f82093e34683b867bbae684f0ff0e1e8a8f82db63cb092c202bde9,99c2a45af5bee85614a57412e57fcae12f623efdf124f12724b4f6b0b137bb84
swe-bench-verified,django__django-14771,django__django-14771,PLe,v2,fe8186e3af999203cb36702932b41d4f407a95b1c87973db218cccb132ebf329,fc5728c92a181f34e094b3f2f12846e21135a047cfb838cad1ac1148c64b4593
swe-bench-verified,django__django-14771,django__django-14771,PLs,v2,587c22a1428870402f89ed9f95610284680cd4b3b38449831083a98d15786d01,336330e0a6595cfecf383bc8fd06e192c2e0288f192f91de6cfc37112dbd127e
swe-bench-verified,django__django-14855,django__django-14855,PLp,v2,e2cb0239f93f68bdec53cc5ec9053c5ffcab2c152ed71dc04979574a90913e54,659e453140f28447c00202836338ad248688316530cceda5bab88ef5b0995d7c
swe-bench-verified,django__django-14855,django__django-14855,PLe,v2,7099e5f53eb953d0587f41ea868d9f7b8aea260534bcdad17b091459205850b2,4fa32d5d900fb4dcff5f6fdb67e0e64d8e832fe00bce1adef1d93987f6cf0901
swe-bench-verified,django__django-14855,django__django-14855,PLs,v2,e9de5778223159eedf2e6850fd0bb11b27c5a5b62fe4d50c312fe85871b19994,ee6b32da2cd91d7b35996433fbac9084f625e874feb31679d322a00bd19ebb66
swe-bench-verified,django__django-14915,django__django-14915,PLp,v2,d97465d27d895ef7bde3fc289db1e0c966e754391628c7ddb14cacc9874aa7ec,b5533f43ff6d6e8fee6d5adbd448848a1af90a375c83b97f7d378c1d5254feb7
swe-bench-verified,django__django-14915,django__django-14915,PLe,v2,be5d76f58bacfd7b81c1c603a1326609afdb518a842e37abaf7d9f31b2582a2b,8bc2063299704f2d1b227beee318e40f398ffc58c58cd1c3b5bdd6fa0d6bdfc3
swe-bench-verified,django__django-14915,django__django-14915,PLs,v2,e746ac6db54e98d85d9ae45a3291c3ff796696b8e9a35281dce17d22649ee2c7,844b1a63276523f376a3e3803d34d149047cb330234e88606cb0065d678b49af
swe-bench-verified,django__django-14999,django__django-14999,PLp,v2,936f78dc7db6e610ec62b4fac47efb939e8418e62efd7be98fb864350ddfb308,e513e961ba2702d1dbc6fc3824a079eb60a8d2296bfb99af8db8f91ef5d5dcc4
swe-bench-verified,django__django-14999,django__django-14999,PLe,v2,21da3f24ad5912913651ed7b7d33a7254ef490c8454fbfef82befbac56196bb3,85f6bb1aaf6cc54f87f178d212b37e4d6bc42e7b1c565ac67701e0ea9577498f
swe-bench-verified,django__django-14999,django__django-14999,PLs,v2,cf9482251f4dec862e736ccb83e89be28d75634117288f60be9a04b9699d76ed,a740fd5dc09a126b106114caa27f0e685e21259d51811a8e4297d3e1c2aad091
swe-bench-verified,django__django-15022,django__django-15022,PLp,v2,42d01f7580602fc460001d3ff286f37e3f0d01c83996158ba1caccd99a305c3e,a82babc9607ed40c5404dcd8974791c8e48bdc3a3c2026624a3bcde225c685e4
swe-bench-verified,django__django-15022,django__django-15022,PLe,v2,68552c0a379d0bbd164264068d29c7ce1b5dc93327d21933710d84f4c5f46d10,201a611542c24dadc75032c3b44c8a13e14450269739ce9f5bb139e34e643919
swe-bench-verified,django__django-15022,django__django-15022,PLs,v2,8bbe82f77b6e93b7381122b856a14659f3e1c3108e2930466d8c3dff4e693dfb,41009dfde9ec2c6b16d15865e202018505ae579fa300c6d21fe085d0a5d132b4
swe-bench-verified,django__django-15037,django__django-15037,PLp,v2,6c07f58ccf2bcc01d9d689befcf84714bd9cc472db4b75addbc91eb0c59ae903,48f7937f7827d3d81ee97610968aba991d2ef9a6d5cf0f142d5b7a08b2bd8f1e
swe-bench-verified,django__django-15037,django__django-15037,PLe,v2,c413cf3d90ff8ed7dc9efac842ec5e922f898c25966e79a8578ab0fe513dbd7e,66aadc691e03cc0d437abb2509b5a6421cb0c0c7ea782119049c11f2b64c71d6
swe-bench-verified,django__django-15037,django__django-15037,PLs,v2,f37c6c45e0bc417aa129fa9754d7fe3c3293efc3b7697be031ee0e2d31e7ab99,208d697b2bec750b763d1cb772eb8c0ddc905b26abab37eacb5d057a5ad4662f
swe-bench-verified,django__django-15103,django__django-15103,PLp,v2,1db1000a2df3f37f7fff43df265627fa0ab5f17996f9634a62c95b8b70de7d1a,422794c6b26e87f47f7bac99110b2ccf45f2834a03ab06999711817ba5b1a572
swe-bench-verified,django__django-15103,django__django-15103,PLe,v2,77a3ecde7839c762c6838f5fdc57dc0d3ebef861c534bbd6e8e5531b6e6f9163,7f1b0e80787c79b0776b0f9c79735441cd50a64bb2fcc60c6d700f1249a2a5c8
swe-bench-verified,django__django-15103,django__django-15103,PLs,v2,1f8e6be675395509932e782b6a7fe8cd435ac56d239d1c2507baf486365db4e8,f77a36ebd0db4a9a74608588dc139f9e874642682c95662390748ae374edc37a
swe-bench-verified,django__django-15104,django__django-15104,PLp,v2,2b1c4ad7921974e5514e0daa0a09d80eb2a0799ff4e8bc790367b7e3abd03157,68a99eef7cf883f7fbf94295ecee405cccf0f26f34bf3ebc2b0cfe24c52d22a9
swe-bench-verified,django__django-15104,django__django-15104,PLe,v2,207a94e2154cf68d9f7c3dd164e8d8e0429e8fe149b1c873ebf69471b87409a5,45b8d2fcacad8fdf0d887315f91a08e74a556b16395e64a5af92192186851b23
swe-bench-verified,django__django-15104,django__django-15104,PLs,v2,311e7c527673a564b25985e01cef18d9c737d3cb2cd33825e008554c0c67f890,9aa6432e74f90d6ccc23c2ac065c881822418f02cd6209a18d7c9a0b972d5b2f
swe-bench-verified,django__django-15127,django__django-15127,PLp,v2,58b297a7bf950c1583e9dcff1c110b2c6a5475dd1adf995a3c9c64526e1ab6e5,fad2b88733a30ea3f38d0740eb4e7c6a188b75cd4a4c571b1ee2f8fcc484a9e6
swe-bench-verified,django__django-15127,django__django-15127,PLe,v2,8cf0890faccf2f15d26a74cc6997ba683e7266fba219833e70ac3ad0bb858dbf,dfa77c30c476447f4e88658d8e10221e357b514691281802ef1c4af67ae17118
swe-bench-verified,django__django-15127,django__django-15127,PLs,v2,d23b8e06f4200897ce4b1944f2792cbd305a1674333c33f7ea3d74ab890521d9,ad0b9073db44baf449a7d0311114ef88e17d9e1595b5481b5b17699dc47af8e5
swe-bench-verified,django__django-15128,django__django-15128,PLp,v2,aaeb1c6869adbe00fa9c0a7d81e7e0896c52ef392d71f76913ac766a94d8161c,33147192ca48aa09d50ac67821089fa1b90ed87ccfc47f89a94b0c3afcb75686
swe-bench-verified,django__django-15128,django__django-15128,PLe,v2,19b1226062f1f2e9fc80cd25b832a0affd07d457275259c7ffcf218056d3afcf,b022827924c2478b1b1d299ef8a373f80abd75f2aecd3ed4dc85e9d65d165d0c
swe-bench-verified,django__django-15128,django__django-15128,PLs,v2,c4e58389bc9a345fdf6abc79ad831ac3cf482cc61c8cac910b9a607cace869f3,4b2b0e23296234537e906a42b2b8eca9ab4736c2c883a55ceaf219cecb6d4a19
swe-bench-verified,django__django-15161,django__django-15161,PLp,v2,98ca5360056a2e2ea940285498e68aa4af2e254d7f7e26765e02586051086854,881135506a05043dbc271868deaee6200ff7db6975a8de1c9a0ba786cfd6e144
swe-bench-verified,django__django-15161,django__django-15161,PLe,v2,2c5a56ed5890b44dcca43ebed2618f17a5ea30e343b2edbc0d47e2faed80bf61,7de2b6a244ad9a617efbf023a0e7ccf484fdc5c54dd2dabf107a76e52cb80238
swe-bench-verified,django__django-15161,django__django-15161,PLs,v2,025779fe8d885387c1faf0e5df336f9d62bbd7df7f9794fd4330b49b7d6baa2d,eba54020d4e9a99af06f22d79468df5cc4241bcedd3a367c1bcf2466bbdf6e1c
swe-bench-verified,django__django-15268,django__django-15268,PLp,v2,6dae98df803d6662077c5ed213d975e4528fb5858784fcda966e704116bbac63,6925a922e166fdc03027ed33ed7f86ac3290b5a04204a6d663e22fba1808a053
swe-bench-verified,django__django-15268,django__django-15268,PLe,v2,b4750fb3e31db4105ac0064e7b2721f83d118a341cb0acdec7d329307338e7a1,229d20aa5c15e095f90980c79ba262e8d0758a7345758bb49ab60d2cbb0971ae
swe-bench-verified,django__django-15268,django__django-15268,PLs,v2,7e916a6a9eefa006d781b8024e6c19b42eeaf60d83568fe72b5a29cf2a37cad2,f16c6e6413830c347a3dc329194260f76620d84c26f34e3dee6956eb9dc828ab
swe-bench-verified,django__django-15277,django__django-15277,PLp,v2,ddeb25b7258217481212eea89446a796d2b371c7e8818231a802465cbe54c8c0,6b15d60a758b4d24a09ce01391949469a57964787571615dcdb30a2212a0366d
swe-bench-verified,django__django-15277,django__django-15277,PLe,v2,8044a96274c2d315f105502e6af378cd2a98ceeadc8e12de129ce99627998057,806ba0177308818e5d96718468ce82a8b65994b0e2542f86d79a4f08dba7f8fb
swe-bench-verified,django__django-15277,django__django-15277,PLs,v2,7a8334714d5a01c8894b876c42b01c2c8b2e8dba0c1e492b5cca52f857aeabb1,30c30b436cd56e27feec28c24268664b8400f1198e60d6393af18b9990c3a50a
swe-bench-verified,django__django-15278,django__django-15278,PLp,v2,bce16c2763b22fddbd157762f46dfd8ad7e4c6802f8ea4cc5b40c74f75f35dea,b5277953eed5394b9be209a2fda5788193aa1aee390e856930b51bb4a659cba7
swe-bench-verified,django__django-15278,django__django-15278,PLe,v2,25a10bc1840a9bb6e2e796cdc98d00dc4f8149811c64ab57dcb059c3bc5e28cc,5125842b50ec8f4d25fd34cb9cd217970b6efb4ab769ca277d9c7adb337b0722
swe-bench-verified,django__django-15278,django__django-15278,PLs,v2,6f6205e863d6696d6681280a2261abfb02ec92b6b15ef8476908d3710feb8c76,7be3edb6a6521d3867adbf977f8e70cf1e2b1864ad7d0c380f245d2ee8aec050
swe-bench-verified,django__django-15280,django__django-15280,PLp,v2,df098f4c66ced077e739306f5c6ede3d5a8d1f2784b0400e71073cd1ae887156,bf38ee2237dfa63f3d8ade6f701c3c7956f9433c268510cda18878ea7d81335d
swe-bench-verified,django__django-15280,django__django-15280,PLe,v2,41794861e3e5de85201df8496e60396fb6b252a9cf230ca31a128f4df6403a12,a854b055c5958708de791451f89c752ecf9b3374c4e47a5746c15dadeff50a88
swe-bench-verified,django__django-15280,django__django-15280,PLs,v2,76acacf8ed7dd0badfcc849037124beef8afb0072c2e2827800eece97a57fac3,aa09a674bd43db40d6736198c2920765209527c3348cf37ba216a2a69059dc4e
swe-bench-verified,django__django-15315,django__django-15315,PLp,v2,c5b9ad9e47da0204094e955107f114f04125dccba26346a8ac0ec1497c83da2f,5e329867a7057ead297b0aa435f6769907b1d62622f89d56eed0393521f8872b
swe-bench-verified,django__django-15315,django__django-15315,PLe,v2,a0a742a769202d6aa4b93d35311976b2dcf2845d94db433d817f5be43838fd04,3338164c02d6b5b7ca2c16fd960c14e7ff063c9396c0a054b81d574db38fe403
swe-bench-verified,django__django-15315,django__django-15315,PLs,v2,28ee5ed43024402574eefda4af0ec92171c119c92d55b87a2682f1962a9224ea,f79fa3520559fa4ee84ba87b6f28b71f3764e2e81f41172038519f300f175c01
swe-bench-verified,django__django-15368,django__django-15368,PLp,v2,d6324dccc5ea8e6e716f5d64f1bc74fb057cc181cee2bf77a28e8d185cfe7bf7,8a4f3aeaac6d0948123286e976ed3b1944c4c4eba84ba395cc15bd18aa3461e2
swe-bench-verified,django__django-15368,django__django-15368,PLe,v2,4c5e9921f7a9e8046ebeeef82a1dc5e79b0c1dbe7982e0f2f32df11f639731b3,06b01ca50043aed65459791ef35829d4d49c5d8f584fdb5728364df83956261b
swe-bench-verified,django__django-15368,django__django-15368,PLs,v2,36e705889b64aca13919fac2b29063830d460488570e752041d2b09ddaaa9411,88a00e0a1c632cb8b9d4a173c8847079e581234d840f49fe619b51c27ed2c09e
swe-bench-verified,django__django-15375,django__django-15375,PLp,v2,733a36f4dc2cc7a7ca4653c0bb91cbce9c519d7fb34ba33af8d6aea4e07f7a62,8f2479d6e54e355715a695c4084e3c6302083a63fd7735dcc5778fbf5ebb7514
swe-bench-verified,django__django-15375,django__django-15375,PLe,v2,7dd0542fb2b78e1a7110824b9a2439d6d91f958c92e86e77a06e683a96c71ce0,47655df0beae312c65ee08d400380901da05638b700d87e9a1ed0f46584d0915
swe-bench-verified,django__django-15375,django__django-15375,PLs,v2,f83d53e5bc5f14bdfb3e03bea0d591d1e9dd25181f1339f1d40cab7ed3465b63,21be09d08323e52e72f367b8a7ea9a3f56826d2d8b68d03befb1a0d2c2cc2390
swe-bench-verified,django__django-15380,django__django-15380,PLp,v2,37f0305230ecfa77f077085cef529824762936e20054d09c6feff1624fe4f5e8,c4909e05f9a5a8071506efc04880ea06b5a9cd65cfd81d91e551264f97079827
swe-bench-verified,django__django-15380,django__django-15380,PLe,v2,c430091ce1c8c648c99f21001346db90cdfefbf198eddac7b27df3284daaae62,dd2bbd5809b4876e20d6d64ebe2f451166365df5adc0079045e29f1a6d1a88ba
swe-bench-verified,django__django-15380,django__django-15380,PLs,v2,2f45829269570366b7cb222902b1c05e3e18b1dfff958573bc4012ac18886fc6,4048618ce5725749aea736e136d4e1c3914408b9663daebb0d37f4461a162861
swe-bench-verified,django__django-15467,django__django-15467,PLp,v2,f17e096c46f33efd6a006eab186a15c3d5e23b30b9a0b9fb9ec4ee01c1980040,4ba9643a38756e4269464cf0a743d1b1dd870d715d2b6cafb3b65bcf3e01d28a
swe-bench-verified,django__django-15467,django__django-15467,PLe,v2,b40d5446993288f9948fc86b4a3ead6ca7f69ef553fb80744a781523a08f10e1,c1abc24f464a9f593c59e122af6cba18813718392e3b13273a5c4ba7ad49853a
swe-bench-verified,django__django-15467,django__django-15467,PLs,v2,0b46b1a6cf057a03dbf77894c1126a4b38ea1e9580f9ec41ae9a09e8234ecdca,b4f97ec1d034c1504dea5d5cc829f9a30e8e35a691e2a25f80725e207d856b83
swe-bench-verified,django__django-15503,django__django-15503,PLp,v2,1f00817f5f2ee1d1363d31416c985586230afafdf33fe4509163d5f6f53f1778,3a6a9f945554530b715b1528fdcd61ad19ec33727620826d4920e482aee0b8dc
swe-bench-verified,django__django-15503,django__django-15503,PLe,v2,f646dc08bc0d1cf63c538ab4de539203a6c95a6b2d4a522aefc862c172d2e0ef,07b5179d6b9b0261fc84e3e134834cfe8a3ace34efb1bdec93304bad6ab9e3f2
swe-bench-verified,django__django-15503,django__django-15503,PLs,v2,bd18eba8470b5212f50f9f2dc197724d39a5ad4cebf509ef9f0df4c27829d2c1,d2f649eca346f667d99a1bfb9719b298f9b011a6d92717039b5e64742d8a3fb0
swe-bench-verified,django__django-15525,django__django-15525,PLp,v2,e837bec2dece45106da8449e775a63ef5604fb01723797b39cf35fd62b3c7b47,9767fcf5a17f19215f8ccbb261da3cb86d8fe50141f2bcdb9e2674289cf81445
swe-bench-verified,django__django-15525,django__django-15525,PLe,v2,d223cbddbde9d6c5574e6fe58cd03137d6c30aeb938300f7e38ad8213adaa253,ab9f78832a7af421bf49e38de3952b1dc5f304aad56ee316240f10cde448e9ad
swe-bench-verified,django__django-15525,django__django-15525,PLs,v2,7b686c15faa4e190b7c8d48211b10f5df45f07b19cdd8e2e59a68da1d320591a,5b1f1ab45a53f3263b3061f5b92a50523e5ab4d1b68dff830f16e2f297c81968
swe-bench-verified,django__django-15554,django__django-15554,PLp,v2,053250f53e8b96a7dac9faf2d6ef37e0c995841e8dab104ebe56eb42e4337d4f,420731014e7ab9062be3ad72fddc83e925826e54fb9ca4d73bbc1476f40b97f2
swe-bench-verified,django__django-15554,django__django-15554,PLe,v2,008619f571408130536829bd213d7215fdd5ccb7fc39c7df828896ad277256d3,9bf99744adb55e08416ddd8b326b69d101160f297a061c1fbe82a74f61f97ea4
swe-bench-verified,django__django-15554,django__django-15554,PLs,v2,6409d81436c8de21909df4f2120f63e4738af1a37732b256018f5b35a03e6e17,941f67770452196a6644778d967472c98bfa3761754396f02dbf74173cd29882
swe-bench-verified,django__django-15561,django__django-15561,PLp,v2,cb47bd65e147585618ddef555269837f3495f9fa8dcb97e0fac95eac31a68026,c5517bd034980fc6ad458b498a546b48e8753046fb6f89a05bd8a558dea073ea
swe-bench-verified,django__django-15561,django__django-15561,PLe,v2,9f78857c0d84fb5c9901e89fb25ae741ff00e23b7cc1603ff7d19a29c7785bd6,e06bbd5982f4c6749d54ea33f0aa8a497a9466803b34748da0b6e21ffbd23086
swe-bench-verified,django__django-15561,django__django-15561,PLs,v2,5c82bd77027285a67489bed518cfda651581856e78512b1319d084166b028b6d,25df1dbc46e626d47ddcd59af15724ff9adc7228d4bed992d7cd7bb8d1471bad
swe-bench-verified,django__django-15563,django__django-15563,PLp,v2,4f2677b33c87b24455d345e76010e316a9c0eb4be8a8c6255b2d780f44c15333,1beeb268d687ab0d1c3eb9173042885a3bf2fec80d68d83ce5e1249493b3533a
swe-bench-verified,django__django-15563,django__django-15563,PLe,v2,14c199b640289771e987072a9b35e6b709ad2d82c0662535346b442db2acc12c,df62ec38523fe4f4f23d12bc85dfa98dd7e28484ceaa19d89eec6e4bda0ae5c7
swe-bench-verified,django__django-15563,django__django-15563,PLs,v2,53b374f26628638ba53340bc443f4fc13f053c673d2979b7466676b3c7f4f744,7fc7238e99559b9d780633e86831c94c581c2a66b97e0a4f79131d08bfc7c49a
swe-bench-verified,django__django-15569,django__django-15569,PLp,v2,35f7e338f253faab4f9e2d2012c22a68ff596b475739b46a99744ddb003eec71,d7a0650eefc3c2853156922912b96773cfacf3725091392359947a6f8a7ef17e
swe-bench-verified,django__django-15569,django__django-15569,PLe,v2,7b6c8465d10b14142e3b14d4076b65e6929e19f9b8fb03d9142f466a5eedb7bf,6f320ef62e248bd47a5bb45ce33a9ed3c67fcde51fd0ce99dcf2441dfe00d68a
swe-bench-verified,django__django-15569,django__django-15569,PLs,v2,37d62983fcd08d60b84e1c9c01aa92e325fbd98a1741682f079a320a3e31f512,92c7eae274699ecdc2dc4447ae28fff24131c852308dd69aaf8fbcb282460f4a
swe-bench-verified,django__django-15695,django__django-15695,PLp,v2,ac53ab7e1b6c4eda44c027e3eca9ac023edac085ef157679f25b289e9a970fd6,eb8609a7dcdf90bc7e7cf188fafc38173e921619da0e09c50ba38994e8e76965
swe-bench-verified,django__django-15695,django__django-15695,PLe,v2,1daad80edc03a927085dcad4a548ade123a76b4f088f5c8efe466c1bf637db62,0d07f925436d99ca1a1c746058a0c2a1e8fba90f0f8bf1b3eecbe5f1d9f15384
swe-bench-verified,django__django-15695,django__django-15695,PLs,v2,8eda70bffb430d4844430c2e4e1f83a6aba5233b402435b1c37f8960458aa49b,2193ba942100e0c53689895378f5425c9ff56802d2df3bc3cf23f17df373f167
swe-bench-verified,django__django-15731,django__django-15731,PLp,v2,8014d69dd68ec460579e44b888bd1b9e19c8af5e4633fd332da1d503cceb0fe4,7bf8d6655f54def8928640b959f1dabf5a53d0a7985f720230193f0f8886496f
swe-bench-verified,django__django-15731,django__django-15731,PLe,v2,208a0319a00fad656f14661bcde4240a932462881a7b22143af1eca8c7255d1c,ff4f376ed8f204f00f94a0c4d96e9a91f347b7b0b70508747df3e41cfa80debd
swe-bench-verified,django__django-15731,django__django-15731,PLs,v2,ca0abcfa2e026acbbbd6d50902431c353ec8e3b96a3a3dd997f0183592109199,26aada1498b4564120b29b4b04122cba1cb05fa3c8bad5b5cbbf3ca313fec1e1
swe-bench-verified,django__django-15732,django__django-15732,PLp,v2,46447bae9dc50956b7777164a526ff5f3b43609acda38c03caf68de1e5c4569b,5b5c5c11183b22c3216a4b8fa545c6f8b78ecc48233033d7a0ab19b38e79a5c6
swe-bench-verified,django__django-15732,django__django-15732,PLe,v2,838507490d810e363c1940c5aa6535c39608348a59afd13eee7b98ce36bd2e60,32440e10b84357d5ac5700293c21cb9f004c8680bfed48957ce15e9a21ec7d0e
swe-bench-verified,django__django-15732,django__django-15732,PLs,v2,cfb229d738b43af942d1f32a2db0d15eed148286ded4c21985604e2b0a0ab542,98600385138aa2c9c31f36d73ed53b501f1ca18197a51d84f38380c3c51b55df
swe-bench-verified,django__django-15741,django__django-15741,PLp,v2,bdd6f48b62d2df7445034ebf549bb2ca771e908b5ad8a6af756458c7812afe6d,a930f24202001924e582c9b84f977fa4cf22ef96adb56c3158fad04dcbee040a
swe-bench-verified,django__django-15741,django__django-15741,PLe,v2,93a141eeb50d6da10e51ff5f3bd4842684b77233204a3af6f284ca163376c5d0,8c5e81d73a7f5c01d0409b0250b980f370cccbb171d83244112dfa5db07b85dd
swe-bench-verified,django__django-15741,django__django-15741,PLs,v2,e1857957eff27c6820acbe33d91333a2bf6e965b6d03debdf34135f92ef099fb,30e6f1d697e0ec9a4a8f3c6d419196d47f549a41d7ee937fd780f951a2f5cba7
swe-bench-verified,django__django-15814,django__django-15814,PLp,v2,f8a48c99e4c12b661505c8e0912b971c3022fab6b16e2d7aa6b5ce6555b079d0,ae06f10d01cfba6497eee2ed00a2f3e912aa99c1e5e94fd77b5e949fe7eae5f2
swe-bench-verified,django__django-15814,django__django-15814,PLe,v2,4e6eb1816b16547512baf78979c780a714f52c8b4a212dfcf9d24b76c2b6b520,d45e4163a9f55bf4606a23a8be037c90e0e9f534d1d999cd7a7c15a49ea03be7
swe-bench-verified,django__django-15814,django__django-15814,PLs,v2,f491fbabebb2885882cbde2597b62789f1bafa29df00add8ca1f59610301dc96,a3c8ad2bc17a69d2b734bf6ded0d21fcbb947b9a1071571a01527d145afebc35
swe-bench-verified,django__django-15851,django__django-15851,PLp,v2,1807d2cc920488e396b5365053fb598b58e96147341543446d6efda38e619841,c15d4c7b2ca1d748374d4ba42f6516c818c3f0f3b79c144176fcc65034eb8481
swe-bench-verified,django__django-15851,django__django-15851,PLe,v2,4f62890f04f8afd31212641ad14c0f45242912067af04360e16dcc83389b198e,540e75a7f5b1e3ce8e8d715a502b98188572223d038fee1abe5bbe9d9637258f
swe-bench-verified,django__django-15851,django__django-15851,PLs,v2,10a82e52b11a07a7f2b7c4f07b6ad2e3ef15b52ac450dce3b300222d5a2df21f,9c87e670ef9d25fd63a659353c2dd2f0e1cb88babbf5813af7c7c2e6fea55271
swe-bench-verified,django__django-15863,django__django-15863,PLp,v2,98a9382e9ce5de69db6e8e4c7261cb56b72bed269bd96a8d7aec909403d76d62,acbb46b86b5ad8e94e0813190815d07fe3d35e341ddd39a8416141ecb8be2cbc
swe-bench-verified,django__django-15863,django__django-15863,PLe,v2,d0e2d785b6a648409bfcdedeb7a66d21842afecd3f87b3e24a80880d6123e5a8,e18336988b8a5b6b127feec48d34f3070db727779d8df2ec908a250920f7118f
swe-bench-verified,django__django-15863,django__django-15863,PLs,v2,3e834421acf9fc47df757214b89924999c4d205fe32978ce33c308beb7489f62,d6c770b6fc4a40135ad075d32791b94a28b3d832f8b46e983d711afe05d48cd9
swe-bench-verified,django__django-15957,django__django-15957,PLp,v2,b2180e0eab8427884cee93af12bd4358522c5a1661d97c489cf3073ec655f1ab,9199f1c51517e330bf3443b76119707f98674307b10bf1deeb6fa630d3824631
swe-bench-verified,django__django-15957,django__django-15957,PLe,v2,222cce0fc78ea24f9a3975ea3544e92c5fd80f68afe7f94d8bc34042cf976216,9c5f5cc96dffb370a86f2745fd37db70eafbd0c22614491e7c4621c41fb95012
swe-bench-verified,django__django-15957,django__django-15957,PLs,v2,8ca57f7bf6d7158d5ebe49bc3483b4f770baf6e3f9f427c94c104c7810a6fdde,a211e0bdd6507aca6369029daa3b77ef0891fb8775ee2f7082b0f53f6c6da84f
swe-bench-verified,django__django-15987,django__django-15987,PLp,v2,9afb7f72d45d3861f2db27ccd40e6ee34794a99a49fdb8369ef957a92a7691fa,024d7b4a384198c8e3113decac91121f4b5d225899c0c1632c3e15de14a985d5
swe-bench-verified,django__django-15987,django__django-15987,PLe,v2,5e8d77666b8dc0c800a672933d7ae23b8199f291a3aa65c7103f7691c7a79e85,c0a8ad75b3507f2b1a4d978262b6d2a45c1636a82674b8e7c73681334b4498d6
swe-bench-verified,django__django-15987,django__django-15987,PLs,v2,3143bb1bdde53e2b30120d600a06f1fabdc4368ef779b59be10a2c3855de0788,8f4414933015b100d8c7c5952ef30c121c69c0ddbf8d561e07263c467c9777fc
swe-bench-verified,django__django-16082,django__django-16082,PLp,v2,f7557111e7a2eca0a7ec7dceef353e2bb2f88307f1989a83d347c73f162dcdce,26a9e6e87c4ab3e3cf7890dad9e9ebfe6257fdd46c816ce9611346bfac542cb8
swe-bench-verified,django__django-16082,django__django-16082,PLe,v2,aa5e4daddc9598fd3d410be7b0a779b0a551c8d72f2b1508fe12675abf8ee722,18a9e30ae37425f6810df522080a2d531f07a0a6bff4fe9127e06b5985791b5a
swe-bench-verified,django__django-16082,django__django-16082,PLs,v2,3ec4d6ec694419cf0aff4b4983487ffea0768a8e7d113c2f70fda0ba236a6caa,2c58bc1fd34ae4e28376fe00025077321ee59b9a0ae616cff47466cc582bf9dc
swe-bench-verified,django__django-16100,django__django-16100,PLp,v2,c105d8ef4aa458abfba6c52bdf6fe628d0e87be3bd2aa1456f38585ec969791d,b2b446d1838284074eaf2ffe3db5739a03e3ac763fd9b0c2af28a237756eeade
swe-bench-verified,django__django-16100,django__django-16100,PLe,v2,9668f903327cc198a825f7ca3c7cbfc7fc98bda45f66a3268d4043310ed7000e,69ac201d5327a194a3138ee30b524e22f55d8318b0d105d1f9afc68468aef2ca
swe-bench-verified,django__django-16100,django__django-16100,PLs,v2,5367c7fe0918087d570d5ddf642eca5e5f2f9ddc488e65fd5f88ff4853b8063e,455104d3d7f38a5b0cbce5b0a057451bf35e1ceae4c2322ecfd2d4a6c474df79
swe-bench-verified,django__django-16116,django__django-16116,PLp,v2,891432c3139d8ddf5a7654ac78437a60b4c2421b56201ab43a96a7b172967f4e,713692e6f2669169a6ae99ccfd8cd7821957ce288e3dfb023820370d681b79c9
swe-bench-verified,django__django-16116,django__django-16116,PLe,v2,159996c4aa59b3c75272b2a60e015bf04067537975ca308a900a7e21ed49baa9,7fc680aaf3d0511736b357d6aa58f1c316f6bff0d8ef48c2cf0d6e002bbb6129
swe-bench-verified,django__django-16116,django__django-16116,PLs,v2,6ddc14b16b41c54f0d3082e259b28b2ae8f566191cd91bf8c24dd8f2a3ffacef,8bc7adeeda34c588e8124ba38360a545eb3c856305db2560b2daf455efbcc32b
swe-bench-verified,django__django-16136,django__django-16136,PLp,v2,33b69e22e1876bbebe9de498320ac2ec81be7cd09907a302da6c99249b205f1e,ea31c0b084d96358a8f5f88728a19a0d9ddaa10a4a54f59fb481b6692f8b066d
swe-bench-verified,django__django-16136,django__django-16136,PLe,v2,d1c1f042746af341dd408be700601d3c961d258998e5e6af09fc742d21661ed6,a87fe46f675148def1a5a4deaa4750b35239fe07488107aa6033a9fafc5c79c4
swe-bench-verified,django__django-16136,django__django-16136,PLs,v2,5ff5dcd0d09396a6d27608658f28e0aee01d5c486637515c4effbec665fa0740,d629fe3f5170aee1237d35309ed34e3477609088d551b1587c0e0d611a9b9e9e
swe-bench-verified,django__django-16139,django__django-16139,PLp,v2,21926b3369d41866236395ed3b3face64d6a486edbfcf2493887a387e05b35af,2d832013858578e02c51eace6d138179cf6e3fde6f891b8aff27faaf50eb5ed4
swe-bench-verified,django__django-16139,django__django-16139,PLe,v2,1955816140d72459d1905d84c09434bcfdb9dda9ccb053e38ba95cebbc6534a1,0ed17a5465777a63304809062698ba2878f5bcb631189fdbab7cc62af379a482
swe-bench-verified,django__django-16139,django__django-16139,PLs,v2,cab073fb6f45a26a61d232b2058fa2782e3ed8b791ef826b5d89d3c8ddc3c2ec,a3f33b9c9037de861be4d2e60e07b8c24cc878ee947c81be197b06fc4a91b808
swe-bench-verified,django__django-16145,django__django-16145,PLp,v2,8819a7e60ed1286257f4959a05773ba4c23b1f0417f816c9600afc1fb50a5c35,62b526968f644ceffbc99b0ed43c379bdb0137c1d74529183cedfefc24fadec9
swe-bench-verified,django__django-16145,django__django-16145,PLe,v2,61c9fb90673ce2d53406578175c06edf12f62b929664c3b6dc7ffdc91f622e22,581b9c30a1ce34b41b6ea0107ab07031ad1f787226ea698979527f9b8bb3a752
swe-bench-verified,django__django-16145,django__django-16145,PLs,v2,37fad025a5d634df985f4701d8b566c90dd2afad4a0990830a58165c60036cef,92b62cb050f6c62faabd71ccc81d781afef1938f68ee8bf8b15560bddd7a13fe
swe-bench-verified,django__django-16255,django__django-16255,PLp,v2,6f7bec30fc16527c93d62f8fcd291cde88a35b880da5c8b83d8c5bff29b34a13,ddc0c908f8021898cf7a759efd0415334151397a145131693e615ffceac80f28
swe-bench-verified,django__django-16255,django__django-16255,PLe,v2,d47c032e5ac8e069a27a0d494426837a8528bf27da56f3c11482b3004df3c26e,75b9d48dab3a589acd7f79552c36b9d3d9611dcd5f4564b4f719e6d51f22213e
swe-bench-verified,django__django-16255,django__django-16255,PLs,v2,2ce35cc03ce307e13a248746666186e5a46724e3b5c5ac8e7e4edee4946ded72,f3f11fd46aa2c21f31809a8418a99f58560df24059b337bb3d0b6e7c6cf2d200
swe-bench-verified,django__django-16315,django__django-16315,PLp,v2,d70d167985d78e9a34fffd52b40a461ee21af5d81340e73e19c1f68dba65b794,790fa43c5b09f13f5d2b30f192a040a32e573e104b1e3be3034012c68f3cdb0d
swe-bench-verified,django__django-16315,django__django-16315,PLe,v2,8c13596e6feb0971adfcde7b2766208443be95a12ccd1472564e0aa4f7f7da8a,d7e49a12b693c34f4fe358d507c10c107090933c00cee570c5c605b59a6bd21f
swe-bench-verified,django__django-16315,django__django-16315,PLs,v2,eb51f7c94aa51085a432435af02777757d78b4c95076284be70da4465b77bf75,121aa0c0f0452c2aeff6367d01a99f3751015ce58db15bfbf99dafcaee5a88f7
swe-bench-verified,django__django-16333,django__django-16333,PLp,v2,280c6429fdf867a7905e888bbf1cf2b85c774446f9fe617e131a8c94ab63a5a3,e56e6b0da14cd2990c9558c4a768e9c9cee55703b1a299a760cb1c3683f42540
swe-bench-verified,django__django-16333,django__django-16333,PLe,v2,6701b81d2e605f581072e18078c45728e822f38855993d6b90ebf2c8c5221ff2,38560637b76314e17df1df800e1b1139e229f19c335424ce277508b83f7b1b60
swe-bench-verified,django__django-16333,django__django-16333,PLs,v2,605723b70df9fa5c04d864e944b9af890f6949a85210113912233eda2db6cf74,30a927c016f4d09d0ebd4dde83b60a883b398582a0731bc76c6836140b76482e
swe-bench-verified,django__django-16429,django__django-16429,PLp,v2,ed698e547a5c36d1bdb9fd5f5a4c0a4f4295ab52b6f06e367f4a63317f5dd99b,515fc1d58b86a1370de973489a80d6a9b9d4e8f637f7250d4b7db5ef6253f1b4
swe-bench-verified,django__django-16429,django__django-16429,PLe,v2,3eb6cc59c983a4b9fa20fd34b3c0abf87a4a48fe3b2e61eca6747743bcd7675d,243f0141b20685bbb9f5d38f705497585b58c4332d5223efaddc930eaccad284
swe-bench-verified,django__django-16429,django__django-16429,PLs,v2,0a909a042aaf3865ab6bb3d76204319cb05eb132e264c053079dcfcba71a892c,32a0faf41fe0831b6de0fd52baf2178bfb97c25fadb792a9447bf3cd825935f0
swe-bench-verified,django__django-16454,django__django-16454,PLp,v2,34a6fc3b682c88c851c14d43d1db700b8b1c074a077af74cefb055c2516b2ed0,e042ea79106178bc8a2bef1d0319bcb3be4b412aefe09a1cdd0b4dd688d6018a
swe-bench-verified,django__django-16454,django__django-16454,PLe,v2,5a6c115def72c679de297f9f81c21134850c8e56dda196b922ce6ee4b02d71d6,7ff4bc475de32ee908bd5bf93dff1463f8a16b9b102e5b870f65310eac056332
swe-bench-verified,django__django-16454,django__django-16454,PLs,v2,db8f4a98181f263bc851ea128ae6f0fa35898df88f296c6f7e3532a11c9b78b5,e077ab09bc02ec81e8e807f01a43ac31522ae96014fdf818e8b4ee6cff607562
swe-bench-verified,django__django-16485,django__django-16485,PLp,v2,c77dfab5eefce7cb2ca4568f92bea9049809cde66050e431ff26da42c53b9344,28194ab60440bddb9c153e58e72c4acc50be5d928ef63d88b15274e1548a1930
swe-bench-verified,django__django-16485,django__django-16485,PLe,v2,06c842bfccfb9f4767de460ae4ffc8a59678b29464a051ff3fdb38fa0a0d5a23,be3227ff90812fbbafd30ab537158b4dcdfc040f4091e12e4314f3bd74251bd4
swe-bench-verified,django__django-16485,django__django-16485,PLs,v2,d93aebef43b22195ad3a2c9f63039377fc2842694df87b56419892f93f228e27,d8f84b78b6b7225206477852447c99ef3db1e7394b8e620299d861987ba1a020
swe-bench-verified,django__django-16493,django__django-16493,PLp,v2,55473f749bef20d57330b48cc288a176947b25a0b047a9f3da97336066b566d4,9191b13f48c4966c9041cf04f2498f4f8012b5bb213a6ff11ac31a7636c1a928
swe-bench-verified,django__django-16493,django__django-16493,PLe,v2,61856672b5dbf567bba15413357b6dfc943296e8f44098512981a8d4388c78bb,0896d69c9b8d71841ee9ee8892123c1785aa95cfa4c0d26f9270fe61e20288d2
swe-bench-verified,django__django-16493,django__django-16493,PLs,v2,2814c12c5347774b20500c51b77c6553a97c79a510f32613f4e5230be9874d39,328584e8e61839787f42eb8046c0bf9a82ce2e589ab4b513b4b542142e1b239f
swe-bench-verified,django__django-16527,django__django-16527,PLp,v2,9e80ea87fff4942d024090b4c882bf50a107821a7007a894458ca5c0cb0e5137,26599e9cc2984ca7d0ee3f7392de47b4da63857fc80156fc9f463f614b288ca3
swe-bench-verified,django__django-16527,django__django-16527,PLe,v2,5868ba7bd5a57b722b54e9722161db3e10e6b5c7c3e2854fb3f30829287f085c,79277b10e9ab0c8580e8414500d5727146b82df2e6ad395a736342695117a1ec
swe-bench-verified,django__django-16527,django__django-16527,PLs,v2,edeab714657b4a69324c98da639a8ee63651aef52b319ad981d1d61340e90a4e,eab1017b7a9f99e2ace77d42f07d3f01423ecefd74edf88ea7291533df4ff8f8
swe-bench-verified,django__django-16560,django__django-16560,PLp,v2,ded46f4463de420ab0dc7beaae52855f4737135949c20ff72da25b22022b3d12,1c4b20012dd0e2e1c190be610943fa29f7b7e76e75df57aee62e309f8c3e6c70
swe-bench-verified,django__django-16560,django__django-16560,PLe,v2,cf6435bb8f8bbf1233fb6bf40e45afa33b9469101a03ef474bd70a73f3e57434,3e109612fbd2d81e9e6a48f676714b56b7305dc5524d5f023de5f21312ba0857
swe-bench-verified,django__django-16560,django__django-16560,PLs,v2,890b201862f4e7d1eaefacc9bb89f56d7d5a9f263d89d3844bfb011a8d822c8e,343fde4f90a6deda04d234b5c89ff69993581c6025a3f8d0068ef65f17c8dcb2
swe-bench-verified,django__django-16569,django__django-16569,PLp,v2,ecbe024877e5e32578e465961b7179b41c4554a2d9edd9896a08f8616baf2bf5,6a7b445d0012278905dbc8138f31428e98ce4b40da2a8759a037737450962f34
swe-bench-verified,django__django-16569,django__django-16569,PLe,v2,691f5b8819dd60d3ecf894760438697a3135139315adb412f1ee444e9bd4aac4,581462095309b3bf6b3111b00dba5269f479552e7875789337ff7543dc801f41
swe-bench-verified,django__django-16569,django__django-16569,PLs,v2,0450313d88cbf14ede7a3a1c1d985ec82782e1456103cf4d5839ff822c5a33cf,c8693272ae7ebaaa95359731ed3dd161c6196299b01531af5ff332e82be143cc
swe-bench-verified,django__django-16595,django__django-16595,PLp,v2,189ed946973d9bb0374af04d1c9fa3749e79224c654c1421db1f4b2e0cd1567e,b93a7b76c3ffecbfd08cec31d27006dbf4d7f28c1d098e49a09e4db6e766818b
swe-bench-verified,django__django-16595,django__django-16595,PLe,v2,4bd17a34400e216971f7f9901ae439d9284361528263bbbdc9518ee34dfcf2d4,af2a738a1a23f8d426a23f33e343c6d04717c3ce3879618421f35ff7332577d3
swe-bench-verified,django__django-16595,django__django-16595,PLs,v2,07de5ae9fb279d8e226a7fe06fc5280cfb1c471044e781dcd7480ca9581ec598,29fccb75db33dabb69787f53742ab7a7bf81adcaa9eb6347e3d06cc074ea92ad
swe-bench-verified,django__django-16612,django__django-16612,PLp,v2,8fe375ef5494bfd8d3c1f4db524816676fa15022db3cca5dd3334cf1a544dc10,96b894df273c8e152dd90a95f66557f671cb18bab427c218308d091b0ed9f161
swe-bench-verified,django__django-16612,django__django-16612,PLe,v2,5f71dd2bb622571350784c6dfc2c68f5c11d6e124258a5a9ed0200181257fdcc,b86f99591a58b800dd826da5a757111f7eed6183d870c501be79738592034a28
swe-bench-verified,django__django-16612,django__django-16612,PLs,v2,089f337d2e589d082e645fe825e3123591eceb4997aadf15e01453a8ca00b2bf,71f2a592a037ccc0c43d462ec9ac6f4d6760dc5c861345b30dac357d4d8ed251
swe-bench-verified,django__django-16642,django__django-16642,PLp,v2,54e9cf6f3b387c77a8da3aa418b6c9900e44182da4382cec360d335a5792ebe1,929ec4fc924289ee7356c422bf0fe45967df04ecad96fd70c9cc73d62dbfe4cb
swe-bench-verified,django__django-16642,django__django-16642,PLe,v2,65792a41fd811e7721fab9abb85bcbf673cf0b6aa27e53e781d78a38b408acc5,c6d6cbaf23794356cf6e5db0388637e130092ff63aacf716a77fbf71a483baa6
swe-bench-verified,django__django-16642,django__django-16642,PLs,v2,25c3e878b6c6bd19599ebce2c8e7db6d52ec4369c053173f1049da8edd3e33f4,5a1a7372ffa57eae6c0948b9c789d596aaa3ebdc5509cf73e8070fc7d723f99f
swe-bench-verified,django__django-16661,django__django-16661,PLp,v2,0c124db9d8ae5cd9827fa33c76b1d7eabd376d6b6974b29e79703f4a70c666bf,0eaa3e15a755be668f1329f1a1582d219b26ed0537ab11274dfeab7bcf08e865
swe-bench-verified,django__django-16661,django__django-16661,PLe,v2,53896f53fd8141f759edd86d66d43d8af8cfa0fc0c8c125676e421bcbf7fb2ed,a1ea1f9e1ea5fa649c011cf66e20bd7a5bea90eef90083f523069ff9e817f927
swe-bench-verified,django__django-16661,django__django-16661,PLs,v2,59ce54a5ddfb6cb8fbf6a561eab3f84859fdcb96cc1c754abe9a7439f6d9c69c,d84c1f3d42bd4e263eccfafa2d82247b60ea86d90c83c3b8b707ddfd16b5915d
swe-bench-verified,django__django-16662,django__django-16662,PLp,v2,6c4fc400348b1b43d428ea91fa07c404d7247c2b5b19e99a99e31649a42b34f7,ff152c44fe253eca4c32d32e1dc966ddf8094b7399b835fc91fd2f2e10ecdac9
swe-bench-verified,django__django-16662,django__django-16662,PLe,v2,6e0143cfed50934e7c6ff0e2039f85a13063be196e51d02f1a36f9112c2de48e,96cb238637343b1d7ad3bff5c8cb094aee212b4646523eef0abba101176f9a10
swe-bench-verified,django__django-16662,django__django-16662,PLs,v2,b25af0e201cb9ee092865259f51d51188e9a9344db40e359a9675ea4269cc353,07ed035d8019947a5ce7b454ace60a52535a52d29dfdabc20acf727bc81b2af8
swe-bench-verified,django__django-16801,django__django-16801,PLp,v2,3e5775073060da51f5d025b687dff4bd65691b214bb03b988f41c054cbc4dc20,8d3039529b33069c5887a2545286812b016cd372be5d877d7f567e8aa69c58ca
swe-bench-verified,django__django-16801,django__django-16801,PLe,v2,e1df4077e44fc44068549cec4d376db18636f6f48c1c6927ef61e2892a560f1a,aeae0dbc82f6ffced289709b2accdd7a83e347bf6e33176e9692434526a66691
swe-bench-verified,django__django-16801,django__django-16801,PLs,v2,694b321b7e1a825e269379cdbbb061e6b087e317ae64ad8433a11195ddf6fd32,d84176dd027d04a61331ef3e792378b4a9b2696033b2c1fe1bc65f1a617a1fb4
swe-bench-verified,django__django-16819,django__django-16819,PLp,v2,a7850fc98f580f90c711107859c298ba3db9a84d3f6630934bb9ed92cfbb3b52,b70125a6290fff867e7be56131e0561c2cd2872c31c7c6153c1bfa657ae0acd4
swe-bench-verified,django__django-16819,django__django-16819,PLe,v2,6eb536fe9eb2243bc268e73dd9efad889b2892ca11d7f4f782a33f3b4574f879,4b3bf274e9c950f05d4c6c892ada082958c424d569c0646380dd9ee3bdd019d2
swe-bench-verified,django__django-16819,django__django-16819,PLs,v2,8a67661c7827fb073747ce35ab4a1c0f97e39805ebf5a0f9c05edd0b3afd8604,092075ce5325f2caae541b7300a0ee8ab3e28501e7046a452cb9ae5b819256b9
swe-bench-verified,django__django-16877,django__django-16877,PLp,v2,b77084bd4c686165f3a58f278d0b924bb0e6e4fd0471fb2d593867ffa398bf74,06498bbe8af6a6545900e4271ee6b5613d9d7a35711395a89f95fdaf82827e74
swe-bench-verified,django__django-16877,django__django-16877,PLe,v2,6184539baefb117a2239bc012584dbcd5a6f8d4e5a8d4f6a158319a4816c669b,069cbe069952b84d5e5f6e1cc98450276dcd2eec76d5523649be7e6e9f1be870
swe-bench-verified,django__django-16877,django__django-16877,PLs,v2,d0845d5bd9ea358be1529a116f51c0a6ffe380d4d5a8a1e0e1243d9bff1d3dd7,cfb756bcce820528e6e3e3cb2208ee007e7d84ea6436ab82173ad8717511d461
swe-bench-verified,django__django-16899,django__django-16899,PLp,v2,b8ff43e7e04aed0b3873a27869379bd0a041fcc9e13dc8effe313d5245e0e500,b8cce1780c2ab6c7a5a52e2f4effca26945fc8e193def8de300d24e9a6afcfbf
swe-bench-verified,django__django-16899,django__django-16899,PLe,v2,5b9ed1c099c97217bde053911f0deeccea66aa214ab9b0d7014776554902069e,7c94b39ee432a8f1b4ce1b8ef4eca2752ba532c03cdb19aa66e0153133a6db54
swe-bench-verified,django__django-16899,django__django-16899,PLs,v2,35759cf4ab1c6260d7df424d856335c1d876c6f7880c27b6daf089a8d632b744,1b0615b0fe7a352bab976c17d43286ef7c9f8c58356248baa66c342e64f139b9
swe-bench-verified,django__django-16901,django__django-16901,PLp,v2,f6037f8d4aa35ce35fd0a28d693479537e344aac108b5e0b53a818f78a10b322,fb07360d9372d10549b0c41b2edc8dee59c4de46217f8358dfaf72d82306586a
swe-bench-verified,django__django-16901,django__django-16901,PLe,v2,0183a4f2e9273c6983f642c07a0cf40dd627c53f94757ed5252538e5705a487b,5b3f03a8036362decbd655d31eef0f9131635c1a6d23a6d50e84f2c5c6880710
swe-bench-verified,django__django-16901,django__django-16901,PLs,v2,edd5a1bb19ec112691114fe3f1f5be80ff1bbc20f8ffc03b821b239ef2b49862,f1c9dd231a2446972d73509dd9d228e3dbb8db211c1da2b3f93705e49914f22d
swe-bench-verified,django__django-16938,django__django-16938,PLp,v2,9e2db4f47b881e73c4c784cbf087a995977f3b520299b2c3cacea0096b4ca508,447f954cddb7a771acb071b729e7516a443cbb726df44a36b4d22ba2c5f262be
swe-bench-verified,django__django-16938,django__django-16938,PLe,v2,ca415e205d161f3dc805c0ff1afa3a5189c574d5672ae17c46d4414fd1fc7c1a,f48274f14ea0d88d1ec132342a15f2d1743546b1c675decc00f7c0cdaee87bbe
swe-bench-verified,django__django-16938,django__django-16938,PLs,v2,42eae68970f54e90fdcf6e658f340cfa7e92bb7f9f69d5a7c86f6b8f1abcdc20,5bb5753ac85e13bedfaf66e773bd8d004a99e17bd59aceb7f7c0ba05918e9bdd
swe-bench-verified,django__django-16950,django__django-16950,PLp,v2,d2c8c411ecc2e719631d421dac24770275a07d6f234d1eb2aafdd3bd3aedf7c8,f441e254f8d8321f75dd192a686b37f815c87dcf6cf4267bf823708eb95670e7
swe-bench-verified,django__django-16950,django__django-16950,PLe,v2,bc06e0ef1f10608aef31feac32c34adbfba5dd2416cb101730c3399c6ba951da,611b5624ecb6c22bdb794fb48740571cce1f270ac08474c29ea1a4ba0196b45c
swe-bench-verified,django__django-16950,django__django-16950,PLs,v2,6ed41cc2ba24eb755feb88db2340c0b1fc7a0f2784e570535e04401b27335929,b6b59c074bb2492233d31ec414e3d5d6f36b86b3b5aee55f78c871c2e87705bf
swe-bench-verified,django__django-17029,django__django-17029,PLp,v2,75ac0197894b61d50647aae3f1c7f06c16cf32a01dc40c88217687077c4ccb60,9cf0e1544bf0083adeeae48a8855b819e0ab660c4fdca957f29ef39104dc0d64
swe-bench-verified,django__django-17029,django__django-17029,PLe,v2,cd7fa9719874c7624a78aacf69a2faa344b381e00281614e5fdd78fe8640c3b8,8e7af013ab66b87096b3a6fe477c5167b249d5d4d58034218ecedf8b42941d79
swe-bench-verified,django__django-17029,django__django-17029,PLs,v2,3fda70b44d0c07007f7c5ad3f6c3322b2943fcff6f75ac13e40eb97fda791ed0,2996197c6ce8d6923724db4d13c30e93939a7bb888f796728a9c440ecb8d0be2
swe-bench-verified,django__django-17084,django__django-17084,PLp,v2,d875014c664814405d86b005f70dd2e3143c1d696cc7f21d6bb77410d35f9bc2,5bb0669b1c15b1e8e7db58675c0ba4274deb02342adcc3663ddb6f5cf56fb87d
swe-bench-verified,django__django-17084,django__django-17084,PLe,v2,37fa5d7825cbc07b8f664d45befab38ea405302e9590982c6b00f7ee827b204e,93af3753788930aeac6cb9b9a8e16762a38323cfe40d2f60a71b1ad010dfab50
swe-bench-verified,django__django-17084,django__django-17084,PLs,v2,cc85f8572403f072f1f9f64c84aa2ef2f13d6a5a00975b3d9fdbd8d1df48a59c,7c5f9b502f25af7ba40438a14d89a9f3a0736c8332c143270f679608937eebbf
swe-bench-verified,django__django-17087,django__django-17087,PLp,v2,347ecb86ebd685843aa4371fd6d41f8a723adb0fd5a49737e5f155dccb243355,a6c0b986f19e3f462433b9e589229ed582a97228043f3a4d4d41fe1f4207dc1d
swe-bench-verified,django__django-17087,django__django-17087,PLe,v2,340a11044e1095125d1095fb8d2c4d2a1d90b08ec0b5f2d533b161e101db4291,b850f5fd495b8c00d4e13ba7857211602e37b5cc85a157adf44181a00bbd495a
swe-bench-verified,django__django-17087,django__django-17087,PLs,v2,75fe67107b6d4108eabeeb20836309eb9ea46b10fa1e9a9ceb45e48a801774b0,840f660e506efc47a92b75dbbb0772a3af19c0a33a2a3ca2a7119277d6dac80c
swe-bench-verified,django__django-7530,django__django-7530,PLp,v2,7fcfb5f502e89f4e11d629022af2af99af7db034d5769516f4431e1d11bb0cea,4ac754f1435bd9353cd1b59ad62548005219e2c4eea1c42caa9aeadc27fa0aac
swe-bench-verified,django__django-7530,django__django-7530,PLe,v2,6e0c071da1e7d95730727d70796300590fddb2240626500ea8e5349a43a84b63,7e29fdf014411e846e95fd94fd1e500e5617bbd3cbde8e592945764f27259789
swe-bench-verified,django__django-7530,django__django-7530,PLs,v2,bcf53be2e6050c809b75c722be554b3f1ab8523504c961481a9bfe565d0f0cc5,eacbca5720f0437405ef763511ff20574f5a2111b75576bcb5ffc0314a0caaa8
swe-bench-verified,django__django-9296,django__django-9296,PLp,v2,def4f8e74b738f7c7af4dbf7acbe33daeb2cc9d679d86b5b3359cbb44f0eeb2c,ab75b17d8dbf400d08ec2176ff7087cf0e6bf29cad37cd10a141a21bbd9f76f8
swe-bench-verified,django__django-9296,django__django-9296,PLe,v2,81b79d66ab314b06ec99456d01cfb48705bb769c7c90e5435f0d6cbb73b93228,55cf155489b4865cc00293370460fbb6f9559b2c0c7b850c52a450a20196af2f
swe-bench-verified,django__django-9296,django__django-9296,PLs,v2,4a8c27be599e35a6414da0d90e76d0563cd34ecf716ae2eacff5aa422b6c2238,b186e7f660d02da6fa97466fa82ec58f2f8f1c1afa3441c7f24c7df370940642
swe-bench-verified,matplotlib__matplotlib-13989,matplotlib__matplotlib-13989,PLp,v2,585f22d9ad825e32598fa66f31a65755fb042f6f7667005ce78768d4b94a6704,4313e8cc42f345f722ac3837aa8c108767862aeb03d67023dcecb934a2e6642a
swe-bench-verified,matplotlib__matplotlib-13989,matplotlib__matplotlib-13989,PLe,v2,ea7be8af91b1617c8bbfa1ae0bd9285761212c08fbec0aec2abda9a468ce0f64,0bea8294b719573af5197dfcd6f74cfb7badb2029e6e142c6b404634adbda12f
swe-bench-verified,matplotlib__matplotlib-13989,matplotlib__matplotlib-13989,PLs,v2,b4a7b919105c2b52002eadbc8ac83569f73453150b93543e46159b84b6a55fe0,0bcf5bed07dcab70967dc96c52af4c5f02caa86fde0df8eddec010c753fb1730
swe-bench-verified,matplotlib__matplotlib-14623,matplotlib__matplotlib-14623,PLp,v2,656003a058576f208c27c755f53cee307ff4c861a76f9247f46cbeb7e530768e,2f1d62900b625134626dea5a78ec513eee7358b56d0b3f10591de96f723b8cec
swe-bench-verified,matplotlib__matplotlib-14623,matplotlib__matplotlib-14623,PLe,v2,358f2029f15a4c482e5fa302bd0c3cb2320f170cdb9cd6b5c0b7187964305434,d7736ee3e52f20a943cd85f8925a67856ff993dae4b1acc2ba10e648d2a24bef
swe-bench-verified,matplotlib__matplotlib-14623,matplotlib__matplotlib-14623,PLs,v2,61f3c93f8597f9f530867aaac2d9755e540802df7ae20a7aa64cde0b1a2ea47f,ac520497749409369480f2cfe77b632c87310bd72d76f9482596398f45624ef6
swe-bench-verified,matplotlib__matplotlib-20488,matplotlib__matplotlib-20488,PLp,v2,1f95b0a1c79d8a000eb34d5a16a929d10ce73a44b3ec75301184bc958acb7d8d,61b9a982e069b7c4a24543002184bf2fb0cc0decfd360cfefa75280265f74664
swe-bench-verified,matplotlib__matplotlib-20488,matplotlib__matplotlib-20488,PLe,v2,90a50aade904b1231aff2baf7d76b8db91e76026ed9ad21857b824d53f2f4ab0,44bc207bce6c8b35ab546953c2b3939f09f5753c2eb54150e1e36c438d8ea695
swe-bench-verified,matplotlib__matplotlib-20488,matplotlib__matplotlib-20488,PLs,v2,2871200f310cb45b3e7e7a897b53ce3423efd77e6607e8ec2f9369c273800f26,3d7aeafc487ebb43327d379faeebaf8d142c9e9196caaf1e638b57c2ce19162f
swe-bench-verified,matplotlib__matplotlib-20676,matplotlib__matplotlib-20676,PLp,v2,56c408b0e2d567ebe3e8aec06db0f2b138751dba1f158b8a2a17f09e9747fc27,341f53c782e0d6b3060a5cfd2904f897869984f92d27ae00ef5b07901061808c
swe-bench-verified,matplotlib__matplotlib-20676,matplotlib__matplotlib-20676,PLe,v2,f69670a5fa5c3f74838b54c53dd7c34fc6b890bf02522dfb7e0df299b2d6ed9d,beb9b3de9db303e90ef11ee7f255dd5e1f26ea64551eecb03b32daef7c4b5d7e
swe-bench-verified,matplotlib__matplotlib-20676,matplotlib__matplotlib-20676,PLs,v2,2e3a399157a64f8dee397bdc56cbb59e1c9168886f8302c6fb31607c5330dd30,d2ec21f81e688b65af20eaf1ae1b473c5df5884cdd837c639118663fea1a5a9c
swe-bench-verified,matplotlib__matplotlib-20826,matplotlib__matplotlib-20826,PLp,v2,51fc99cbd2c6bd5c0103ebf9405a47b826f8378ea9714d3fb54de74c16d9e7d1,1acf35bcb987156dec82666ba99379c737e7f5564763dbdebc6157dc16629fe2
swe-bench-verified,matplotlib__matplotlib-20826,matplotlib__matplotlib-20826,PLe,v2,b410855f32bb9e23bbef045157f426607cad6b76f3be0cefc4955706513c0d55,f45a67d4cee099dc133090e45a543017d445f693030f4df68929333e12205c88
swe-bench-verified,matplotlib__matplotlib-20826,matplotlib__matplotlib-20826,PLs,v2,3f765926eec190349804de54aae1da4968ff3ebc2c652cd546b212190b5556e0,24af70ca8ba640f1ac7a26dccdc3c5db6aefa5969de4c66e69a12479b9055a84
swe-bench-verified,matplotlib__matplotlib-20859,matplotlib__matplotlib-20859,PLp,v2,659311da6fa8bbe684d7ee55a7f25c2e45ecc43fcce4bb5bcc82783c8cb70532,a381856e095e255da0196d2647f3051a8cb522aea29d71cb6a0a37c233038ff3
swe-bench-verified,matplotlib__matplotlib-20859,matplotlib__matplotlib-20859,PLe,v2,285a92e7b79754706c8c24d72c0835aa33ebe13624e53824ff200480a8c1cbd6,cf7a32da3dfe680be640a7790f8739694b9e0b676ca4788b35d16a9181f5f648
swe-bench-verified,matplotlib__matplotlib-20859,matplotlib__matplotlib-20859,PLs,v2,11ea478b22b2281bbb5941ffe52b8391d7054e4be1919ccbc00cf86eb1012791,f525441d8204749b5f79520ceeac29baf6aaddc23d92ed1f1a7326501c5281fc
swe-bench-verified,matplotlib__matplotlib-22719,matplotlib__matplotlib-22719,PLp,v2,bfe078f58c77e36bccb592f1e6584a77ca3b0dd9c764a3edbf7063b6725ecc45,596b84e5ebf8e21cb293e9722dddc2e6b59f2422d6f1413a36e47616dcfef675
swe-bench-verified,matplotlib__matplotlib-22719,matplotlib__matplotlib-22719,PLe,v2,3077442c8a7082e231e2280b61226d981c28bc0e85e6a3b6fec0f75a823fa6d8,a2f47bd3108a3fc8f61c1dd1472570dc6b4c6c7be7cf726fe40c4540b315e78c
swe-bench-verified,matplotlib__matplotlib-22719,matplotlib__matplotlib-22719,PLs,v2,bc007da8e092e0521bce5845799565924d9a831914c915d76ed11ddc024c107f,112eaa345f8ae4997765174dd8d14232d7f270e9bb9255f3867fffb7dba731cf
swe-bench-verified,matplotlib__matplotlib-22865,matplotlib__matplotlib-22865,PLp,v2,b9dd22d512c1097fa43870da9859e6ecb1688d8c1f35344e71dae324be25fba2,b3b69dde6e876456fda2dd9214a384df77b131508f372e5767f313a0fe842bf6
swe-bench-verified,matplotlib__matplotlib-22865,matplotlib__matplotlib-22865,PLe,v2,d6a9788f470224498311dabc776fd3ccb5cdc2f256fe63f58782a5f6f14f1236,84e6cad5cad5591fc2638044e8944af46cd93c88ca7d6d5884294d0d5ae2aeac
swe-bench-verified,matplotlib__matplotlib-22865,matplotlib__matplotlib-22865,PLs,v2,787ffea73dd38b548221aff8779a7099e1f208de4e5ce4bd364e62a346b985e5,458b8965ffda8902f819a0b21459b7953aa7a61672c2557cd1181aa52ecc289c
swe-bench-verified,matplotlib__matplotlib-22871,matplotlib__matplotlib-22871,PLp,v2,aab7ac3aebe0e46706014297069089e3b98a234612711e58c9b9589c61a5477e,0e25fc87825ed2f5bdd4e9857e7c4c4b82479d4493166f0568d92662bd791183
swe-bench-verified,matplotlib__matplotlib-22871,matplotlib__matplotlib-22871,PLe,v2,41757f500b47e230f06d92f8f535197380bdb1ac5bbb9b0fd8fd7ddc8e3bd9f3,1aa7ea21ca0ab396f47de5068ba202b20f6f8b557828889b6dcb29f9188388a3
swe-bench-verified,matplotlib__matplotlib-22871,matplotlib__matplotlib-22871,PLs,v2,69f737e01a1953799e486d74e51f529dc9f73d291fb5df23f1474ecdf8304b94,38b576e674d2b29987fac9d8f5bb0ce80663160a7c492a94b6be5b26d72b4508
swe-bench-verified,matplotlib__matplotlib-23314,matplotlib__matplotlib-23314,PLp,v2,19dbf5ee6196cdf265912f0567b6a0f086d545351474eaac7769b7d11918b838,e965ce6907d1fec06b42897e9a152b8a86bc476de2a4edc89594fd1c9cc61ec1
swe-bench-verified,matplotlib__matplotlib-23314,matplotlib__matplotlib-23314,PLe,v2,f7c3b253fde3e855f858774350daad4affbc44f31d047a9d3348380a87096e8a,ada9d6be296a86aa377f26f6867c833f53d779e02f0dc921662e4315cc1ed64a
swe-bench-verified,matplotlib__matplotlib-23314,matplotlib__matplotlib-23314,PLs,v2,dba04e60ebe565cd4a634415c530841f1d375864893d83c90341dec2c8d38ed6,70ea62f57f6b2d1b503264fa744312a5257175e345e5f01c4f9d8b41745b7c69
swe-bench-verified,matplotlib__matplotlib-23412,matplotlib__matplotlib-23412,PLp,v2,472ea41176af3fba5b929ca8b1842159e12a1b43ee3b5817618f4da6c5b22174,15785c6f8b797d5e6b56ca655d9b359418688607af99bae0042849c7daaaeca2
swe-bench-verified,matplotlib__matplotlib-23412,matplotlib__matplotlib-23412,PLe,v2,1cb5fcf441a67f727bb345faa6e41cf12b776151226f0fe89f30167d22629090,19a496ad212ef538949ee6131dd82580f2ae5c7e0e0aa933b7fc2f0fda48eb21
swe-bench-verified,matplotlib__matplotlib-23412,matplotlib__matplotlib-23412,PLs,v2,a8b4333370051a5e5bb72480b454e410c9848d8d71497fe5744f8bbf734bd8c4,b1d66684a920d4182ce4bab2617f5632b4dea6c8bc229a0b0f97e4a5fcc92f9a
swe-bench-verified,matplotlib__matplotlib-24026,matplotlib__matplotlib-24026,PLp,v2,b70595843192a5e84a1750f2287607616bf3e74e38c88dc054ef4aae5d3ca1ad,31b28a08be6d92647538af7637608ec033e4b65b5f4b8e4b3998c2f381f4cf53
swe-bench-verified,matplotlib__matplotlib-24026,matplotlib__matplotlib-24026,PLe,v2,f755eaec4d708ce05a3fe0d5c81bc60c6eb6b28f61edd5ff128ef79445b8163a,049ced9c36e0b0393c05a55f9946fabff31be508e9b95035884afe262ebf0a83
swe-bench-verified,matplotlib__matplotlib-24026,matplotlib__matplotlib-24026,PLs,v2,55b27984719ffc07ee09e79d9562c3e0ba10dbd9e7b4e35efce483d01f6c3d41,a2658ac05342bd123af6d5d454077b77b76c3d5a92eb6f367bcd4fec2079645f
swe-bench-verified,matplotlib__matplotlib-24149,matplotlib__matplotlib-24149,PLp,v2,74ef0992b7bf8a1b58b01424243dfb7e7ad39c9d29e0840ab2b3018b460ec8dc,cbb065412920eff825d99b953ddd5b3af7e539a1cec0fd67dcac40ef1860b740
swe-bench-verified,matplotlib__matplotlib-24149,matplotlib__matplotlib-24149,PLe,v2,2a4a9ef022b872e9ce725e2c1ba601535a5b40dc9f09b2de188ae1bdcaba2b48,c917232c140cabc5a2c69d6234035df12d7ecf401400827232ef77a25031845b
swe-bench-verified,matplotlib__matplotlib-24149,matplotlib__matplotlib-24149,PLs,v2,cd1ec9a22eec90b836983183cc22e1a65f73bde46556f126f80b309c19a2518d,ea705e208e99efe6d152875dfed290c51fd4296d324cd79cce8bd43d1f37b58a
swe-bench-verified,matplotlib__matplotlib-24177,matplotlib__matplotlib-24177,PLp,v2,489dea933c69fbc046cf8cdcd205afba9fd30b038045f230cf460541c3c0f944,d936e430805e9aa811a12f77ef35ca1446cde4b7fa1c70f7834eadd54837fb1a
swe-bench-verified,matplotlib__matplotlib-24177,matplotlib__matplotlib-24177,PLe,v2,1e1d57efa0e87747e1a8517176cfd91a61ceccdbc19cab87fbe5bc3284d66057,f85ea3cf1e82bb327810ca7935e0a651cf8e654c2a6aa806233a5e4557d42ea8
swe-bench-verified,matplotlib__matplotlib-24177,matplotlib__matplotlib-24177,PLs,v2,7cf44b1de741d8737bd6053b5fbe7c206506a0407a52d494105aaa1bd4ae5d71,024193c92d5cf3b1e11d1c241d9a90d72854faeb34b374cc7dd7cc261012a44b
swe-bench-verified,matplotlib__matplotlib-24570,matplotlib__matplotlib-24570,PLp,v2,2a7474582d9b2de65d16c3379321390ce01844afd9741b41acfcdf9e9c80b1e7,dcf9c3d22f1a5e94a95226dfb108213d86b45c56e4a249d8251c859806558d2e
swe-bench-verified,matplotlib__matplotlib-24570,matplotlib__matplotlib-24570,PLe,v2,3629fb30666de1e9a647472b60fa79f92bea4ba1644fe728518de5b5d67dbcfe,126c4aec5522d739e158ddd4a7c89080958818c0207f06570245e6018d00b3b5
swe-bench-verified,matplotlib__matplotlib-24570,matplotlib__matplotlib-24570,PLs,v2,440d51f125e4a0305ae6af7240aaa13200638a097cf5a4b7a82f6c1cad5fed45,2e9a6469a8070760be50f8be7aec64a689220983561b78daa6a8dcd6c886f7e6
swe-bench-verified,matplotlib__matplotlib-24627,matplotlib__matplotlib-24627,PLp,v2,5a93920412f090b525e12684825f86abb7b5e1c9420d60c24bc1812ed1835d13,a2758d0bbe6bc8fa6e1abda5fb59b1877515e49776f5787290776304523cc266
swe-bench-verified,matplotlib__matplotlib-24627,matplotlib__matplotlib-24627,PLe,v2,e1ae6c9c312ec0987aee8eedcd00fe3640a341446f50a4af10caea824d82d7b2,e4fbbbc7b8f9aa620974ae7d0fac3ef5f924f98c35b487880df9e894063e3825
swe-bench-verified,matplotlib__matplotlib-24627,matplotlib__matplotlib-24627,PLs,v2,9faaecfebd4c512d3c060bc2d4102b5f4bd1953fc8faa8daec147f390b3ff719,11dbab8d8db309282162d7b1229857dd2b587bef6c823099032bc4b2b342dee0
swe-bench-verified,matplotlib__matplotlib-24637,matplotlib__matplotlib-24637,PLp,v2,b716df48169420b54ec56c640f7979982341ff0f20dc131dbbafc228f61c3731,0b1809aacbb68533c6a576b50f67f52d1e56c24efb3e15e0a9e0672ed154d274
swe-bench-verified,matplotlib__matplotlib-24637,matplotlib__matplotlib-24637,PLe,v2,cc21468594c958f9d1681079b2c9490cbb9bbd1cec7659d31e62597d49d6a80e,4a155fd738d0d6cfe4442c411dfc6af367768a1172aa1b584396792e12fda6dd
swe-bench-verified,matplotlib__matplotlib-24637,matplotlib__matplotlib-24637,PLs,v2,aa3248ec04f14f7852e674e177be8848757493a3ebc99436f534e111bba48303,9064da75c41524b1a609a5e27c58348f236b7dcfdbbecbda4855d4fda8f198bb
swe-bench-verified,matplotlib__matplotlib-24970,matplotlib__matplotlib-24970,PLp,v2,4f56dcf02404d6b97c3f6d620b00bacbb2115ac4077512c601d75b6fb942a0ea,022354a84ce6eb71189bf15fad900faabf23a1121f7faf6d42e0ac5b84f9bcf8
swe-bench-verified,matplotlib__matplotlib-24970,matplotlib__matplotlib-24970,PLe,v2,214fe44d3607476b89ec04f6bd20d2d757a15d7289b6abb55e1df95dbe29fb84,625eff2591fb7613ee9af61ccf7dc95fce519d1430bd6de30cc6a8c2b905a4ca
swe-bench-verified,matplotlib__matplotlib-24970,matplotlib__matplotlib-24970,PLs,v2,13dafe96ae10d2f4fd8716515c785291af42d40dacb7ee5ed99032d4160c6cfb,966d48cfcf849b1b6667502fe57de78be6e90edf821815e3fc54d3ac00da1cc8
swe-bench-verified,matplotlib__matplotlib-25122,matplotlib__matplotlib-25122,PLp,v2,ee32c0cb75527f5b8bfa7c416159425e39825a6477851793f86980d3afa3fe0c,0d3839d08bf907dc0879bdaf15d94d215e45e5934b1ebb2bbfed20eef17232b4
swe-bench-verified,matplotlib__matplotlib-25122,matplotlib__matplotlib-25122,PLe,v2,5f6a0212fb12eb683b6d9b8cd8158ced6cdb5a3ca53b9a9d8bf94305b0869745,6f2d566873294e577beaa0c2897491ad39a31467650b368fbd034c02f5bfdd97
swe-bench-verified,matplotlib__matplotlib-25122,matplotlib__matplotlib-25122,PLs,v2,f9ab2132a10dec2b84bef73c84edd86940dd93207324f05f374cbad585e8c795,95f928e080f45908ce369e9406e7d027f3521ec4230018277ab01dd71a8105f9
swe-bench-verified,matplotlib__matplotlib-25287,matplotlib__matplotlib-25287,PLp,v2,9989c399f8e8ab038eb9fba7c4614cf0ddeef8684c11a614d6a4445480e100ae,d0292beccf1c48fa566c1dd7307daaf7766708dda6aa805e2ea93e472f7adbb2
swe-bench-verified,matplotlib__matplotlib-25287,matplotlib__matplotlib-25287,PLe,v2,7ff34270dd82ded67f93f39ab1d395f162e92ec7f00b7a29427ce06d2ba206e5,2ca56599ee113b271f98ea5ee9c0ba2b672aff796bf49fe19a95e7fd86ad5ccd
swe-bench-verified,matplotlib__matplotlib-25287,matplotlib__matplotlib-25287,PLs,v2,a93d9efbe359215a087bf8caee03eefdddee6b475528f976303c7fb75858a273,d8505ad0439e0c898c00e36cdb4787a05aaa5519342a3632489b3e75513134b2
swe-bench-verified,matplotlib__matplotlib-25311,matplotlib__matplotlib-25311,PLp,v2,6ac4063f4c9d3edc3cc23220676c9231b1b8397a7cd26a03b465ecf903b13001,fed602f2f531b0c7687acb9442f8d2f3f985f448f63dac09978b35caec2c64cf
swe-bench-verified,matplotlib__matplotlib-25311,matplotlib__matplotlib-25311,PLe,v2,d1fb3bb348e1579e25421463f06c471813fb48f3e24f3c057fe9e6253bfdbeae,ec19aa1a54da132e00b8fd72e11d340eb193d7c43df8e991b4b33f7e24ee61e0
swe-bench-verified,matplotlib__matplotlib-25311,matplotlib__matplotlib-25311,PLs,v2,bf82e43f83fc7cfc04f120413ea0dfd8b906148da6f2957a548e5b36e6be570e,edd68f6f84599d7da4cff6283a224ba4d938a8e17c3b2cbbbba7aa4f7e5ef023
swe-bench-verified,matplotlib__matplotlib-25332,matplotlib__matplotlib-25332,PLp,v2,776f6d614fc060b7cd65e7e802adf31ee2bcc4b4d0290765c8a5a032ca5187bd,3b8c7f061ecd5e86bf72fcc6534b1ef09c9deb7e1352564384403ce985537dd7
swe-bench-verified,matplotlib__matplotlib-25332,matplotlib__matplotlib-25332,PLe,v2,f6b5c08821b17b137480ef207e4aabab89fa9a37202ce950411b22f2b27eb296,2b058659e4cca64b8a2276b38c7a8ee811bea63873f165638350e329a8a95e8a
swe-bench-verified,matplotlib__matplotlib-25332,matplotlib__matplotlib-25332,PLs,v2,dff46aecf9f6c9908f7313f18513889f3e112bee6325d0c70ceee870176c7ce1,a731d2342c5f4e91868faa831dfc150c87256bd437eef3fbfda8dd377c7a0e15
swe-bench-verified,matplotlib__matplotlib-25775,matplotlib__matplotlib-25775,PLp,v2,d4e09512164a388a86439b8c9e107410b18727b8c7b2f88519f421cc39f489bf,2a0b7e648f8f69754268521fd6fdd83494a52a4fa1329abf643a9d6b66c1b084
swe-bench-verified,matplotlib__matplotlib-25775,matplotlib__matplotlib-25775,PLe,v2,ed3be19da273776c604e0ea44c730989d27b0629142c0c0aaebb1056edd02ced,d1d0a1964a78aba95ec3fe60bcbbb53da1945b0cf06056ea9b8726e2dce08100
swe-bench-verified,matplotlib__matplotlib-25775,matplotlib__matplotlib-25775,PLs,v2,a8ac7f3a8a8c78b4d807687ee7f02506017a4366d7589beffd5b4e3b057cc014,e3c41ffc99a47cebe400e52caf5d61b0af6063326cca0cd849b3e414e6f37f99
swe-bench-verified,matplotlib__matplotlib-26113,matplotlib__matplotlib-26113,PLp,v2,45c65c292ee4c2c1830a5b72962d5f66b1ef6394c5589472eec59e38e2be2a1c,3304f32105e678dc479ec057a89c1976329f136f3d9bfdf0f984fff554792d33
swe-bench-verified,matplotlib__matplotlib-26113,matplotlib__matplotlib-26113,PLe,v2,92dfd8ec64fc5307d3ceef04d39d556ea778d6ee004700792fb4f4b017057373,5d17c13ff0c6275a787a44f64badc303e3ea231331515abb385ada50f0bc076c
swe-bench-verified,matplotlib__matplotlib-26113,matplotlib__matplotlib-26113,PLs,v2,776230435fa79de49c26a92438b0c4d4e0c4fb62b87207a240ee590dd58051ee,51cf96d74adfaa675614d336eb7a0ca0912ca3894165c91c1539b073c2a92683
swe-bench-verified,matplotlib__matplotlib-26291,matplotlib__matplotlib-26291,PLp,v2,dea68c1f4cd7cd57d81217df7504592323ddf6de3a325a2ec10cbd2918e736c5,4d67a5ec2d1e85d3a6ed4e2279f76f31c6a25b41be88c1b04791421d32942eb9
swe-bench-verified,matplotlib__matplotlib-26291,matplotlib__matplotlib-26291,PLe,v2,cae8e992949deb859c9f4ab3884df7e7f5163a9648ceeb63f4dcefd033b34aa8,80de96cce9e1c84d690df696dac47fd2e7680cf6e8f76c33a53915657590d05d
swe-bench-verified,matplotlib__matplotlib-26291,matplotlib__matplotlib-26291,PLs,v2,3a59f94a888f907679bf98f41ab6a557cde836d2ed49f6b86591eab0ec7a93f3,02179f3def1f6411c643c813a465a96cdff67ba825df4032759f2b64f4ac872d
swe-bench-verified,matplotlib__matplotlib-26342,matplotlib__matplotlib-26342,PLp,v2,ad27d888ff95550f3dd20df24bf6140bb242ac9c9d90e31102f22cbfb6ffd24c,1fcdf5de8d6ac06a3defaa508abff9fd55e0b898e86970fb31256a9600cdb5c5
swe-bench-verified,matplotlib__matplotlib-26342,matplotlib__matplotlib-26342,PLe,v2,b9c1d066295fd3a167a8afdcf18d7dfe7951398a8a718a77078f7453e42a3f58,247a11140762c9fdff08d0f8d7047bd4cab0ad81a4305b87a99982625d0531ec
swe-bench-verified,matplotlib__matplotlib-26342,matplotlib__matplotlib-26342,PLs,v2,2d00d7e60d29c1c69ae1db6e8b920cbfdce5dfdf438953e2808ef2a1a4fa3bfa,078f21e228f8027ad822299a10bba3565b7c3344b0116170c48731b6381c1782
swe-bench-verified,mwaskom__seaborn-3069,mwaskom__seaborn-3069,PLp,v2,be7478bc11c89e8d8a40b514c73b858757de2b6b2b0eaa69a0e5a27464b4aacf,2bfd73cdebf315b6591366352e8b6ac59b9c8c6ad434f7d139a626eb0f9c6e9c
swe-bench-verified,mwaskom__seaborn-3069,mwaskom__seaborn-3069,PLe,v2,955ec951aa4ac8a2ec918e4af666aa7baaac97fca02bb9897fc44e01178f5ba2,89ca80c63001789dbc25ad18f168d1fafb12e9873ba77c6d4eb7c85824d6bb8a
swe-bench-verified,mwaskom__seaborn-3069,mwaskom__seaborn-3069,PLs,v2,026e391b06518dd9c7c694d9bdbc2a2256cd8dd2bef0513a19f4c139374a6f87,a55ca689eb2ea5cc42efe00ba112dc0c50bc17d6ff3e770a2dfe5a518cb50516
swe-bench-verified,pallets__flask-5014,pallets__flask-5014,PLp,v2,17ce9e76dd6ce16e8a3a98cd9b6af32d13a19e83febf52245fb0876d7a6db127,1a42431d382f2682f9a25c25d456acdf1e21ce01e9c7cc6010de30811669a430
swe-bench-verified,pallets__flask-5014,pallets__flask-5014,PLe,v2,ac729dd517617eeec3ea340803cf7fdb15a6158fa8af59c0f7e19a65a776b18c,9e5200186a78f4071031bf5a714fbc7b584ec428264aae39966964373fb3aa89
swe-bench-verified,pallets__flask-5014,pallets__flask-5014,PLs,v2,8ad37e4826171e07ab8ac76e24f85bb025c543b3e9275a4f49b534eeeb7e777e,8ac3da74f50bc5e23de951f4457d458cd4579446c40e8db28c162028f57f7552
swe-bench-verified,psf__requests-1142,psf__requests-1142,PLp,v2,59ada7e7bf642f4d6b0c1e169f41ea927e1cffeb8d17f9ba49eaa38ffc566066,aa57c2a4093ce3a80d69c4353011d295628bf90e44a85f11a8833c60148f3003
swe-bench-verified,psf__requests-1142,psf__requests-1142,PLe,v2,d23d803da1c145bc2a9adb44e5fad438b224fe8cbd1cf53a16a148210030dc09,4bc7924ebac58611f5c42a79f63508a7869879e56077b0c3e82d1d85d1948b98
swe-bench-verified,psf__requests-1142,psf__requests-1142,PLs,v2,f8e17d8eeca68df72d6dc3b38b550154ab05b105e5215f0538f83cfa4d1b70ca,becc5c311156afe7e1124a09db15499dd6be44931000b75b862a2296fa9e85fc
swe-bench-verified,psf__requests-1724,psf__requests-1724,PLp,v2,a7a2819e59a3a8febf190fa65bfc57639afbf1103ffd5fa896b53cdc2cf60238,1b64151f82ddcb579c81a1d68d5bdfe7de220bc1a71d21cdcc07ede3cb715bb6
swe-bench-verified,psf__requests-1724,psf__requests-1724,PLe,v2,179831ca359f77f19aed0ff98a3f231bddd2fa6939a155d747f5d0a5b4c3b9ac,7b704af96daaa8a64994c8fb240bcd384ec7036cb46308679fed1748729aefb0
swe-bench-verified,psf__requests-1724,psf__requests-1724,PLs,v2,952c03c8e2d9431108fd8a89b1e3d1514eadb426841e235bd96e71e13c809396,9a8a20e5285f3cc9082f8b0e0a3e7fdb8c2560a4906233487f8a69c440ca9cf2
swe-bench-verified,psf__requests-1766,psf__requests-1766,PLp,v2,2129bd4402e24ca84236bf5412b1672cf9dbafead87fe9eeb243b2f090775264,766ae74e41413ad4b66bddc0ce9ab257bc247140345d8c9e1c40f1c0e81612e3
swe-bench-verified,psf__requests-1766,psf__requests-1766,PLe,v2,5b618ebbb71b963bfb050756a96c171bdc69b26f705f0b9355a6cda82b8253b9,d42842cae344f9915f01f638e5a0044c9a63313881690464dc2548b222ba9b84
swe-bench-verified,psf__requests-1766,psf__requests-1766,PLs,v2,8415b6d89fac4c589d18e398975e9e07ab37e8c73ae784c81b22f2ed974506e0,47fa6888eef0f2cdf659c767e387014d23c5243de7316b7de000dc38d73c8115
swe-bench-verified,psf__requests-1921,psf__requests-1921,PLp,v2,0eaee4f1b61db4d26a9054e578635ce14553a8428546350cbad1abf0689aa2e2,0471cc760ee6167857187b3252f400802a33033cdee11c0e466304e4b58bb8c3
swe-bench-verified,psf__requests-1921,psf__requests-1921,PLe,v2,b249fd398d6cff1e87757c93d73f1c3e955bae7dfe23b6dde0c9210c6f212225,e718870f2f1feca8e9da727adccc73a379fced7174b46a2e9307f1de7814917e
swe-bench-verified,psf__requests-1921,psf__requests-1921,PLs,v2,6d323f7008d4f52a5390161833cc7770e9f5d7f1396234a8f918c8b266184b64,53deab4473ef33081e71e252c0076ed981fa66ffc87ae34cd077961133ce93a4
swe-bench-verified,psf__requests-2317,psf__requests-2317,PLp,v2,dd0016675b0a7ba9d2b435ddd9f2c6e4ad6602be2d6a146ee2716f0aa8659d82,4584ad5fc3e34657aab7b3f033a6fe25282ddb6033af8316c4d5236bd0c63297
swe-bench-verified,psf__requests-2317,psf__requests-2317,PLe,v2,51e4b001f66f02a5798d7e2ed66ecd43e7373dda88aec4676ba77717fb0b4978,55b7c205059ac0d9bcdc8aa317263a28534bda6fd40ca228425eb648ff89d479
swe-bench-verified,psf__requests-2317,psf__requests-2317,PLs,v2,5510dba7813e92e6c661a1544bd47fa0dc2a3cac47b373ed60d12825185d58cc,2c13b2b7b71b3b42a094970c4cf64fe743ebc6af99e9d321c5df17f5e2f52218
swe-bench-verified,psf__requests-2931,psf__requests-2931,PLp,v2,abf4c44ce8a612d2da335def010e9079786937298972558b54fe76c6d8199b66,7a6156455f83cb28fe89e81fa06bff9e8d4ea81b6e6851cd4f8d659215410e2e
swe-bench-verified,psf__requests-2931,psf__requests-2931,PLe,v2,beb6f1d5067b3fd15251b48380d4831f2ecd4d1f167ff885a141a206b8d1e53e,233f864157a9e5f86da6713b8b0c318cf5ecc473500622269da24612dbb573b4
swe-bench-verified,psf__requests-2931,psf__requests-2931,PLs,v2,80e45db9649a113d99d4250248a9f3d8155d95c41f2972cd4f1e56674f2bda0f,174ae71ed627edf6a2fa7f9b85e03448fca5b348b5e16d989efc2402bb3fd62a
swe-bench-verified,psf__requests-5414,psf__requests-5414,PLp,v2,ea52e5ad52a5e85c051d5ff4c5a7e65ffd47f25fabb56611ab6aa7482b988bc0,4ab4a28393740293610ec6d9e8a55e0a54ceaeaa1ce613dc1c10cdd7e2379262
swe-bench-verified,psf__requests-5414,psf__requests-5414,PLe,v2,af161ab8e269dff0faab30e33661d5846e628ee9444cb267fb572a60161e3528,6f4262f8884fdb85e86f0bfffadd1d9b9ffcdb7344bf9ac119c9376ec5894663
swe-bench-verified,psf__requests-5414,psf__requests-5414,PLs,v2,990df43ea0e667ff9ace932be60a5071c262d57b35759c4dc83a955e458405c7,d1e45b9cfc37c91bcf37a3eb7d944978a9f41b16f19714377be1340032ef65e1
swe-bench-verified,psf__requests-6028,psf__requests-6028,PLp,v2,b120d879cd137fb7215a0a98fd318d67500b9392b99b92791595b1b60e68cea5,7b4bc44effbc60e0ee4e752503501e3b80289b8a049ce22ace64b900967e902d
swe-bench-verified,psf__requests-6028,psf__requests-6028,PLe,v2,5a7d3e5df8cfa63dba0c0ef0d69fecd216a8fcd1cc4fcc66fda74db2e78c0d8a,382d7c50b1f04e384b285dcbee71986fb3bd36db7895872476c1bc0939119971
swe-bench-verified,psf__requests-6028,psf__requests-6028,PLs,v2,c8c4ba2227cc3fafcc91c251ae1fea9aa268cf425dd1fb992dbe579871b5daba,9693a3aed1cd17c738fab71c1af8c23599bbfde9fb58853924e5fb386eefdcb9
swe-bench-verified,pydata__xarray-2905,pydata__xarray-2905,PLp,v2,90d76a8cf59e5b9ab494403a75166b1959a25ad62267d0c0c60601fb43aa4cf2,bc6f283dd104c2cfab1dab5783e8ccc7d2e1dafdec1fa0bbff279fdde5d09fc7
swe-bench-verified,pydata__xarray-2905,pydata__xarray-2905,PLe,v2,b30f399def13adc730234976d343c0aa9068681e30a09f5441c50f86fbd808eb,dbf3c1914eab7b7f6f797dabfc8af9c934862ad86c58298067c01bde81fabe52
swe-bench-verified,pydata__xarray-2905,pydata__xarray-2905,PLs,v2,f6d075ab9cc571352693748e3686098356341f9aca267ef49f54d89e6ace7fe0,a3335072ea441fced1d6d9986bc80b7dfbff16636fe956fecc7b54c73d1a2398
swe-bench-verified,pydata__xarray-3095,pydata__xarray-3095,PLp,v2,2db1fe7af2432eb67de28b242f67e5b5fbdea54c694ffcd0e7c605fcd702c877,5ce6b376a68aa2e6e5da4d371d4b661a0f073331f7169dda4d588daacc5de371
swe-bench-verified,pydata__xarray-3095,pydata__xarray-3095,PLe,v2,ee4f591320aeec89bb2e8f3b8760e8f5ebd1034795879a567fb7d418b9503fb3,5671d1d2659c83b1c6e75e15fe0465f1e541fe6aaa2f1d1476ad5fb566d9e786
swe-bench-verified,pydata__xarray-3095,pydata__xarray-3095,PLs,v2,9fb0745e8292825285d239522d800e6298fd1d4a2c539ec12bb065652350f855,427665fde4caa2bf483dab80f2d8f8843dfa26478a1546b665079d4cb54c8764
swe-bench-verified,pydata__xarray-3305,pydata__xarray-3305,PLp,v2,253f8e7c211e2afe64ac4ed7694655cbd602f9ae5d2c39dd0bde4d9f719a735d,7c8f1507c7c732528f6d21cc95d897f66e0c9bb7bf5f7c3249d57b5db567358e
swe-bench-verified,pydata__xarray-3305,pydata__xarray-3305,PLe,v2,b040af7334d5c16fbcdda90832739eef17652010b07daec889e66ae7505360f4,2348ba54c039b1b2a1dd46fcc83d59835e85fb6779e4156cd398779f6e3e81b4
swe-bench-verified,pydata__xarray-3305,pydata__xarray-3305,PLs,v2,de129ebc71182ff7a61aa909145fda59356e5fc7414d961331bf68593342fc5a,fb3053e35c629122f07dbe169d2b016d16c5d620d237861c4c75dbbc5138a2ba
swe-bench-verified,pydata__xarray-3677,pydata__xarray-3677,PLp,v2,61eedbcd3438e6f256cdc77fd1b1f96ec94de469b85eddd144a759d838fb812e,e2473840a7aecaa2b8dd2f27a5cb0792e8e4c603534bc61a743220a4338f2705
swe-bench-verified,pydata__xarray-3677,pydata__xarray-3677,PLe,v2,dce4ef9acd5ff34d34b850a02287699a08134daa6cb6076be10eb99a96a59b55,cd4d48d653f693d9d42f5ebaf7d477c8ec5d06ec9c344378a5132b76d03755b1
swe-bench-verified,pydata__xarray-3677,pydata__xarray-3677,PLs,v2,4c1a95f37a59d3fde4b8456627f143367b9c68f1c782936f7bea302e1a9bb79a,4df3728815cfe011be476aa1c2f17bb875c372a8da9d0b3882032535ee7a6d0b
swe-bench-verified,pydata__xarray-3993,pydata__xarray-3993,PLp,v2,128a4aeed3fe7d5f712c091008612e865bf23db0abc71873e26aa83d2cd75599,a198b8d30bbbe9ade411c53cf9ea180b0a5d808994839f463fc1a62beea0fd04
swe-bench-verified,pydata__xarray-3993,pydata__xarray-3993,PLe,v2,ad288de770812dbf11440fa02529035b47530001055f775a924cbaa7aed8dae3,48876b1817818002819711bfc225d2d7c789db22cced82f73cc2c4d67e7605b0
swe-bench-verified,pydata__xarray-3993,pydata__xarray-3993,PLs,v2,9436312a63c4fd2515e770c7fc5653e298655b031ec70d4cd6d8529c600f003e,28c893b27998895d1d6814e6ffe64a4faf88115f5be307eeb0e967ee860c9f26
swe-bench-verified,pydata__xarray-4075,pydata__xarray-4075,PLp,v2,a8c0752fc36b598e63952015e68db7e693f8d318cd540441f4839b830b5d2c49,bbc966bb17fe01d1e0ec09d5e6e92b2280c6205cd4d9edb41cf5a4bb6acedd98
swe-bench-verified,pydata__xarray-4075,pydata__xarray-4075,PLe,v2,b58f1890083b56d122df5f27a0c3010f9a03a4aa9c83f7066bfb8cbc8f01f2a3,4d2a12c8df7de1548fbe358494e5dacb8d5d8e597a04cb1c5fbbfb944a72074d
swe-bench-verified,pydata__xarray-4075,pydata__xarray-4075,PLs,v2,35068e6940b3f308e2b527a2157ae6551066e3eff116e1fc9e1850297e73ae9f,31418456ee7986d1ec221900dbab1ed0618e1c1eaf7b446c8c1ae201d9e9b52f
swe-bench-verified,pydata__xarray-4094,pydata__xarray-4094,PLp,v2,4a36d579386cd67616920f9520c74b52f4eebff887f01e20ea2c60979735b519,9d666e31fb656295482aedc12fe40f796faa83791cb7332dd1e79710f1ff1a3f
swe-bench-verified,pydata__xarray-4094,pydata__xarray-4094,PLe,v2,eb6e4383fd4fe40ad32f91aa898ae2f73edf991e761c9128e6c2e812fd5fa8bb,818361e47faf4f4c6533487398a47e1bc57301a7c6cb59f7178c739092f791d1
swe-bench-verified,pydata__xarray-4094,pydata__xarray-4094,PLs,v2,ba72d9b5193ac16b4285b050c419e9f57b3f8b5876582d51d2917aa38202d24c,7ecee7b934c04b37152190d40a3ded23996e974dd83f604ffffccf0550569517
swe-bench-verified,pydata__xarray-4356,pydata__xarray-4356,PLp,v2,c78ba9bf3e325a157455374485adeea2fe9646801875e1ee28d623031fe8617c,f4706fd0bbd54a7cc5ed85c376653c9c04e203c5ab672ea05810592bf206be02
swe-bench-verified,pydata__xarray-4356,pydata__xarray-4356,PLe,v2,b2aea303d0c73eedf3f05753fb7a2f4892041f433449d6c381452d5db724e593,e3d9bb05904d3e72e93c58a3d9d5177547fb575b1064ca9e3a0a19d48fc27240
swe-bench-verified,pydata__xarray-4356,pydata__xarray-4356,PLs,v2,c51f9ba604a20ddbee6d5665e51cad037bfceebf4fd942ed405a13650b41ef3c,c459d3ed65f7b14e4cfceb0d85fb88b651e96a29d3e105a1cc0579226e7d07c6
swe-bench-verified,pydata__xarray-4629,pydata__xarray-4629,PLp,v2,b8957b76122d2dd1ef261d139c5cdbaa695731c6ceebd6352f0e5283a0c6198e,c47c27bc8c6c084e1688aebb1083c4bfabae59b27c349f14b8c397fcc9ad8476
swe-bench-verified,pydata__xarray-4629,pydata__xarray-4629,PLe,v2,ba980424c61b10de076cfc1ad3e9c2cef22ae10312dc68a555230563dba6a815,3b259f29691e336343b72b7117528db5bebe4d98ba7ebde193590a9ec1fdb9f3
swe-bench-verified,pydata__xarray-4629,pydata__xarray-4629,PLs,v2,00b1842018d739bbff62b5652c6f0a510395a616809e3f6f4922692381c23f37,d5103c49783a39851bb43ee6f9bc29f073470139b84d90375259898d918a8e61
swe-bench-verified,pydata__xarray-4687,pydata__xarray-4687,PLp,v2,abb354cc5b9eed4dd06bfcdb7f698d3bfb0d082f6a3c52d338d76b23d4ca6480,811fdab218e68089970f3bdf992f217ba4e54b8d564c28bd6c3a6b6929015115
swe-bench-verified,pydata__xarray-4687,pydata__xarray-4687,PLe,v2,9f7faa5ca93581c83d6566dd0bf82b4a35a3169495255c268d144993b61f07e9,410f900e08c61f645ef979cdb94da4322fa4264ec866ddc1b12c00c946aae612
swe-bench-verified,pydata__xarray-4687,pydata__xarray-4687,PLs,v2,090a5bdebc3d1b96693b2353d601ded02d26daedf1ce476484b42384384a0bb7,47d21e8e342dfc9a3b9cf48bfec6a44076e5d12534206fca0cc9a054693543bc
swe-bench-verified,pydata__xarray-4695,pydata__xarray-4695,PLp,v2,dbb9111128ba73fad19808657141bfd6d768f3c7342d0a6106155fb6a7025b1d,e9c321dd66d354f1de40c6cccaf2d8ca3cdc2ceb8a019e76732e05c6f0a08fc2
swe-bench-verified,pydata__xarray-4695,pydata__xarray-4695,PLe,v2,e4b99a89db5445dc9ca5ec19530092950d4ebffed9d184d2f5a32c222da7e781,3bf89f05108f27841d28f0075a0e94c88ed270029775d2d3c280da70df0053c6
swe-bench-verified,pydata__xarray-4695,pydata__xarray-4695,PLs,v2,6dd1bb42266b5efd1ea636a8bf45d410957882745bd2fefb45426fdf58389d64,10b2f2f801396c084f0bc3e7a88aacd59316210eee2bc5da67eef6160d9c8394
swe-bench-verified,pydata__xarray-4966,pydata__xarray-4966,PLp,v2,adc73bbe87c0f520685336d151aca9e367919213aed8979aa5e479a1d7faaa4d,c188a25bda6324a91e60a1fcebb15c085211be00d3707177c8f87b71347b39d6
swe-bench-verified,pydata__xarray-4966,pydata__xarray-4966,PLe,v2,3d172771c989b2e5fa84ebb83b78127ae00680504bd5c8fe4e98010013f3c9b4,d5f57f0237749b93e65481a656421edeb048c95f32dace35035b2368acfa7dbe
swe-bench-verified,pydata__xarray-4966,pydata__xarray-4966,PLs,v2,102411f4d0becc9521d9dafcebe9723ced9b9a2a0ac2ea392974f6f93311e092,166dfa4d150433a3d4ca30b32f4ee4b33f4f4e51d136db0302d63927d55cac55
swe-bench-verified,pydata__xarray-6461,pydata__xarray-6461,PLp,v2,cbbaf103e2bf95a977f9d30eb2460397396cb0228bb7dca492035c4f4c4cb056,3a0905ab32641dbfc9d9de44a38aaaa9e49bfeca6ccaaca9f7cc9282348a718c
swe-bench-verified,pydata__xarray-6461,pydata__xarray-6461,PLe,v2,0fcd16750035493f8e714270a1cde624e28059f7883185159e6324eba20a67c4,e1b8146c8b30aa494618787f85bba5776e4fb6e8f2df50be31b74ff0eef2a9e3
swe-bench-verified,pydata__xarray-6461,pydata__xarray-6461,PLs,v2,584336f13d9303d93cf165c4ecca96f1847a974629ce083d9a5822ea22774702,4b0641f3dd25a87f4011559bd8b3f0532928d5f701233229a5967a3ffbcc0f29
swe-bench-verified,pydata__xarray-6599,pydata__xarray-6599,PLp,v2,17b98cde80b7fb570977ec99980ba40863f524f683acf2056b170c40b5e479eb,e6301fa837a7de7bea6f4b31c45a54b5c05d16e007cf7807ac04d1097dcc7db8
swe-bench-verified,pydata__xarray-6599,pydata__xarray-6599,PLe,v2,c2149822a30e86fdde19bcc3da5e1ef493b968a5b4d2503fe1f8c28f57edd10f,93937c8360fd996d1b25459f013dbfeee8d0aed470f55e210bbcec0606a9b53f
swe-bench-verified,pydata__xarray-6599,pydata__xarray-6599,PLs,v2,439f4557116ca7ffbffaf12d8e379249011a593f135b38f7a32ad5203ffa8302,20eb366f021f0e3b2d7a1deb36baaf2c8f5a1cafcbc8452b6c820a340528fe90
swe-bench-verified,pydata__xarray-6721,pydata__xarray-6721,PLp,v2,071a4c9629c2c89661a2a976a9216f7c9c933a9708f0099e219adc6892994030,7699c1a8081fdecddfeac9d8c4486605920fed4dfc586f062e36a40f57b90fb5
swe-bench-verified,pydata__xarray-6721,pydata__xarray-6721,PLe,v2,7af36ef564fc26ad0438f9504f38f62bdfd8b12c46516260831a2de8cef23e73,8f106e5e73c81ebbb6f2da37e480860643e1bfcc19f8226ee071d11c162a8436
swe-bench-verified,pydata__xarray-6721,pydata__xarray-6721,PLs,v2,c41ec84b6f1e947b82ce2e2958d63449b80da5aae0f0f5a11f5f8ef395b84076,a88e148110012ea910a111ffe200162e9294177efbee19227b0bd9179413f3d5
swe-bench-verified,pydata__xarray-6744,pydata__xarray-6744,PLp,v2,ab6b2950f24a31df0d4fd93d70c0029a242e272b230d6285fd04919b57e21b5d,340a1e3d018be3f8d65fbd791de053170c92b3090ebb27ec4a6d437a8c33eb73
swe-bench-verified,pydata__xarray-6744,pydata__xarray-6744,PLe,v2,5da6d4f44cca3c222b542ae07e7096d66c59082ff6d550dd508e6be61b0852de,6254a314685bd751c74ee823cf9e93cacf061d3b38322618c8a3587ef319569f
swe-bench-verified,pydata__xarray-6744,pydata__xarray-6744,PLs,v2,f15697a9c7dd088d4f81e86c75283fb473520b6aa848b8dc0e0a9517011520e6,8e37a0136c5be9453f173215790d352c8533d488f6dde8028b846339880465c8
swe-bench-verified,pydata__xarray-6938,pydata__xarray-6938,PLp,v2,0e28e6f514891834349db659a86b4d7dd3ff5902bf8ae30bd02af604a1de3544,df81602062483cc5e2636cc051fe1d048b991ff5d7bfe9ab3dddac2f979e7cbe
swe-bench-verified,pydata__xarray-6938,pydata__xarray-6938,PLe,v2,c0152025980703098cc9488d1740c17430fe61bf270350acc4a912848447defa,7c188460329ef354b1f85922fd5bcce1277e9514c40c36edccdd8e7b7406faff
swe-bench-verified,pydata__xarray-6938,pydata__xarray-6938,PLs,v2,d10d95f123ccecb1531212ef35bf63a70dcbd8fb24d2acf835392b20c0b6221a,2bfc3ee84c2e8b39d0bc45dddcc02b26900f5fc10bf6c715c3fcb530ccc2bc90
swe-bench-verified,pydata__xarray-7233,pydata__xarray-7233,PLp,v2,981b6619061c3e50b6fa8ab79bca2e97580b6704e468ba0bd0c7d40c81987b8a,164f3463d394373cb68f7cb4d61a63ef58f53906ee8e4e40b0ffac047d787f6f
swe-bench-verified,pydata__xarray-7233,pydata__xarray-7233,PLe,v2,8b5ccf2b3b2b6c85efbb92ad47230b551c414f43dde8d3389ca38fc8fcc7c17b,4dc02796770da8e8e03885a3d6db8ffa1c31e15289c600431036e7bd5ac22861
swe-bench-verified,pydata__xarray-7233,pydata__xarray-7233,PLs,v2,1eefc7ceed3a288efe93e2b9247470be9ae3509d0041df06c8d6c1f7f914821b,b76bf58b7d64d5d6d3c0b1d1be205275288c874db31f0448b0e15d949876968a
swe-bench-verified,pydata__xarray-7393,pydata__xarray-7393,PLp,v2,7c00a7f67cdca2fa0c4cc5f48aa5750df8345dd12e2891aaa10b503f01495931,acf664346fe900dbcccee63e0d03c0c2c410c59cc3c64d82e4722019c82fcaa0
swe-bench-verified,pydata__xarray-7393,pydata__xarray-7393,PLe,v2,a54a8ea44be6f40e242d385d9b394425e668957c5106942d2a4d03e489ba1840,e79fa08d12b150f7207da89e497bf07b00b242b4504088fdafc09386c2060e84
swe-bench-verified,pydata__xarray-7393,pydata__xarray-7393,PLs,v2,1d4716e06dc4edab87e87483ea513a9f80c5a630875cc3b3841072d99bed7f21,3cee439476988f4b38832e55fab5cdc90a3900c8afc3fa660a4d6bedd4e1f1fa
swe-bench-verified,pylint-dev__pylint-4970,pylint-dev__pylint-4970,PLp,v2,0e587f86200bb42bafcf4fd8a4da2a0a5affca621292d9dd7bfdbca92e8f6b64,d29f3605f3cac383c4fe9ff043161989a8b38dec4b4f88612ea9c15f69906ca2
swe-bench-verified,pylint-dev__pylint-4970,pylint-dev__pylint-4970,PLe,v2,e02edbaa58184599c0b2f21867b6e6f2fd2f85b1f33c4f4fc11b7ae85e018aa8,0f879598180b3ea639247f147f3234b0f187d5119745116353a214b25d6443f2
swe-bench-verified,pylint-dev__pylint-4970,pylint-dev__pylint-4970,PLs,v2,85c050e3c68812f05d1fad15e7cc619ee72936e1c286597490aece09bfe56ba7,5d28ee72d684ca196d0a59172cb4bf502b060a2742a0b6bf64289cdf49ede5da
swe-bench-verified,pylint-dev__pylint-6386,pylint-dev__pylint-6386,PLp,v2,d3d72ab1a60d4f0a94286442c9b124fbc412233a8dfc685b9abbbda54744c8b4,46b2d74762f71fca5c43c433f3f35128cce41a5e6b1db2ce43b15495236c7dba
swe-bench-verified,pylint-dev__pylint-6386,pylint-dev__pylint-6386,PLe,v2,45142a7c9d21065f6933a42559fe8187587fe898da06f5dd71ccadede661bf4f,5d8992c10dc1439f7dacc52d3003d748693464bf720b27f2ee3d8ebbb3901822
swe-bench-verified,pylint-dev__pylint-6386,pylint-dev__pylint-6386,PLs,v2,ffced3dae475d76806eed1d9a71c6b6bb087d6ba85affa4301dd2684b5ae12e1,1fac886104118d121aa16d0dbf6ff5c494f0bf5b3c250f3b270cb5164b154f67
swe-bench-verified,pylint-dev__pylint-6903,pylint-dev__pylint-6903,PLp,v2,02bf8fedeab8964c3b869182f59769c00960c9b0e1d5203c73f00e4a8f242f20,781a9b6d6f630d3f75b2dd34239618956ad1a5601d7cf8ff0001a0f7d7cb6439
swe-bench-verified,pylint-dev__pylint-6903,pylint-dev__pylint-6903,PLe,v2,65422f63d8f15c5a62b38c3c68f2e9cc03ac9b547febff4652a465b7696525a5,cbd502b3a932d27085ec5dbd8ed0892d73c79c2adca2e7a360b7bd5dec0c0e97
swe-bench-verified,pylint-dev__pylint-6903,pylint-dev__pylint-6903,PLs,v2,a51c20ca5a7fb3391fbe382806e59d16b318bc9b67d66cf09cfa2aedbf9a223a,760be3dc885c5af8a51ec88083aa001a867f9acf07edab10b84fe1f50620147f
swe-bench-verified,pylint-dev__pylint-7080,pylint-dev__pylint-7080,PLp,v2,2dc2623fcfb5219a7fb92db8f93d89e48049f6bd8aab02cadab89951ef055143,5945cadbac4edeee692d8025b2af28aad561e07a3176203a80dd04f537a2cb1a
swe-bench-verified,pylint-dev__pylint-7080,pylint-dev__pylint-7080,PLe,v2,eba44e80ffc88877300672a956befdcf34cee40279aae812bf136ceab6d5fd92,9c07a75eb9a5a26cbb3a59c790620202cf80e8cf3cd74fb1782b06b0a2acdeb1
swe-bench-verified,pylint-dev__pylint-7080,pylint-dev__pylint-7080,PLs,v2,d838d21a0d71e06b9edd4f425795272a25c5fbe26cf347c4bf10c1e0a3b2510e,edddcc9d28a0b18edc772a707effd732306f2bc129d4c236fb645e17d635fa7e
swe-bench-verified,pylint-dev__pylint-7277,pylint-dev__pylint-7277,PLp,v2,c2b959465be0ac62df0764152eda31132ca057ce93c75065b85984c354c2384a,7ccd600f883c0682cc9dffea8e6739904c75d29792c13d3ed6613af25937c671
swe-bench-verified,pylint-dev__pylint-7277,pylint-dev__pylint-7277,PLe,v2,2d867d7d68497e0ef884f4e929175ccae2ca5b0c15f44defc6446dc49ae8a395,8a90cbf7e55e3b2db9d9de522f32a73bff843b1424b4c374c1150af11bf4841a
swe-bench-verified,pylint-dev__pylint-7277,pylint-dev__pylint-7277,PLs,v2,3a2eddc0c020e1b5c23ed16550de7b60dc54e8c8132d366f106d07b27f4bd66c,8588456460611accffa2c8066a3a3337bb2f43777a6d1f25b3f3225472b792e4
swe-bench-verified,pylint-dev__pylint-8898,pylint-dev__pylint-8898,PLp,v2,6c09e887e8baac4f9baed9bc182870fbce6157bc6080404e039ca72783571fec,35dcc3fdbc8c7c20beea98e6b504949de4e0cbfa2846f66eb686d3993f6aab7b
swe-bench-verified,pylint-dev__pylint-8898,pylint-dev__pylint-8898,PLe,v2,68a7e8ade2232a1d8514812ed8d7fd0e735e86b0474790dcd539e484fc2b3b5b,c183c3e672e64d8344d57013236177275d0b5411229501ff0444d7f9b47811db
swe-bench-verified,pylint-dev__pylint-8898,pylint-dev__pylint-8898,PLs,v2,a1eecdb358fac96c3a9bc6ea9de261e138e77717989a9a5437ea6f106fe83444,8f4f61900e9aa26cd3a0ad3e23a7fec210a9af12f3c1a2282e8016bcfd4b87f7
swe-bench-verified,pytest-dev__pytest-10051,pytest-dev__pytest-10051,PLp,v2,a74f06cc73caed77f13784e6913c39c6db65adcfc8f352adb2cfab8b943930f3,ccf4840ea5763ac9968747f6ebdaed8afd1ef9fa4f468d7a1dc47d55a4119816
swe-bench-verified,pytest-dev__pytest-10051,pytest-dev__pytest-10051,PLe,v2,a8d9b1dfea3d8e03918c0329c8131fedb975b60e40f2fca692528a9df80930c0,54d0477d4615e6b5b84bf327167b8f74413abbe88d1c525bf5aa8a6d4ec63355
swe-bench-verified,pytest-dev__pytest-10051,pytest-dev__pytest-10051,PLs,v2,f510c5e3b73fdb7a7b289e65638378195ad2fb55a0551fe77e18a80e39d230e0,4ce0f25df87c5c9158f2bbf4d60e2260af404a68cab9276c3a7b5c32c0a277e8
swe-bench-verified,pytest-dev__pytest-10081,pytest-dev__pytest-10081,PLp,v2,a35962ba4196fa71aac7d175f27d40b12cada4a015763f15e4725c0606725684,cb94ed357b6678ec8e7c173635485a69e7756dd0a490202f4dc989c9bd9672f6
swe-bench-verified,pytest-dev__pytest-10081,pytest-dev__pytest-10081,PLe,v2,6f13fab8ca41978f43adb10cad88c8161dbecd0162533ad7350c234cfe467cd3,422f06f94c7dfdcea2c545cfd1165dd59038808026c1fd92fbe87bda6132ea13
swe-bench-verified,pytest-dev__pytest-10081,pytest-dev__pytest-10081,PLs,v2,3d653ec78e1f3739cc2f1cf57edf94abd85e1237351cffa3946c9a3e9ed7accc,4637c31feeae9c6da188e222e7adb3e65fec032e2c65aab78c084030cd484b16
swe-bench-verified,pytest-dev__pytest-5262,pytest-dev__pytest-5262,PLp,v2,586091f266502462a18268178fbce44a28c583e369a93977ff94f4bbd736523c,58d4cd74b31659275860fc7e40702f93cf033cb63ba171c2151e143c6e1729a3
swe-bench-verified,pytest-dev__pytest-5262,pytest-dev__pytest-5262,PLe,v2,bdb1b658ed30f6a85140f3c26003c042e2fc19f5b00315041f5b1571a777944c,339ce02aa802b1c79d46e32b1049822ae223b1995cf11bdec7e88fd3f09bf52d
swe-bench-verified,pytest-dev__pytest-5262,pytest-dev__pytest-5262,PLs,v2,a73b68c866b37ccc790277d055ce68a07b6b4fff996a247288e08d286a8ae746,4f821986ccddb7c7c21f05fd17f3710e94951a68683d9076dcac798645e1c744
swe-bench-verified,pytest-dev__pytest-5631,pytest-dev__pytest-5631,PLp,v2,34801b45b31b546e5ca699d7d76dcf36deadd0519342e8be7321065c65c32e16,d921577ed1253db746c69b717a2f57a27d561fccdda15fc174606b1b151feb88
swe-bench-verified,pytest-dev__pytest-5631,pytest-dev__pytest-5631,PLe,v2,a8b70fbddd05ca4fbadbb3047fbf0e8b53474483f31a00509889d218f36af271,2d8bee47d157286c9d9d605a79182de35fd67874de09adc6a7b3ebc315abe878
swe-bench-verified,pytest-dev__pytest-5631,pytest-dev__pytest-5631,PLs,v2,b8b62a5fc05e938cc3ef5a01c5a8f4081dfd5ad56dd00a1f0d80c8e468c3457a,f9dcef57fdb48f3763ac0ec34dd365d79fac12e8d8556356349dc26bb660ace2
swe-bench-verified,pytest-dev__pytest-5787,pytest-dev__pytest-5787,PLp,v2,27058445fb2608916f513499e3cd2de7e3f33ed523ff92bb296b351f2602a9b3,f2f43bf24cb1f5df4fb5fa5dcd921344ee06770aa1ce43e92af3b0ab65bf4eb7
swe-bench-verified,pytest-dev__pytest-5787,pytest-dev__pytest-5787,PLe,v2,6c833fc9020e3cc60e4c16ee0ba8149e0522ca293e1699f3efaa5aeaac979284,101c7c9a2f5f8775f10b18d64bea8b3c7d07367e73d72406dd857406fc8c4305
swe-bench-verified,pytest-dev__pytest-5787,pytest-dev__pytest-5787,PLs,v2,ac629baadc298b57a48e083186d88a98330aa4a555f4bced068b80da0c855165,73adddaea67c0256cc4d954f4037e841e9fd3d7b2e9c317290abda9720d8061d
swe-bench-verified,pytest-dev__pytest-5809,pytest-dev__pytest-5809,PLp,v2,e8a8cb1d229505d55c969de1bba14f11dece87f4c3fe3ae7469a53f0d5d63b08,e51463d505ec73d36d0952cfdb22bd45132cbd17897eeba3adbf9f3332518521
swe-bench-verified,pytest-dev__pytest-5809,pytest-dev__pytest-5809,PLe,v2,62aa4038d3cb9d572eb7bead4d639aa362e49b19a686c37d433417bf6f41d35a,5ddfaca570a6c21358e3cd3802adf221ec70c2d742c966791ad2993f76304d45
swe-bench-verified,pytest-dev__pytest-5809,pytest-dev__pytest-5809,PLs,v2,379020f83337d01f128b8b5b9d8d56d4581d5340eefbb92f8a881ac5e90993fb,e190d6686ffedc46a5038edace8370bbedaec2d87db2f06150add4f8aaa9fc65
swe-bench-verified,pytest-dev__pytest-6197,pytest-dev__pytest-6197,PLp,v2,0fc47d004bc954800a251b4779da26ee827f52852f883bf333e5eaba80ba8c7f,d61651f21912096a0ad0cd4dbcf75c5e930f105364807d3031ed9bff1ddc9b0f
swe-bench-verified,pytest-dev__pytest-6197,pytest-dev__pytest-6197,PLe,v2,470237508b062a6ee29675a1d6b33ef3f99e28ab44c23aa330544efb412b0986,b258e6348384264dc669162cb8f047782a679101ce2f785cb2b30b261536d42d
swe-bench-verified,pytest-dev__pytest-6197,pytest-dev__pytest-6197,PLs,v2,cfd75b751b3fb03a61693231bc865f9e33f0f68de649414df973f2e826c4c43a,ef2660539c7d13c8a2a2102775ec926b3c5e17f136b2db97b61e28dae214995d
swe-bench-verified,pytest-dev__pytest-6202,pytest-dev__pytest-6202,PLp,v2,b5efa79b18fea67bee7d2342fac676fb2317489885cec74ebf5c38b58b61afb8,3f39b8f57d058dc6dc9e9556a008b6600536fe9a96eaf4ee08bf8629826a108b
swe-bench-verified,pytest-dev__pytest-6202,pytest-dev__pytest-6202,PLe,v2,56e084609336eacda2bd2e38e1c15dabad50d0b1ead7cdb6f1a2ecf975958b1d,7e476f15545fe20c618374562e2020e8204a934592195b4b60a9c0019b8531bf
swe-bench-verified,pytest-dev__pytest-6202,pytest-dev__pytest-6202,PLs,v2,0ac51dec2193dc9e5070328505158052e9ba7e1ad81ebd893af92775340cfdca,b06143ffaba4ab0eb32400ef6e65aa3e11fc3cc37cd900d9ae9252bfc40b06bb
swe-bench-verified,pytest-dev__pytest-7205,pytest-dev__pytest-7205,PLp,v2,716a6b817b9c0427165869749d87f9759a3090f3be8f03c7dc47b86a8aab2c7f,88f82205a1ee36c5a9d96a877549492eee7556cd50a49fdd60e83f6d8c70768c
swe-bench-verified,pytest-dev__pytest-7205,pytest-dev__pytest-7205,PLe,v2,881813aff6136c084e0a32e53e34e673563f9cb97e0c27e73a137a7c61811a60,ad80413e27d4f87035d0b6aee293cfe4c79bb39412fbb08b9c6775c07d46ae3c
swe-bench-verified,pytest-dev__pytest-7205,pytest-dev__pytest-7205,PLs,v2,4d6fde9cbd6da5ddf096ed7726d710cd8ec054bd28dd6cce194c22580bfa19e7,906237873ffafa8553d11f617cb352f77544eea1e9629842fe0c200a5938143e
swe-bench-verified,pytest-dev__pytest-7236,pytest-dev__pytest-7236,PLp,v2,06b41518e5433c495575689d6973382be3d627401f059e0191fd8d956fc6e7b2,5070d2f10ac54005a4a6eed03cbbe177b23f6f28af823eda1f1b478e710f3083
swe-bench-verified,pytest-dev__pytest-7236,pytest-dev__pytest-7236,PLe,v2,52609603dcf66860f5524ef543ac883ee0a202b15d686c809801b0986960f8d7,7bc0adb6655cfb60d3dd6a0ae8518b29f8aec4701bc6706ed69e3c337e236179
swe-bench-verified,pytest-dev__pytest-7236,pytest-dev__pytest-7236,PLs,v2,ca2daf33524ccb7535d0aea83b028b7f9ec00ffd6f9eeaf4511177d9274facd6,044c1a254844313137efa082a69f42e636bd81375ac7dbcb0d84e042c47f37cc
swe-bench-verified,pytest-dev__pytest-7324,pytest-dev__pytest-7324,PLp,v2,2a91f63ac6330e266320af28a5fd23c092f45f56a3ec03a4020db38a58016f96,982f09e9084585b96abba6e4bf0ee1c2ef4bae75d8b12b3bcd0cf62152587de5
swe-bench-verified,pytest-dev__pytest-7324,pytest-dev__pytest-7324,PLe,v2,83e17da6679a10698e2a12183ee9320fe3a13c0b8d903a54a74586448ee58232,fa109a06686464a2aa6ad8adf8485c2e26694e4d006345fedd78569e47529d5e
swe-bench-verified,pytest-dev__pytest-7324,pytest-dev__pytest-7324,PLs,v2,e87c7dcfa44c19e504ac505d47e09bbb24bd0ff397a0c6704d1fe3ef83ec75ae,625c92cff79937222d70fd16624a2fa50c1cb3201e8a5b54618934ab3196587e
swe-bench-verified,pytest-dev__pytest-7432,pytest-dev__pytest-7432,PLp,v2,cd00b849f0f54abc3d7e6bf60850f84d8cfc28f49601011f8134ade8696150fe,929d618f4a417c0c4543557dd3aa514712f98943cdd4a890ac38ad88eb595965
swe-bench-verified,pytest-dev__pytest-7432,pytest-dev__pytest-7432,PLe,v2,d5b40be14dc201ba9883f37ad829971f54e62a4462b07915623d8182fcac7454,79155c52d880d8b26f34d75fcf99b831a3214b5566746b9d3a3010afa74d7fd7
swe-bench-verified,pytest-dev__pytest-7432,pytest-dev__pytest-7432,PLs,v2,659d1bcbcecdece36ba5f583f4c56b0d2e6c380bb25e467aa0e8a23034398d0c,c0c48f3ec76c354a4ffed469566642e2e95124821c8258b91d4fa05f41f92481
swe-bench-verified,pytest-dev__pytest-7490,pytest-dev__pytest-7490,PLp,v2,f6597c008536b626ec5e782b8f4052792aee6d904bb27e2315e8f468e0dfd014,e1f6c0dad071f003d7404785f2b6bedd264b343ac502468655a90caacfb8a65d
swe-bench-verified,pytest-dev__pytest-7490,pytest-dev__pytest-7490,PLe,v2,a33f6a8ebb9e6cfe228c2de2633c31d43ce218fe02ec61ac9c77327013ac222f,7844f9ed81685ab24c86453f9d8d44552cc7729b446c1179ee160e76c68e2a48
swe-bench-verified,pytest-dev__pytest-7490,pytest-dev__pytest-7490,PLs,v2,d1179a5ec90085dbfb11f1e85906a029f86540d28226eff6eb5163e367629226,14c2e3ba95a61e602480e0c02e46c7878f7b815e10b9f44b8c6fdabeac498dfc
swe-bench-verified,pytest-dev__pytest-7521,pytest-dev__pytest-7521,PLp,v2,9a37373387949faee8a4eb9773ecdd5d2c04840b955bbd72596e0b7c12c2edf8,842b52c75866752319630c78acb10d1e8ad9d224f3bf155cc76683f81bd5ed8a
swe-bench-verified,pytest-dev__pytest-7521,pytest-dev__pytest-7521,PLe,v2,07c308a2a15d5dbb3d2324c314ec04ed8f5ff6860981617ef91eb1d18fd291be,be71bf55205f58dfceef7e3b4647aa728006ac37f80f51c57d29be777f689ebb
swe-bench-verified,pytest-dev__pytest-7521,pytest-dev__pytest-7521,PLs,v2,fd78e65d9f088a68d7e1a4ef0025d7d7f78f1f2f072949244d1b44eb34c8ab7c,752d0951d08230e5a7d7c102a6707972981acde85b0b4f8409ed16009370bd62
swe-bench-verified,pytest-dev__pytest-7571,pytest-dev__pytest-7571,PLp,v2,3b0053f6b997bac29beece3078dbe43c91beafe62d320365a47334327b90c81f,bfa75d8fe2cd18ffd8bf7d2d8e03982bb9c269e141d7b354d489c9ce0d9d4e41
swe-bench-verified,pytest-dev__pytest-7571,pytest-dev__pytest-7571,PLe,v2,81bfc8f6610345cb3cc1f37acf59314e7a7f64961a648fd3b5e68868d9202c98,555b4753775abacd234dae1793e408335fd126ce1f2ed5dee2fccd2f97962ab0
swe-bench-verified,pytest-dev__pytest-7571,pytest-dev__pytest-7571,PLs,v2,8ba087826a59629e7b5d5aaf0a06bdfd516f618e2ce14bd646c3832ace80fad8,64f89ca535d87ad61c1e7ceba15dcdd7298cc4517e98140e67c1f333a92d2114
swe-bench-verified,pytest-dev__pytest-7982,pytest-dev__pytest-7982,PLp,v2,d4d9085d9c4095e3d0a0bfc3c7b4d0893b346ddac138a145a5dc62e4a9342601,61848b6d45f8b668147f85e7b56cfb6cf3cd0bce3c51817823dc52fa262cc948
swe-bench-verified,pytest-dev__pytest-7982,pytest-dev__pytest-7982,PLe,v2,6879859a8dddd34ac08d93ff44cd6e6f20c064c03220539ae1993335ed355082,0ea2541a6693df0ac63cf80a35250f46b6e8709bc50b1687afc20f4fd918b902
swe-bench-verified,pytest-dev__pytest-7982,pytest-dev__pytest-7982,PLs,v2,d7b397cfd4c2a9daefbfb69117ce70bed46fc1da4ce44b0056aa4bb825a310be,b548952d187743b1fac8ed573f66ff81675539dd1ece2f9ff648164a1cb7c5a9
swe-bench-verified,pytest-dev__pytest-8399,pytest-dev__pytest-8399,PLp,v2,61790837f1bc5ec6eea7c460fe25be1df7a1e6bce9f6501f2a30a20954de9297,49933b833ec2b81c649341a2d7ed95dec593bc78fec00044f217f751a9be60a3
swe-bench-verified,pytest-dev__pytest-8399,pytest-dev__pytest-8399,PLe,v2,8db26ae02a2b09db4dc33178d2540c65b9a7bddacab7d9bed4369085ce0d976d,21df50b8ee5cb92cbe3bede1d77b12fe2c4d4e7136109bef136b1c39fb7f1e1e
swe-bench-verified,pytest-dev__pytest-8399,pytest-dev__pytest-8399,PLs,v2,4b8e558c11ee927dd3897b065a8a005d7f6fb4e92d0e5ab6fb91dc7c600f8f92,0e9da43fb04e9cbc335855687010ca2b8c00feffea6905765b0d60a9daa78d14
swe-bench-verified,scikit-learn__scikit-learn-10297,scikit-learn__scikit-learn-10297,PLp,v2,324775beff6274f5b4dec9198de0fb8f93969b5eda70c6c448269f5fe90207a0,61f5561b50429c33ce374268c504759d249d4c8aef346db3232a12153d774997
swe-bench-verified,scikit-learn__scikit-learn-10297,scikit-learn__scikit-learn-10297,PLe,v2,576e4810fd89ff32a8d0a81d452f7f968ba59ab0aa1664d751a48c8548c7edcf,d4eb54f7e9b0dc8879fd5acfcafcb2b87895ca619bcac859fc3126eab3d074ef
swe-bench-verified,scikit-learn__scikit-learn-10297,scikit-learn__scikit-learn-10297,PLs,v2,fcf19f1355305178e7c9b9b6761e3a14d22936c0ac6d171c1ab2b22a176642d8,0e425d67f929db1baf4e6aca190c866e5b63c2afef53bf7620322a182943378c
swe-bench-verified,scikit-learn__scikit-learn-10844,scikit-learn__scikit-learn-10844,PLp,v2,9b42ea3df91341b281cb383a2e60400ac8b4f52e77ff79350e024afc48f7f956,8efe39de92d0d0dbcc9a1f7ce6b31975bbfa804876e9d9eb3258477534e4294d
swe-bench-verified,scikit-learn__scikit-learn-10844,scikit-learn__scikit-learn-10844,PLe,v2,c2c6fcd387bd5d397d5e69a189681f244ba9d24d2f0e2011c24604d5b9dec066,e77e294c3ce83541ff44b6f804b4698fb786c104bfef3a6cfc6c9e0ac81afd68
swe-bench-verified,scikit-learn__scikit-learn-10844,scikit-learn__scikit-learn-10844,PLs,v2,d0a90c49196b629769ab8a66f8780caaba55c7436e52c5a27c8d2d9b8fd87242,619c8f3a31faafbec5c085e228a0e6e00d717f16c70c51c0c9db738c519ee5e0
swe-bench-verified,scikit-learn__scikit-learn-10908,scikit-learn__scikit-learn-10908,PLp,v2,a84cccf4b96f5059467364a7afccfb54839334f12fb408732657d389d6093532,eeda070da549df0f4824765f8a70d3cfca595f0b4e5e5a49f6e0c71224b76883
swe-bench-verified,scikit-learn__scikit-learn-10908,scikit-learn__scikit-learn-10908,PLe,v2,53b4950370c1eb758a5c16620aa468691d6ae0d89a681dd831bcda10a929cc98,0828dff37274d5046194a3eae288e24e9c44c54bc4042d2cdf23619c348cdb05
swe-bench-verified,scikit-learn__scikit-learn-10908,scikit-learn__scikit-learn-10908,PLs,v2,60affd93deb665de18b39c321b6670c72dec29a410d5d6011a389ae41bc33a01,99735014ff8af87d5beb9ed644fda1204af5bceb42e2f39679718eb72b5f70c5
swe-bench-verified,scikit-learn__scikit-learn-11310,scikit-learn__scikit-learn-11310,PLp,v2,8036f3ff9dabf85750a124bf198c706e9bff476093767e8e04d72404e65d14cf,ee7c7c138e959bc7d2025b2cd0ce908f6d12c31bd9e36d1582c9b9d7979103e3
swe-bench-verified,scikit-learn__scikit-learn-11310,scikit-learn__scikit-learn-11310,PLe,v2,d395f655ba63d7c9bb8eaf80b03d4c189b7cf65e9876bf441ea6c6c69731c2f7,aed29030812b2a041bca327a906a5a069ac383410a6092a8647bbdc0bc9d9f39
swe-bench-verified,scikit-learn__scikit-learn-11310,scikit-learn__scikit-learn-11310,PLs,v2,6c3fad407d2a214477eca37958e3247dd997db0dd4d9a2542c773bea2bc3441b,a1b8e4aeb153931af0ea9e2abedfbdd08c110287477b7e450f26f2e6593e9ddf
swe-bench-verified,scikit-learn__scikit-learn-11578,scikit-learn__scikit-learn-11578,PLp,v2,be008dfc85d55806a3886bef896c4d2713548e38204b67d9c6258da3d6251f84,470cd72e6cafabd766a2ea07f0cdc5005b04d47bfb1ef3a6a10fc918be1fe100
swe-bench-verified,scikit-learn__scikit-learn-11578,scikit-learn__scikit-learn-11578,PLe,v2,a62eb041c5715706891a3d02ac53710af0f78adc6df6b8706220c919ec62ca67,e6056e391652a7f6e9d3c6f28ec938cab380488965c0a9b71460953c93783acf
swe-bench-verified,scikit-learn__scikit-learn-11578,scikit-learn__scikit-learn-11578,PLs,v2,22646fdd95f8cfb29b49c3a8a39b673bec9ec2e468c4029fd7348b6b44c0694e,8d983133022449d64182156b23a9b792475a10c39f11bddfc231c9bd79bea52a
swe-bench-verified,scikit-learn__scikit-learn-12585,scikit-learn__scikit-learn-12585,PLp,v2,cacd11751e58db74cdc12bf2a107c25dd65be9d892381319596cd0688aa044ae,241e966584c0f255f34a9559ed8196ce5b447b3374a0437175ded2a47529b4fa
swe-bench-verified,scikit-learn__scikit-learn-12585,scikit-learn__scikit-learn-12585,PLe,v2,6bc9d063fdcd52655ad5d509d3f48b2608052b0e5d77ade755ea732a83626cbb,2d0024958c0688c2b27d12c2b2b811b0577269febadcd2348a8fcdae7a3bfc66
swe-bench-verified,scikit-learn__scikit-learn-12585,scikit-learn__scikit-learn-12585,PLs,v2,af7538560ac6263f7e9c172a5f293c19ce202e5bc6fb1750f8a6ae8fb972834b,c86dc19772cd7e7970c3480858e16e3ae4214715b76a439dc1a255fcf958f123
swe-bench-verified,scikit-learn__scikit-learn-12682,scikit-learn__scikit-learn-12682,PLp,v2,1ef7a926c5ea3077440fe5aaddc6f366905f78f8eae11a79761e12002b0a5b24,18de7dc0e4df7395636395b62a0ebd88cf078714447e9d89e5ef4325bc4b447d
swe-bench-verified,scikit-learn__scikit-learn-12682,scikit-learn__scikit-learn-12682,PLe,v2,d74d742080984ad3a9436bb2e098eee7cc2b369903a24fec5f3cd8f366ea0e9e,bf4244389b6118a92a520f4078b3493c8951054a9b45e0f466f8bd0db3012afc
swe-bench-verified,scikit-learn__scikit-learn-12682,scikit-learn__scikit-learn-12682,PLs,v2,c1d8ba0a4171bd0d19042b6c038c12e3d432680aad0db490e23a72d08888ada3,d9859ea62a7ab474d4cdc0eefbbfbfb26026806cf5b890abba5a2008b4ae7cdc
swe-bench-verified,scikit-learn__scikit-learn-12973,scikit-learn__scikit-learn-12973,PLp,v2,e06ce8e20fe4b8fe369ccbcfc3f4fecc0623a240c64bb25e33c7190d3b6fdbb4,a223c141f46f18fb45ad9f7a3489cfedc872238de88b0fa89c85882478c94dda
swe-bench-verified,scikit-learn__scikit-learn-12973,scikit-learn__scikit-learn-12973,PLe,v2,b6a1336ed82680a371da9f3f0c120553729cf3dc96b768a8733a077b203caff8,2405fb5804b62ef279529cb54b0252489561bd627a52dcb58bcbe7259abf56a3
swe-bench-verified,scikit-learn__scikit-learn-12973,scikit-learn__scikit-learn-12973,PLs,v2,db6d837cf52e393c76f85c5a0442249df06ff7d573bee6c2ea53e34357eb314f,f182296f3afa7893c76070fe9fffe40d3e2c3362b1d49c1db80fcb55c3967867
swe-bench-verified,scikit-learn__scikit-learn-13124,scikit-learn__scikit-learn-13124,PLp,v2,52aa15502bdd22585c66aa7b909e75c384af32e5df28a76ae5fde88a30e9180f,309f9eb3829d28704e09359f31dfd97e76891963e13649c3fd5afb50cf1b2596
swe-bench-verified,scikit-learn__scikit-learn-13124,scikit-learn__scikit-learn-13124,PLe,v2,5abb1428345dc7c4248eef9e78a463ca09c583726fd85202bea49b1915b01e86,cde50c92a9df61f71fae3f6c5a43a314a6cea581889f0f163ab988b1e3cd2ac7
swe-bench-verified,scikit-learn__scikit-learn-13124,scikit-learn__scikit-learn-13124,PLs,v2,e533a48cc1d4ba5502a913e667c56562be7759bacc366e72e93bec04ada25665,4bd0ae5e8e51a3f397d4832aa2a02371e11f55a3e4d6b4af2d5435dd55f01c1c
swe-bench-verified,scikit-learn__scikit-learn-13135,scikit-learn__scikit-learn-13135,PLp,v2,119802a6eea3d5421f7c53ab12a26372a75cb9f44b5f6c9fa5f42dd4bc13a664,ce17548474e6dc4cf3aac0836c87f57610c47e63bbaecbc9cdff9b5074581952
swe-bench-verified,scikit-learn__scikit-learn-13135,scikit-learn__scikit-learn-13135,PLe,v2,c26c0231f03bb2b72b2d8dc9fb3fe63fd48277c645082fc2f32ba30084c217ea,7d3f25379e66f65148c2a6a7d5ca4dbc596a541b6220c980798239d0deb21ab3
swe-bench-verified,scikit-learn__scikit-learn-13135,scikit-learn__scikit-learn-13135,PLs,v2,be5e1c244ee4a6a336201797534aff04fa314550814a73e312761431655b2812,503ae082bfec6bd7596d4bd021acb94878317415695d897b01a692ed5aacf679
swe-bench-verified,scikit-learn__scikit-learn-13142,scikit-learn__scikit-learn-13142,PLp,v2,a818f57a4d07766de83f2151581799955476272e09d19f488087e1ae96bbe3b5,4be1bba4b94a389654b63fa79055cb6581fe292362a4ff5a2f203596d0d29d36
swe-bench-verified,scikit-learn__scikit-learn-13142,scikit-learn__scikit-learn-13142,PLe,v2,654b455e5ba914600c48872d02e343f4ebf60250f30b0854f1c52fbcdb438cf7,3ddfb0c524c9303ab71aab0a6395107cabb4554e707437ce536fffaee901bf2c
swe-bench-verified,scikit-learn__scikit-learn-13142,scikit-learn__scikit-learn-13142,PLs,v2,863eca99ee53c39ec550455ec161fb2a836331173eb5d4cd354a6e703bb4b37b,6d9f86685601a47be3bf63293e3b61306ef135a12203c4d6df93c35e8b44421f
swe-bench-verified,scikit-learn__scikit-learn-13328,scikit-learn__scikit-learn-13328,PLp,v2,e643fb3d66cab95333abebdbbb3cfb0b37b688b12fb100733f67d828fa676309,f71002dc3fcecd2c723a199573948c6eaa8c91fef47e025450f97aaf92aa1567
swe-bench-verified,scikit-learn__scikit-learn-13328,scikit-learn__scikit-learn-13328,PLe,v2,2211c069249431c37c9e81a35e98ef86d1390a816b8ba0fbfaec0957accc7a40,dd2346f03cb2cb0e15078ab717cfac0804a6171e2168b1e6ee527ed203348da5
swe-bench-verified,scikit-learn__scikit-learn-13328,scikit-learn__scikit-learn-13328,PLs,v2,d7777348dec5f5d2edeae207de8b142afcfba4eacbecca224d1359f652ee27aa,b34368e9cbabaa891a4042d448935a9c0eb68e3128e876a08ca99f857b7c70b6
swe-bench-verified,scikit-learn__scikit-learn-13439,scikit-learn__scikit-learn-13439,PLp,v2,1cd525f1a1980df3cc30a7968a0933c4ed38a5049a721a8604c9d96b0e1a9424,9aee0644417f32548f35bebd9bf231a59c25a02979e6ab6afe57c95fbaac9d9d
swe-bench-verified,scikit-learn__scikit-learn-13439,scikit-learn__scikit-learn-13439,PLe,v2,3f0c8f3d73f53701302bdc70d6fa1c950c8ff9e13194481612dd39820cad1fcb,3555156f35f89fa04fc48f994d9e51c5d7c64f7d8de381f0f8e1628dbad5320b
swe-bench-verified,scikit-learn__scikit-learn-13439,scikit-learn__scikit-learn-13439,PLs,v2,1e4f50fec0b16dce75e0b52e7a42c5075c3ae4229bbb11ff1673ac92c4d47477,6afb7db1c3a252a8dbcfc3c6c2ff36762f786707c3cea67d76d8ad7903e98277
swe-bench-verified,scikit-learn__scikit-learn-13496,scikit-learn__scikit-learn-13496,PLp,v2,a364cabd56a0e5984359f5eb56718ef6bf794d51cd070ed0c4e05eb157c25a76,1cbf1065294eda16ea6cb4cad6986ecb19b2e1ef9cf694013087045b1af94c58
swe-bench-verified,scikit-learn__scikit-learn-13496,scikit-learn__scikit-learn-13496,PLe,v2,3401ad6cd2b946c491ea38eb1212115b9e5dfc939224b4723c1655e1f666f11a,7e8fce7850d18178ff230be42ed53b18da483d9fcf69a8b18a8d4c4d8c1dc8a6
swe-bench-verified,scikit-learn__scikit-learn-13496,scikit-learn__scikit-learn-13496,PLs,v2,c4a38390555a28b23dd92e8dfecb29b3d9338df09f661a64797db75c6ffd431b,6b2c04d2a94c4c53bccf8c9a9341f34bbd8f03c19c49f0bfdc93496f4713a3f4
swe-bench-verified,scikit-learn__scikit-learn-13779,scikit-learn__scikit-learn-13779,PLp,v2,bbfbc158634cb66d1259629b8449caf40ec2227c55d33622b2af005eb8a46337,332cad897c02600a62822d1c44c8d242cec279216107c1946d5730ee352e9fff
swe-bench-verified,scikit-learn__scikit-learn-13779,scikit-learn__scikit-learn-13779,PLe,v2,010010489a203e1f5109c301d0d75c3f45f74059a798d8fa731fe33aa3083360,d76354919d8169e7230a51b7945b8040a91bfbe91b36688abfa5dac0cb0a6a2e
swe-bench-verified,scikit-learn__scikit-learn-13779,scikit-learn__scikit-learn-13779,PLs,v2,c490bd98e5dce997eb1c94a914fd040136b327b5680c07495367de6c79421f97,e3e5257fbec903a8e4e2526d4ee40dff1711c6bdb3d5622fc501c2a7c206d2d3
swe-bench-verified,scikit-learn__scikit-learn-14053,scikit-learn__scikit-learn-14053,PLp,v2,66c4fe2d2742373c0891bcd48e1ee4ed04c209f42ee3fa8c796e6f9a09a6e5a3,748fa098c6497c7582d5c315bd97d030a7edc42491214680d01fb484cb2b2900
swe-bench-verified,scikit-learn__scikit-learn-14053,scikit-learn__scikit-learn-14053,PLe,v2,2f86c94fbe6c234262ab8cf4b6040759ffb97c553990dd4803028766c8ba708b,33dc36a0fd18e6c65df23b07c49eb46aa0bd7a1ea209c9d29fb291361c3a481d
swe-bench-verified,scikit-learn__scikit-learn-14053,scikit-learn__scikit-learn-14053,PLs,v2,bf81d0ce1caf9c22d399dabeec18dc20dce0f65aa781b936014a356735097abf,4a16a55607411d3c4e8324615c63c0e912439c5279c36ae7aa4e5a3a8d4e975b
swe-bench-verified,scikit-learn__scikit-learn-14087,scikit-learn__scikit-learn-14087,PLp,v2,cf7a93834b2abd9a4fe3ae0a933aaf568e0ec1f5961f2e152cbe0b91b4e1a22e,70b89d69449b02cc2f6d5adf49b53959eb2a9f5a7518744585a3159c8438a940
swe-bench-verified,scikit-learn__scikit-learn-14087,scikit-learn__scikit-learn-14087,PLe,v2,a65857f97d802bdc81560f417fbc21915f078c4fc229ec84d568007c23c0097f,fb12aa062180da89f18d89656f5215400c199cf95be390bae59aacd7ebc8c65e
swe-bench-verified,scikit-learn__scikit-learn-14087,scikit-learn__scikit-learn-14087,PLs,v2,d2efa8e5cbff426ce760c13ca7bb997c38ea1047966b6b93f4181803237b8e39,fdea1113a6ed84c696533f14355e1faab4b673a91ed62f9a7f753c64259b32f0
swe-bench-verified,scikit-learn__scikit-learn-14141,scikit-learn__scikit-learn-14141,PLp,v2,7c5eb66b3860a555ea7e39a54a5e838cc8c4a8ebeb86f176b26d5058aba4f4e2,9bc04d904f43a40a9e3f10cf0c3f9a76f30af2c99064c62a0bce2180d5f577c1
swe-bench-verified,scikit-learn__scikit-learn-14141,scikit-learn__scikit-learn-14141,PLe,v2,5af21cd4f51ad7abbab74431441c07c5c6aa58377b72235b324155304e1ab1b4,e8359a0cfd9eaa6243385439a672066115f68fce2c072f3d36f89bc8d1738953
swe-bench-verified,scikit-learn__scikit-learn-14141,scikit-learn__scikit-learn-14141,PLs,v2,589efac286244146cd71e81b2e291a20774d0ef18e7f3b5180e360af5f0edf8e,305ecec950d6be7644f2da38394b19ed59e7581dbeec061d88e92455e567f9d9
swe-bench-verified,scikit-learn__scikit-learn-14496,scikit-learn__scikit-learn-14496,PLp,v2,91b99a6aa477ec9bc52a2a0ec3a6f247829b7657c4da24ba86efde4d821b6690,ad363b6f5328a72f6a90c1258bfd54e7af5c3219416a32de91596dad4f9bafbf
swe-bench-verified,scikit-learn__scikit-learn-14496,scikit-learn__scikit-learn-14496,PLe,v2,31ac3fa05cdff2b4776457d9625f5e5543f8ac48da2869c0381cf339d2b0b6c5,4d07e43e1ef04337b139cfc46216d466d6ec5e73a75eda2f5157335e35fcd93d
swe-bench-verified,scikit-learn__scikit-learn-14496,scikit-learn__scikit-learn-14496,PLs,v2,b3db663226ae4544aafbc4fe8948f83f03e62654a75cc24c32a2a6e22f5c2671,b9d5cbd6f81d71090d08ab00d93ae3c1136a9f4839674174a517a66e9e50ea6f
swe-bench-verified,scikit-learn__scikit-learn-14629,scikit-learn__scikit-learn-14629,PLp,v2,840f5de48f578add58d51fcd8f3b1cd32bd8975a028ff053a33f3a1eccff0173,34a4b70caff1aff109374f830ba4f03d43c78f962b97040b544d4b5a41f91100
swe-bench-verified,scikit-learn__scikit-learn-14629,scikit-learn__scikit-learn-14629,PLe,v2,a2278e63020dfa5ddfe36f222600ac851392561bdd55bbec83e8e99999039def,ed79f1ec0ca5aa3b3cccf19a88a35453bbacd4cbeb9263c2a185472caf4c80d3
swe-bench-verified,scikit-learn__scikit-learn-14629,scikit-learn__scikit-learn-14629,PLs,v2,55f110d218ed665a7e4646443fba080e12bbb30e188cc81ade0598b470bf4709,ab3346f095454602b7ca87d37506680f44ffeeecdb6c432b29a6ac377974a881
swe-bench-verified,scikit-learn__scikit-learn-14710,scikit-learn__scikit-learn-14710,PLp,v2,655cc77dd69840c652470d01d742ccd988a071d403b7cbe96594c588de4004e9,ec04e8ff5f7587458595b40db09a9866306a8c868be6e6865d2c35321fd7ca46
swe-bench-verified,scikit-learn__scikit-learn-14710,scikit-learn__scikit-learn-14710,PLe,v2,70871acade89fc451d8d991b89ecc7d766521f27e0b263f037b99fb97f6300cf,b64d691b7d6e4890b9c42abcbf0885ac7fb5f4120ba36eb13db203fcf26eb07d
swe-bench-verified,scikit-learn__scikit-learn-14710,scikit-learn__scikit-learn-14710,PLs,v2,b0127bd4e364a5b8ca7dffb0ea7c7dd68b3794bb3b8f924dd8030fcb1e26f6ad,4e582451f39aeea8007bceb7cf6f23b8a21a153ce3b84df032efc130a0bef8cb
swe-bench-verified,scikit-learn__scikit-learn-14983,scikit-learn__scikit-learn-14983,PLp,v2,ad6e8f677b15369da6c17efc21e250806539205e2f6819b6232b3546181e2dac,77a39ed4de1ad5c0b7f27e57548f81e1b4afcd49c571655186f1fe7c097854e3
swe-bench-verified,scikit-learn__scikit-learn-14983,scikit-learn__scikit-learn-14983,PLe,v2,21c317ca764a2c0158925b603278fb57a0eda63ff5ef393455a4db5ce428e5d8,705e0187e2c4715dce014d3bc159985314c85e121c20eb69bbbcc3e8666fc4e9
swe-bench-verified,scikit-learn__scikit-learn-14983,scikit-learn__scikit-learn-14983,PLs,v2,20b41a386b093de64644ac581ae332740a60d87b14dd9e2758f7e3d98084856d,3006f5cdf3a333ed50e6a8040a27a8a3866ddf8c4c06fd14c9010d93a1ce1ec1
swe-bench-verified,scikit-learn__scikit-learn-15100,scikit-learn__scikit-learn-15100,PLp,v2,91053ad8b3d6a07f8cd3dbbb7ea1985d7b76d5b5a0ef3d15b351662458577a77,595c558090f9ff2425926236648a03e7816b8615c4765cc2dc795976e236a68f
swe-bench-verified,scikit-learn__scikit-learn-15100,scikit-learn__scikit-learn-15100,PLe,v2,5670593a04eb445fc33cecd4bb86e1a73bfe75779d3f76c299c2207cf77983b7,2557ffc5ab3c2862adb4f2210cfedf4122615ffedc9aadc6507b8a5a49a4bf0d
swe-bench-verified,scikit-learn__scikit-learn-15100,scikit-learn__scikit-learn-15100,PLs,v2,7dbd8c196d63763b59d04da2b48c4a4261220c94b32f8a775feab188736f080e,52f048d3498ecd885656cc6f54748e00e878658218ee3eda0c5607558eb36528
swe-bench-verified,scikit-learn__scikit-learn-25232,scikit-learn__scikit-learn-25232,PLp,v2,a1589e44aad016e5df5819107c2db3b8d4acfc4fc4fb6fdefea6c4f741739e54,dcd588168673fc28f3292f282a84241024889bf79d426446239195c13752bd00
swe-bench-verified,scikit-learn__scikit-learn-25232,scikit-learn__scikit-learn-25232,PLe,v2,40625db234aee8e05ff350b4bed870ac83d7a9e8181b8f1e5ea31e1f2569ecc6,1181af41289285888eb61f81549d7396bd4c1310570b6c7905a49e0ac4b5e6c7
swe-bench-verified,scikit-learn__scikit-learn-25232,scikit-learn__scikit-learn-25232,PLs,v2,c0c13b94dacf377c0ad2cf0b336191547ab9bc20b07c198b5a755672200a1c3a,c11cd8b45af1cd7869fce9d0b57ec7e9003ee15c98b4693bb07b169d6625dffb
swe-bench-verified,scikit-learn__scikit-learn-25747,scikit-learn__scikit-learn-25747,PLp,v2,e868a463e31cec870cac7a44ecca0221ca5b900fbb89c0acfbfa7b6c46d25c7b,4af48ddd30f89f7d548c49882051aff8bcf85e39606bcbc39f3390d1ecf644e4
swe-bench-verified,scikit-learn__scikit-learn-25747,scikit-learn__scikit-learn-25747,PLe,v2,38b9ba1bfc151d23e1f9b918b543ff5fd9ae79e9c58db377ea2c9ed5bd285e07,7a8964d8cfdd02d8d3ead452635e96793a218d47d1d4e12de9105cb167f6dd1a
swe-bench-verified,scikit-learn__scikit-learn-25747,scikit-learn__scikit-learn-25747,PLs,v2,0ecde9fb890cd7ae9eb724a62089649317307090899b2c2d17b1e992693c4b1f,0166e7f2eed392ef98686e2698cea033893ef230bfec3530e5bb3d15790a025b
swe-bench-verified,scikit-learn__scikit-learn-25931,scikit-learn__scikit-learn-25931,PLp,v2,e59eef819922bbac333fae3f924f7cef6094e876adc2f1c81ef71ac1a121af27,931a94643cd9452a15c65cd7e404e7be33eaca9a75ff1fa4b59007489b31198c
swe-bench-verified,scikit-learn__scikit-learn-25931,scikit-learn__scikit-learn-25931,PLe,v2,09c7f431848ce9e10e1647c321bf60da59091b001fcb09d38ed67b3f7ef03374,cea09d107a900a645d5d84944c0f5bf80c99bcc980cbfbf70aeafb6fc5c72222
swe-bench-verified,scikit-learn__scikit-learn-25931,scikit-learn__scikit-learn-25931,PLs,v2,999715cd42bd1428ad5a9e548a57987a02c46c94d4e8a1673e55ef8ff767db87,66741251b5e92ee07227a695c03168c2d096bc775260339e62b8a01ce4afc965
swe-bench-verified,scikit-learn__scikit-learn-25973,scikit-learn__scikit-learn-25973,PLp,v2,0c064948c11678f5921a00725658241ae8992c67fe44745e06c0baa1db969b1b,f1c60aff7db0629b4ac2269b9bba6e2609419c4db5a236aa47bea0c86e1d9ca5
swe-bench-verified,scikit-learn__scikit-learn-25973,scikit-learn__scikit-learn-25973,PLe,v2,5c3f7b24bc52e8a09d7a9cc7dfc7ff4043efbc65cf9b4208ea2d184221e51230,e0761fd7cae9e618f7f26c2b042470b892205da418d4d93556eb9629b47c05a4
swe-bench-verified,scikit-learn__scikit-learn-25973,scikit-learn__scikit-learn-25973,PLs,v2,40e9bb1fa237e30e91e860b96404d92be77f65cffc2ce6c876a64bcd5cd12ce5,1d34e3d4a1e69efff5e9ce04a25ef8bf214c4859ad9710112941339f725f3e2e
swe-bench-verified,scikit-learn__scikit-learn-26323,scikit-learn__scikit-learn-26323,PLp,v2,45fdee14928ad16cf283f12973440bedc453016c22698856dd8fdd10c7487ce0,fc26f99d8ff0fde21f0d61129bef6ed3282d99c31420064d8b514862dd2aa720
swe-bench-verified,scikit-learn__scikit-learn-26323,scikit-learn__scikit-learn-26323,PLe,v2,a27e11050e61793ecefe91f0f3f3461bbe8dcb5950c7f33240d804a6404e1fdd,6e3af0899ebf83c7e2722b5ba35c10d2dfaf917eb8e38ba6ae4b6dbdb8976d98
swe-bench-verified,scikit-learn__scikit-learn-26323,scikit-learn__scikit-learn-26323,PLs,v2,c4e411da6108ae055a64d15170b5a55887e360610f6a622c07b9d0a730a536d5,037aeef9acafb6032967556650f18f254efe36553ce035baf700a800df0e8e44
swe-bench-verified,scikit-learn__scikit-learn-9288,scikit-learn__scikit-learn-9288,PLp,v2,63512644efb555862a9205b22bbbf8c00e49f1e354749309556543fb2f4a75c4,c5560adaccbfc31e7e982e2e962a6218e70e70ab22c9a711cc9f4b1691daf070
swe-bench-verified,scikit-learn__scikit-learn-9288,scikit-learn__scikit-learn-9288,PLe,v2,ac0087cd87863acfb63d26c21f6b9d651d707aff629565e4933aa8cbccf4083f,cdf4539e240b13fd645eb01e44e70302041fe8afcebfd6d13daa4fe30bf01b5a
swe-bench-verified,scikit-learn__scikit-learn-9288,scikit-learn__scikit-learn-9288,PLs,v2,dec8908adf9d7183cedb50ae7d6c1dd8d1a108765e4f411ec41f7477f034f42b,393cbe6541d42be566164370a273e0044da0a50b762f52a06d07e53fe5790129
swe-bench-verified,sphinx-doc__sphinx-10323,sphinx-doc__sphinx-10323,PLp,v2,fa46eb7c67ba38ce3f14bdc28bd114acda7eb621b6f25b49a54a317378bc27fa,8e7806c13aef69f50374d989d40abee8e90933256bf8496af2b9e89e4fcd57f2
swe-bench-verified,sphinx-doc__sphinx-10323,sphinx-doc__sphinx-10323,PLe,v2,abb5dc5a81b05370793ece313e3796277201e1b99fa2a8954ecff5ea222300ff,0a25ec1ca75bb6227ce5e844bd11f706c4955fada85533ecc2bf42c5113f4f7b
swe-bench-verified,sphinx-doc__sphinx-10323,sphinx-doc__sphinx-10323,PLs,v2,634d7cc2bc1421257959dc2a1c85b85f8474dde6d73e5f6b50faa9f136238258,37e2f4b42cb57869b75478f3a92eea41ac517b7b1184cf5624494da03b449575
swe-bench-verified,sphinx-doc__sphinx-10449,sphinx-doc__sphinx-10449,PLp,v2,d87a5d602805420a2ee700956e15d15b23570049c323fa3fe4261bed0a85026b,0e31c7231bfd3a3d289e9a36ba170085d3cf201ddcfa9e839de6f4603c9f0702
swe-bench-verified,sphinx-doc__sphinx-10449,sphinx-doc__sphinx-10449,PLe,v2,f1d7646e6b0d0e302268648d4ad940b063ce60b22b7440a9bed231a6e980d35d,00df006113b10ab79e6199bcedcc0d1c1dedd9748454b03f511db65b8e41a2ec
swe-bench-verified,sphinx-doc__sphinx-10449,sphinx-doc__sphinx-10449,PLs,v2,021bb36c5a92b4ef1580d261cc1c324e0a36d311142d4b437a1d6f0e4e030dbb,dad96d31775a3147925c97afb397d61444c1a5dc1210a47aa71b7acf4c8cbaf9
swe-bench-verified,sphinx-doc__sphinx-10466,sphinx-doc__sphinx-10466,PLp,v2,db90c618d55f22c7955928465cc53f52be0f7e82817df4db9352e7d390339bcc,d75e8b50fd3236c61a6dad422388db28c88d97a7f394ea8493a81c3a8f8a697b
swe-bench-verified,sphinx-doc__sphinx-10466,sphinx-doc__sphinx-10466,PLe,v2,c00ad55effbb350ec36b6fc051116b695308ddccccfa0d82e648ff61ba963b7f,5c5f831cc77e62bd71d3afd8c401e94eac344f97ba05be753bdfca732cd4d297
swe-bench-verified,sphinx-doc__sphinx-10466,sphinx-doc__sphinx-10466,PLs,v2,7739e783d1b19e865b8e523b1cb2bb586517e239e43ff7a339e22e8572f68cd9,6e45043168abaacdcf9d2d3e663ccff49ccb8e8d3e74082a74d8417d6bc6a755
swe-bench-verified,sphinx-doc__sphinx-10673,sphinx-doc__sphinx-10673,PLp,v2,a7ae6b4407e3b230c16ba57319f9f5b38402649afe838acc5ad4a17c32b7f7e2,c3c4cc84f4227316b0f8828d5743c36084757764c2b349d02a4d45b1404cd161
swe-bench-verified,sphinx-doc__sphinx-10673,sphinx-doc__sphinx-10673,PLe,v2,67597d872828b36876cf9cf23c1b31ec744f3d5343915777a020a2198c2f87ec,f7905b4f3876a1621c0417034425cae64fa26cad167c432826f684298c486656
swe-bench-verified,sphinx-doc__sphinx-10673,sphinx-doc__sphinx-10673,PLs,v2,e17e837bffdefb0f59fe97ce941d1dc6a3d9d372096ba3012d198ce24c987be8,0ab3735f6e66dc3bf527794b3b9a37cab0a2122ac0d3803699c4c5e2ab0c1446
swe-bench-verified,sphinx-doc__sphinx-11445,sphinx-doc__sphinx-11445,PLp,v2,89339736c51ab119dcea942863020a3151fde616792c985fec6aba602593835c,59e916fbf203931e92cd1bb9bb393543cf4cc5ae6f726925f79cea07d3cdb1c5
swe-bench-verified,sphinx-doc__sphinx-11445,sphinx-doc__sphinx-11445,PLe,v2,5ffdfa25e4273da6aa57520e21567313c4b2e5a9a814315b73cfccab20809a94,6f8d7df1bb7cf26d9d07c74488be5616cb4ebf954446892a614ba5710ae5c4a8
swe-bench-verified,sphinx-doc__sphinx-11445,sphinx-doc__sphinx-11445,PLs,v2,bc5b08e3ed7682d9c488c0fb70844c576fa78ea4313027d5cd1df072d68b515d,6afea6aced16e2773db2a10232bb0f87a1f612e70403da57b2cd7d5511239c2a
swe-bench-verified,sphinx-doc__sphinx-7440,sphinx-doc__sphinx-7440,PLp,v2,fd2a630357272ef180714394d28f318ab55c8116947f4329fac50ea090ae98a8,2b2f6099270a60988682c4763d1c2149a6c57d37aebb73178cbdce48fbb0c2cc
swe-bench-verified,sphinx-doc__sphinx-7440,sphinx-doc__sphinx-7440,PLe,v2,fb0961ffce7d55d9e144bb6e0ca8767202fbc8b6bf83a3a6e8a5c94ba1a47487,5941505923d6b55efb59ae2dfc9bb7300fa23fce55db7f18ae81ab0ecb8b78d1
swe-bench-verified,sphinx-doc__sphinx-7440,sphinx-doc__sphinx-7440,PLs,v2,d2e124ddf635b280a6cd3699b0f43710644d2d8f3836a730299f3d6885101149,d173045bfe2f9c2cfa3883d76151b7d72cbb865ce7da4ffa5ef1906c9fd9a654
swe-bench-verified,sphinx-doc__sphinx-7454,sphinx-doc__sphinx-7454,PLp,v2,b8b7dbc703808a5be758494fc29b7a54bd076646d4cd9d6b7b6ca28fd8eb1a0e,6e1d32e43911612b6cd87242f196be13cad12b0f31939a49eb24df9140e060b0
swe-bench-verified,sphinx-doc__sphinx-7454,sphinx-doc__sphinx-7454,PLe,v2,370bce91db5713b85d49ef5ac0e34479b67ce041d583ab6a60ed3916ab982301,0fbf30a331a8f8f2d9d8f6912282f0d5e1d16fc3044f65f91c50b7140b92234a
swe-bench-verified,sphinx-doc__sphinx-7454,sphinx-doc__sphinx-7454,PLs,v2,29c3b9e79b9bd75f2f9d9fbbd31778f953c9889de628045b71a5d75ef4d82dc2,5c7c7d1f1836feff58ba8f5216174b954933c1a31b98e4938ddaaa58f6a8f272
swe-bench-verified,sphinx-doc__sphinx-7757,sphinx-doc__sphinx-7757,PLp,v2,76ca67040134dee0fae4a1ce877bc93e033d8703f8df122826663021b0451cb6,cad5af04c376894443e5c2446e6bdd23db302ea4114a2e7a5108520a7ce280da
swe-bench-verified,sphinx-doc__sphinx-7757,sphinx-doc__sphinx-7757,PLe,v2,5ec3bc6d7ed7f8aac23ea2f51d8f6006a553336000411761924049e4ffcc7cdc,df7debb1e702d24d0eb0e0dbef15031726b297492945b6434701723db2a6c6b3
swe-bench-verified,sphinx-doc__sphinx-7757,sphinx-doc__sphinx-7757,PLs,v2,d9bd26df04d6a15f2c01aef4a1e891ffabbd83688bd0c5b1b5ce6de25bbe695a,46e16cca2d0cf3b67a2ef117bd08f86ff79b3446c9aec1c75ecfd9f1da5018b5
swe-bench-verified,sphinx-doc__sphinx-7889,sphinx-doc__sphinx-7889,PLp,v2,5699ab0215110931790d2791c799ac5099471ba5f26706da2f40fccc2ff34c09,6fbf1b0e6038701f6148350bced8b1899c18d1ef4a4e2efd6d5dc0489bfce258
swe-bench-verified,sphinx-doc__sphinx-7889,sphinx-doc__sphinx-7889,PLe,v2,985dbd36105b0901d18822925b8ddf83039f0b45ac0dbd627a33c24d97ff820c,c261031833468a2a4fcdb32ec777cb9c7c3e49c16e40fcf6ff37346f2b8925f6
swe-bench-verified,sphinx-doc__sphinx-7889,sphinx-doc__sphinx-7889,PLs,v2,bfd87e56295e8f9664e99c2e0fb7ca316a424be36c0f830ee86d472e889c8905,3a1758f6a3a6d9497b45a6965cd29c42309237482f54a58abaf58950becf991c
swe-bench-verified,sphinx-doc__sphinx-7910,sphinx-doc__sphinx-7910,PLp,v2,0bb93698bdef92faadd0050a71f551ed991baf8ba60f8caa03891863f9f52562,51ee84bccb0401240808ece9b0648c421e5340fca3fdc108cd3d3c173396bb49
swe-bench-verified,sphinx-doc__sphinx-7910,sphinx-doc__sphinx-7910,PLe,v2,3b5f0312706f97111f8f1d5a2627a3e4dd37335f91e9fa9967364f17c582a298,6f35d87561fd413ec2595c745b1b6a9007f8f726ea97fb3484bc5dc7e9773b08
swe-bench-verified,sphinx-doc__sphinx-7910,sphinx-doc__sphinx-7910,PLs,v2,d5502ca277feddc58db0e6d22f04bf6f245740167692d6100255ee233590b6d7,f394be7b15126c0306073d12f3ffd669da871d851661e8c8baa3de53ee4f6bc6
swe-bench-verified,sphinx-doc__sphinx-8035,sphinx-doc__sphinx-8035,PLp,v2,557ada378046bbb142b8abf531545d929dd98ace8be2cac5f52a961078f5ea72,a816cb789d13031b0a1f25968028d538632be51c12a510d5ebc2bf4e8feb5e1c
swe-bench-verified,sphinx-doc__sphinx-8035,sphinx-doc__sphinx-8035,PLe,v2,7d34b8cad66fbd3442e1d96459bf76ebe280352d8ab070e6260ce4e4e0d494fa,ac0b2f317a77151907b2b518a1d0ade05621a14d54b32c4a393ee4d9d139c93f
swe-bench-verified,sphinx-doc__sphinx-8035,sphinx-doc__sphinx-8035,PLs,v2,1e422f317c824b43c8fce2da6721eaf9ae19323aaee9f9fa2f9834144ba873fd,3d0c8fdc33a5c5d3a4b4126a41742bdab8a37b4d67d2a078e6c103da82c071f2
swe-bench-verified,sphinx-doc__sphinx-8056,sphinx-doc__sphinx-8056,PLp,v2,1c5060b82501b902c7c672f514ed5f7b963414cf9972be2f354e17443a633bca,276169639eb6dd38c9b3c344d726cddeee12da89bbfb4dea4d58aab82a9db4e6
swe-bench-verified,sphinx-doc__sphinx-8056,sphinx-doc__sphinx-8056,PLe,v2,ba429ac30cba231f479a635c3cba2b05a3778cbd9467e7d4491df5fdb63de66c,77f124d2d4577c145d5a5cb3ec8002892432e33c01a26cfec9aa02f30b0a91fe
swe-bench-verified,sphinx-doc__sphinx-8056,sphinx-doc__sphinx-8056,PLs,v2,44cda71adc5adf6e5012e10f39ee3c678d2aa8b1ea7ea8ab01593abf18f84d3b,7da7f2bb01abe29728ea4c6f54c692d95cfb2d1d58a9c5ed8957dd9543e106e2
swe-bench-verified,sphinx-doc__sphinx-8120,sphinx-doc__sphinx-8120,PLp,v2,6b288f60aa823a6624b6d6e3ed340e02036ed54e542bc8a8e8a449887430b4d2,09ad0e85b36cca2002e3bcce8b4fdaf92f8bc80d9ecdaea352acb51b1af6cb5c
swe-bench-verified,sphinx-doc__sphinx-8120,sphinx-doc__sphinx-8120,PLe,v2,d16b6ce10b609bf309885c7652732e976571e55063bd4da4d729066d7cc43f87,125c0154a9103cfd3daa822ecd13dc7a2155fdd25ce189be9368829607f86477
swe-bench-verified,sphinx-doc__sphinx-8120,sphinx-doc__sphinx-8120,PLs,v2,6c839f093fec6b395315bcc5e13485ec95a63901e64ebf33d5a1e59f8809ee1b,bd0ed2271ca77da96dca940ee8f8b9c698272ddd4017b2351dc3227c918ebaeb
swe-bench-verified,sphinx-doc__sphinx-8265,sphinx-doc__sphinx-8265,PLp,v2,f0e4efe4cd5922b70246c5c5b13b4aa6a283edd5734bf0e15550aacdb66d4035,6fce216e9576e64d25a85f9afa28c7816a05b55481dfb22ba97b067410b8d128
swe-bench-verified,sphinx-doc__sphinx-8265,sphinx-doc__sphinx-8265,PLe,v2,b83e2f5d7667dbf4fffac8cfd9ea64d7e21ed8868de7396c067f452b1e88d196,a9598dd04c10ed6fabba2215dc93940667a17b6cb19c3d8164bf98453e910c89
swe-bench-verified,sphinx-doc__sphinx-8265,sphinx-doc__sphinx-8265,PLs,v2,6062fb66d65a0098cfb2fb076a766d3e13690172ed945a6d08e5c8fcec94d71d,53c5731a270a350218f2b8b02df0aa10016cd8489aa7999fdbe93f5cadd3c176
swe-bench-verified,sphinx-doc__sphinx-8269,sphinx-doc__sphinx-8269,PLp,v2,51f296efc99c7277cb57e9782e5f6eba5f55ae860d6de3874da91b9059305f79,6c8f60e5a6eac93cb5ed73c3a436742cff2e26181197136374b32cb6fdd57f0f
swe-bench-verified,sphinx-doc__sphinx-8269,sphinx-doc__sphinx-8269,PLe,v2,2afca205bd074c5a9e44a378b795c41860a60acaf049e5d7962a78a5cfa0856a,796a371670bd36f377c11c83a2a38e28ba806eda3396af96221b3af79c3b6885
swe-bench-verified,sphinx-doc__sphinx-8269,sphinx-doc__sphinx-8269,PLs,v2,0b6dfb96e16c10dcc267251b456b6988cb3f2227b9614a68c99430822600c3ad,58947e73ae16ed2ec19dc84a0abe75af79c38bd7e5499c95397d0c00e91dc673
swe-bench-verified,sphinx-doc__sphinx-8475,sphinx-doc__sphinx-8475,PLp,v2,e9250550c2b31f3b18607500fb601df5ab52b0ba2733fae236c9cf68e2ca1928,98dcd3212e7e9337ed2310a0dc7b83e2b6dabf2d40106d578b7393069d58b9db
swe-bench-verified,sphinx-doc__sphinx-8475,sphinx-doc__sphinx-8475,PLe,v2,1f797d7974444b6f6b4f6843fe8a6a7727df403033dd4e656e98f130cafe2ae9,f95042bb041aaa7b05f31299870bd5a73ceec09b5297ea06628905f4e0d3064b
swe-bench-verified,sphinx-doc__sphinx-8475,sphinx-doc__sphinx-8475,PLs,v2,8e36d34e20747e741d456f8058398e20aee39c013daa0f356df8faaa22a4cef9,acc227994a0a684b81a2ae96c10ec2eabe3950da55568ab6ce690be0298c06a7
swe-bench-verified,sphinx-doc__sphinx-8548,sphinx-doc__sphinx-8548,PLp,v2,6f62e37e2186ee09396b6ff34e18e698a912b56c2b10920bc0193b4da144c905,cc29946fc6b2957e330179bbdd9e1bfd8713c5d04a8c7521e83ae70fa0df50e9
swe-bench-verified,sphinx-doc__sphinx-8548,sphinx-doc__sphinx-8548,PLe,v2,b398410c1852db04eca8e88f13095111ae70dbcba562440cfa58cecbdf031c8c,03a5ac661c2b1f10fdc3a19b92816c04962736a84e35a06908edef1ad5395f91
swe-bench-verified,sphinx-doc__sphinx-8548,sphinx-doc__sphinx-8548,PLs,v2,df95ec67c3faadb23041ecb0ee6287bced89abd92a8bc375a4cc6089d178b562,f3b17c3f13ef4b6669bfb239fbed979daf1a20debe8abb84070154e1e4ab71fa
swe-bench-verified,sphinx-doc__sphinx-8551,sphinx-doc__sphinx-8551,PLp,v2,f51988b21e8c4e73036b0f8681010871bf5bf58367f929f131b7141f205a275d,50277e9aa5f2cb490c57a34aacb890e8e05cf959d69910aa36a00705606bdb08
swe-bench-verified,sphinx-doc__sphinx-8551,sphinx-doc__sphinx-8551,PLe,v2,3534a3c8999d2e2ec23d84e7dee1ca8a6760f46ba3305b64ffcadfa67199242e,e104555f0bc4af3636ed58e663f12d83314d97ea74d03c7b87baed7149b04dbe
swe-bench-verified,sphinx-doc__sphinx-8551,sphinx-doc__sphinx-8551,PLs,v2,d6de46dbee7306a1b3ad7ac0ebec39379dc9de23a31c596ab38a8651bcdeb4aa,3f56ce893ac651ed9e77eb2f97f622cb4520e4be80f7c31c0cfc31539de35981
swe-bench-verified,sphinx-doc__sphinx-8595,sphinx-doc__sphinx-8595,PLp,v2,2916959bf9a573306aaa8bc57524d4ac3830603cc6b70aa683a33e1a7c0298f5,7033147fa1e7eea406da918102bc422425dc744457fc2409f206584804237dc4
swe-bench-verified,sphinx-doc__sphinx-8595,sphinx-doc__sphinx-8595,PLe,v2,03c27f862f21c5b516c2de9bfc7ca0c8074af4b0572f3b45cb078632b155d60c,f2b2e3ed98bee62f38bab0351c7970a20602d49c930e21c3ff0617fca9472a6f
swe-bench-verified,sphinx-doc__sphinx-8595,sphinx-doc__sphinx-8595,PLs,v2,6e571e448c82f4ee23220bfa418f1f91907c4a73b70d57322b1d782826d4132a,69784cb6557b2c2f20339529a25a5756830c48a28811f39644356c4938367b19
swe-bench-verified,sphinx-doc__sphinx-8621,sphinx-doc__sphinx-8621,PLp,v2,caa02e81d59d437a10a88ec759a812c165c90419e49b3d34fca888ee55ff50fa,85869027840f2364f4185bf8377f78d99848a2d7e9a6843614e06cab8ab16fb6
swe-bench-verified,sphinx-doc__sphinx-8621,sphinx-doc__sphinx-8621,PLe,v2,7cf6fee2019d4bfd55d47a5a347bd7d8a09f7fc4a3d4a3f0b1644a0e5c9e9de5,e393755fe27303f1e5af5c27b5ccac59450bc70279c1ec76ecdfaffe35eae355
swe-bench-verified,sphinx-doc__sphinx-8621,sphinx-doc__sphinx-8621,PLs,v2,664cbf5bbf06e8a7148443f825c469c61bc86a76417603edf2500d0642cefd8c,8331b103c922f5ecf697f38d6e9c7b6640e1ff68b9f7baf174d83b3e178cfb25
swe-bench-verified,sphinx-doc__sphinx-8638,sphinx-doc__sphinx-8638,PLp,v2,751b618afa5e83551dcb0774cfbdf07165b6ac249f6147acce197bb7df132754,bf22700ae43f4f72cb0c6069bc883b99b9d71fe532a67b2b1de0834b0bf49458
swe-bench-verified,sphinx-doc__sphinx-8638,sphinx-doc__sphinx-8638,PLe,v2,a51994e535b51a39cb0aea85f94760395d464da50265e32779601b4fa7ed0c5d,59f5924975fa03ef4df7542f61ca7b7f06cb9970854072288e0b69a320af27db
swe-bench-verified,sphinx-doc__sphinx-8638,sphinx-doc__sphinx-8638,PLs,v2,f92a5f58756d90104df571b3d5016e7fda979d29141f96afad31eb6f408bbbcc,8e594616e8286af1dd96bef460fe3dd95a5c888459c40e82984d957cb95c9847
swe-bench-verified,sphinx-doc__sphinx-8721,sphinx-doc__sphinx-8721,PLp,v2,f4f350074584ded8f2677ffd24427044ce1932a5ce653abb7c667b74887660d2,e8c2f162ffb06d9dd925be0cb94a86919db4efafc5c53932865d9bc0d8ee0b2f
swe-bench-verified,sphinx-doc__sphinx-8721,sphinx-doc__sphinx-8721,PLe,v2,b34401afec6ea672c809fab553fc391342dcb825a46a54f7a2b9c73d7af0b69a,d3d7f81ee73934b703a4c1b73aa780f265e3b08f23e5705232a9f45735b51f36
swe-bench-verified,sphinx-doc__sphinx-8721,sphinx-doc__sphinx-8721,PLs,v2,94967b483ccc1e16361f97aa569eca5ac4aa9e8fe59e276b23705da065129789,c08a22981c983067aaaa66d08f160769506f4e819fbb98386f395622e97ad5a7
swe-bench-verified,sphinx-doc__sphinx-9258,sphinx-doc__sphinx-9258,PLp,v2,bad3a65bb2692904f137009eca4b182f8a87df090c7355866895ff009afd2eb6,19ce2f79b7dde3d33d9ff9f8b9a27384b061e49d16d772da25515bdec283182f
swe-bench-verified,sphinx-doc__sphinx-9258,sphinx-doc__sphinx-9258,PLe,v2,f68a84f225d83e4099fa1e047af8e0506e5868d6a3e7f77bd3b20d3b3ac63748,3bcb4ecdd095dffd65d0986a28119553dfd5189521ad1009fb9d525254155883
swe-bench-verified,sphinx-doc__sphinx-9258,sphinx-doc__sphinx-9258,PLs,v2,14d16f2387e5ee6da666868117718f5a57b0da44d04e88b97dc4cb94b606fdb5,767ecaae83d4fb5efb3b47a881a126f587371064e8a5aec04cc7d8954262686a
swe-bench-verified,sphinx-doc__sphinx-9281,sphinx-doc__sphinx-9281,PLp,v2,c1cf30fd722a5b42bc53c39fea1a2d26fa39f4eb0f9e43290bdcf2030b774edf,4ac201888b51ed39f7614b8bd98fe68d997b8cb8024275998b87719e31927848
swe-bench-verified,sphinx-doc__sphinx-9281,sphinx-doc__sphinx-9281,PLe,v2,20ffac19900960a57870c0c0ca25cc581d2230ed6d1f990b4947a4f7920a43e0,b95fb1dcfbf4807655eddacefa43bb84c1cf9b3ecb644be85c3a09cbb5c88d4d
swe-bench-verified,sphinx-doc__sphinx-9281,sphinx-doc__sphinx-9281,PLs,v2,2e6d964c6eec3373127b770e1429557370068a1617d53ef48e3c657e945996b6,ffbdbba03944e45f377ef8720a26764907b9a9de6edb6df46e05c50c9c2a13de
swe-bench-verified,sphinx-doc__sphinx-9320,sphinx-doc__sphinx-9320,PLp,v2,b1c40e2c2bad741659798febbd571a64bb1c9b45d4b4f2581edae6359d553a53,0809b3348268c4325c80957bfceb13f3aab36ba5d1b66c2cdf54a976590567be
swe-bench-verified,sphinx-doc__sphinx-9320,sphinx-doc__sphinx-9320,PLe,v2,67d57f44f74f7a121bf7a1530c63bde95f66fdaea399883f5e86d8e1b632d486,d0a50f617f442c6cae3393c21880000ef3bdcd3b4f274e3a88f9cf705805f132
swe-bench-verified,sphinx-doc__sphinx-9320,sphinx-doc__sphinx-9320,PLs,v2,1d9f19e27a64c137339ca3e887cd69acb4d2e62d623b8be0e8796199ec270310,63a675de631fe264589b0d24e7d2f02c858de75504b054ac911a601bcd9f8eba
swe-bench-verified,sphinx-doc__sphinx-9367,sphinx-doc__sphinx-9367,PLp,v2,fd7ebf248753a8cca147b5ccf9534b7e62b537550fa8375b7f3b2e7a9c11174b,9f8df39d475763ad484243234f967ab8a96e8acb3ac34c2de80852781a8072d3
swe-bench-verified,sphinx-doc__sphinx-9367,sphinx-doc__sphinx-9367,PLe,v2,27806ecf4b7baf6ea2ba6fc5d1a9b7fd6c35bf10c6680cf4bc7b7fde92b364cf,6301dc7610e95c69da04949c34982fbf02b71781235a6c695552aa5949bc0d98
swe-bench-verified,sphinx-doc__sphinx-9367,sphinx-doc__sphinx-9367,PLs,v2,6ac430f01de2e0f1858ee383dc8cf816de9c7c41243c7d622cb030129941ab58,84fad430c4a1db4f006bf4b6452a4e0d2fb92441de88afff99c0e141e2636ee6
swe-bench-verified,sphinx-doc__sphinx-9591,sphinx-doc__sphinx-9591,PLp,v2,85c840789cb81cbb29ef6c10bbb496f0e342cd06efeed454c79046bb333bcabb,101c2a93b05997751efd62c43984ac2c8c37f9fb241bf925be1e5fad69fa300a
swe-bench-verified,sphinx-doc__sphinx-9591,sphinx-doc__sphinx-9591,PLe,v2,4d53eaf923bde508ef065f7e220dc1d3fcd12e5558bc544da2919d93398f812d,173e042def29ac1dce866bb5d3b37c77b008d56c5ff80d736bb963861b1ed3d5
swe-bench-verified,sphinx-doc__sphinx-9591,sphinx-doc__sphinx-9591,PLs,v2,8ac850e9886be3eb84da5edc35a8aab472d65cd3d2777b9bc9fc1f00c4733a32,97cb2bbb0f22553c6df03146b8b42edbc4865e79724ae86dd856dcd0742575ef
swe-bench-verified,sphinx-doc__sphinx-9602,sphinx-doc__sphinx-9602,PLp,v2,28a7060cacc42861b197ba5d61281f630a41a27dd192e6f7c1bd3229c5ee9984,baa5ea9fd85c931ceba1ca10fc47c629d2b58ec7a0ff6244e26456493eba60bf
swe-bench-verified,sphinx-doc__sphinx-9602,sphinx-doc__sphinx-9602,PLe,v2,47acfdb34e76437d4760e44ee2dcb3d099e7020811b331713f38b9638a46a74e,5cf96e1d101283e80de66476b2b4e8c31a4361a123fdb38c61b3bed8263a88f1
swe-bench-verified,sphinx-doc__sphinx-9602,sphinx-doc__sphinx-9602,PLs,v2,ef8998c8b394188ac8a48139179b140ada192c99b0eec28e8a4eda2ba092bcf6,6091f53bcb159ee9858a040c0665f7ceec237d668fe7aba3ad36364c29dcfd60
swe-bench-verified,sphinx-doc__sphinx-9658,sphinx-doc__sphinx-9658,PLp,v2,fb19728e9eb243b328123495fa552d817c950057edb37e036bbe1152096a8d51,82c2e17d5a615883a97a2d91095811dcf0296780a446f6a87794b2c10ec63fc7
swe-bench-verified,sphinx-doc__sphinx-9658,sphinx-doc__sphinx-9658,PLe,v2,6486f576e9c1e81b9e2ab3f375fe0ae25035da0be831d8d4fba72acff18c6701,4bd50606c629a43929a476244605eed4847a041574f9c61a200e103cfef11e4c
swe-bench-verified,sphinx-doc__sphinx-9658,sphinx-doc__sphinx-9658,PLs,v2,fb503f2dae5f24b6886a070e70150221589707b613bbef4dc4d3905b9f29f116,62588096bcb94a73241b35b783a554cc654b71703924f407e5b7ef949ac69d2c
swe-bench-verified,sphinx-doc__sphinx-9673,sphinx-doc__sphinx-9673,PLp,v2,5c019f5758ebb0b21a81016aaa00e04c12a9d66efdef64c8c76833c1c114bd7d,2af9bc53b80dca64bdf58097bbc45a677a9442942f29a5bcd1a3d0913f956168
swe-bench-verified,sphinx-doc__sphinx-9673,sphinx-doc__sphinx-9673,PLe,v2,f8c487667548ef5cd896d8e6f450354925b4d51afaa666364cfd33dc330078f6,a40ed228bf44c3aef8e37f493476e92f9ab00e3ada9c96adf2dcb7e915ebb2a6
swe-bench-verified,sphinx-doc__sphinx-9673,sphinx-doc__sphinx-9673,PLs,v2,4ddb23200633100ac79676a74c4d100f0c7c394f2067261570127b8fcb110b41,6f8b5770bf26f34e629a878c434837ed1f77076e2f9748ccb739e3357f2adc70
swe-bench-verified,sphinx-doc__sphinx-9698,sphinx-doc__sphinx-9698,PLp,v2,caff1f3f0b324704c21ba731998814729602bdf2f412c056c8186985860465e3,399689bfac430f57d5c6b2926226fa39fa61b887f572eea8cae9cd830c0e4b45
swe-bench-verified,sphinx-doc__sphinx-9698,sphinx-doc__sphinx-9698,PLe,v2,55591bdf895cb4fbce0ac6886e9bdb0a628c67e1dc9ce30e42713a566dfecd83,7a72078694029c8f64fd2d23d597597cd5aa334f56e6541fb014afe9364d713e
swe-bench-verified,sphinx-doc__sphinx-9698,sphinx-doc__sphinx-9698,PLs,v2,7336ded7042eba67e3e4c80bb87cc34e0c970d15a77d60454098daa65e83ccc3,195b9e521e15510efe6c4a5efebeef65df02a0d1b07f7504a795ab43949f10a2
swe-bench-verified,sphinx-doc__sphinx-9711,sphinx-doc__sphinx-9711,PLp,v2,6f3e754669e9e6d7c1726ef2740a0a99c95b8291425a1a933c15fd26cc2e3ff8,bdae1fc3261b1f9809693aa5dc15d795ac967914f8ea0815e5af6feffa8dc585
swe-bench-verified,sphinx-doc__sphinx-9711,sphinx-doc__sphinx-9711,PLe,v2,366e509ed048826273ecc9dfe701a2963d943a281d96538ded92995b9d8730fd,c22560426eaa6b51a89d5c8a16273ff92f84787d94ac7032f136b64898e5f7f9
swe-bench-verified,sphinx-doc__sphinx-9711,sphinx-doc__sphinx-9711,PLs,v2,9a0a8fef38b15b1258f5ac46c8e2d8fcf050c604be4e830e145fbd3458fc3913,a5ad469c770b443c2b91b79d26bddffcd1733e1db91a4924a8c384c8f8a88901
swe-bench-verified,sympy__sympy-11618,sympy__sympy-11618,PLp,v2,aa71844c6e8c4ccf66fe9335ed7f66d5da3d449fd9a17e8a1dd8622073296f2b,e7a2dab1c3c7e0d70b96e29c016a876924e82516b72fb1f949c4a105ed89c8d0
swe-bench-verified,sympy__sympy-11618,sympy__sympy-11618,PLe,v2,3e95cc3c96fdde1fefbee86055061498000a938630533e4b56a37c87c91624eb,368e14c762517d1b4267501bad34eb47ced6e5a59532fe58e4be53cf1344176b
swe-bench-verified,sympy__sympy-11618,sympy__sympy-11618,PLs,v2,273604f7fddf5f845c369356cc59a244d202dfa3b93dfd930c01f3b58c9985fb,ac834fbfb3c0a9ead34682bb2abfbfc788b53db0387dbc0e069204b29c6fe97e
swe-bench-verified,sympy__sympy-12096,sympy__sympy-12096,PLp,v2,1e0acdfa1bc2f5cea71be7a13061f0d16738b123ead33d472324caf62a7f3a9e,4eda1cc78e3debe913a46246d49eb049b15767b24d527516311129c90b84b19c
swe-bench-verified,sympy__sympy-12096,sympy__sympy-12096,PLe,v2,0c7de23ac5ec18bb2754851dbc5df3b531f86b22ecfdd3096f899811e18cf6a3,1ee8f0e04af8752bb30e2e437bfaae0f3d8827b3a9665fa4e0883a408cc90635
swe-bench-verified,sympy__sympy-12096,sympy__sympy-12096,PLs,v2,bad0d4451b78165fe8fef0c38a362c762cadd6d215777ee30f6f338048e91478,2ab1fd55967d7b3034aa82576d92b4750651c38afba9fb87c2327eb29634d1e6
swe-bench-verified,sympy__sympy-12419,sympy__sympy-12419,PLp,v2,3aefcd9e5828116775084a5b95a396fe1b1315f0c37ef9605c3129e8925a6e62,51f152d9de26d7b2694eb82682b2c8e1c320dfef97c12f3d5ec8a62025e248f5
swe-bench-verified,sympy__sympy-12419,sympy__sympy-12419,PLe,v2,b09f52e624228c26673740e0321e531a43b778b59403ef011c01d21ad40af7d2,81654756335fd9b5ddeecb1cce889a9c2723e7b3584b605a8827763629f2a4aa
swe-bench-verified,sympy__sympy-12419,sympy__sympy-12419,PLs,v2,7b21d8580fa973d4201f5d295c59cd0be383da1237595c6fe0278a721fcfbc03,ade802153a400ef74acf1df393c7b70d1d48852cc553116acd2b4998f9b58054
swe-bench-verified,sympy__sympy-12481,sympy__sympy-12481,PLp,v2,096bbadcb31b02b9bda6ae6b5fd82b1a582b2348c2a891915698ce8985c7466f,4ac875659f24ff87968524f073b5cb99246811f1d420cdf9949ddec50abf4a57
swe-bench-verified,sympy__sympy-12481,sympy__sympy-12481,PLe,v2,83b7ef2b1de2692f64796894c2776b2851da8a061adc241c91d7eb9b2d48ddb7,6d7494b0a0af9117ff28e2b6a4b8e291b6ceb7fd58c77964af0203e113e1be93
swe-bench-verified,sympy__sympy-12481,sympy__sympy-12481,PLs,v2,6e3ce14b25c98edb44776cbd7f8f2848f0ada727aee7592daa38436bf6c71be0,6b0a7b004a213010b3bde3b8c817f0a79403260cc92f3613d9ecb8c9db6f9e36
swe-bench-verified,sympy__sympy-12489,sympy__sympy-12489,PLp,v2,5ce1c74e112702fa3b06f2f0a83705f0170a9c96c9d02778a3aad653ccd7e446,c99e6cd3d4b47cbb8c8f7d0d988f17f34442cd2c79d3b78000f188449e93c17d
swe-bench-verified,sympy__sympy-12489,sympy__sympy-12489,PLe,v2,0579bb04c478ff796c3ae8b342b46ab5783ff21361b36d1be4cf763cb8a823dd,593ecbe39585f597c6673734fe1285890142c33357c272093219a1667616ef47
swe-bench-verified,sympy__sympy-12489,sympy__sympy-12489,PLs,v2,57e4af5ec445654f68b88ed391ccfe6485eefb6f5696934a1ed6bb4c746a4fdd,54fbc18482419b1127650dedd4f3ab5f089a4f4b5e0b8b83b4656de707397f20
swe-bench-verified,sympy__sympy-13031,sympy__sympy-13031,PLp,v2,28cf8ecb78b18f6f2e5457d4bc6477316d3cc334eb49883258603023e96a8dfd,61a2009f8f90b051f0fe77cff99029f0fd6b6bd5ed23707f971738a2ca9ae03e
swe-bench-verified,sympy__sympy-13031,sympy__sympy-13031,PLe,v2,f3cadbf07c968c7748bc02d27a07805a3fd917fd713f0d5cc0e7233ec56b6c4e,67116552c2361696fa85a14c3ea4f039b8b653bcd814bbbde9263405e5a0612b
swe-bench-verified,sympy__sympy-13031,sympy__sympy-13031,PLs,v2,a89c4ee60f530ad89daebcf3551939a43f59f082716ccf9f72ccd9e828bfd322,08fbe012770111f45ba76abc5a3baf3d5e53dfd690a64d7b74c43927f2eaaa40
swe-bench-verified,sympy__sympy-13091,sympy__sympy-13091,PLp,v2,81611909f374664f2217695f35aaeb74bac6476ab496981b3da83e73bcf3b060,23d8fc38048f430d348bfbe7557f695113a83e7a8df0dc3fb0b12032358b7723
swe-bench-verified,sympy__sympy-13091,sympy__sympy-13091,PLe,v2,0226eb52af2437c48a309531b6fcef32515359ff6c5f0161f9bffaf22f912c5e,90255a3bb018a0d74b94dcff16169fe40fd3256035a73c44dcea3f36de169e72
swe-bench-verified,sympy__sympy-13091,sympy__sympy-13091,PLs,v2,f186e91403083558fc5deaead4f1068b67a1fe5baadd13823a002ebe6bb345ad,363759d9c57bb83454d05eb580ebc4d11124f7147718fb17b9341857b3c65739
swe-bench-verified,sympy__sympy-13480,sympy__sympy-13480,PLp,v2,bc83086134f1574fd53ac4dad7087891fdb699ef144fb8328db49e10a15bb4c1,3f9530560a536ebfbd1921ad800a1df2020aec488fb97dee5c32583b1ca134ed
swe-bench-verified,sympy__sympy-13480,sympy__sympy-13480,PLe,v2,48d5b7da045a110cb71f6cfcb7ebcdbfb9c2fbe571a9ea46883acc2892911a6a,aa95f6127c814981a733ec60859c7f9033e06abdc2e0e5c33fb4c04da8f85ef4
swe-bench-verified,sympy__sympy-13480,sympy__sympy-13480,PLs,v2,d9026638cb76b1770f20258dbed3e28f4271301acd9006f6562effefa595a320,ec5c994bca4406061f0fc1cbc2d5f679bdde08d1ca6baa7b24333e05e702f0aa
swe-bench-verified,sympy__sympy-13551,sympy__sympy-13551,PLp,v2,7c3c3f6ed9a6ef659ce9181a6c72fed3781a125cf52766cc9b0f97d64024d530,5c8e9abddc4f2d2d76554e542ecfd8e0a80b9d918430547d89dca3abc3773912
swe-bench-verified,sympy__sympy-13551,sympy__sympy-13551,PLe,v2,87dc9b33518da471050281424c904b2d93d61e20c1f6f955845d5c47f0b5294d,8cb9f2107b6f96253772e8911faf9af8a697a5c8971462d9464660a5d6cd5f7d
swe-bench-verified,sympy__sympy-13551,sympy__sympy-13551,PLs,v2,117bc98b1ddde9ed4e7597977f7c8313678e64ef8b8dbcf415cd32db09f62465,1d089b6305bfc825c49f333a93226732b2bf0c50a769601dbc3fa8f2ce98b8b4
swe-bench-verified,sympy__sympy-13615,sympy__sympy-13615,PLp,v2,2b9288bec129710e9699723dadc764730b2f8af6fcab1b92ba8e020529a035b5,d7c6c3fb2a78aca33f1baf4c1ce7431f9f2bce94f6c478c9ea0fc7f7ef853e7b
swe-bench-verified,sympy__sympy-13615,sympy__sympy-13615,PLe,v2,b009981f77c4374e26b2955279478883efebae1450b3f71f8ba0f32bc5cc419f,91b166e14c0674ad890501c496566abe5a5c6520f4aa3f5e93990040a120ccb9
swe-bench-verified,sympy__sympy-13615,sympy__sympy-13615,PLs,v2,d7501089e856b5bcf892e79697a4ab05567f4b655c970c2d7ffbed5a9e96b69f,6643eab9b359bb42dd2ed590ffe399763e375905dfa31e6337b324ee1e29b278
swe-bench-verified,sympy__sympy-13647,sympy__sympy-13647,PLp,v2,0b0cfedac8f91c21b4992c255e36806e4a9f2af7a33a4afcfed995d2a5adbff5,c8e24ff8a1a1aeeb3b2e39ed727e66b7cf8a445c6e080057d91e2235be2563d3
swe-bench-verified,sympy__sympy-13647,sympy__sympy-13647,PLe,v2,fecb837897054446aa32b8e0d6d213f254590de4e616465a7cea463f6864ab53,e4ceca870d6a21797006007395bd2292a0692f5589d2bfe0b858fa7eb6fcf9e2
swe-bench-verified,sympy__sympy-13647,sympy__sympy-13647,PLs,v2,03b798da56a81ce5d400a22acd367f0e4d3948e5dc791779921f92618efecc63,0aaddea08706cd989466307465480c42e2fef8b50be8b782f2ebcb94496c2ade
swe-bench-verified,sympy__sympy-13757,sympy__sympy-13757,PLp,v2,cc6abd5db6dded784a1bb04289dd57d0c38efb8f10acec1765642cb49c7fa108,13bfa5964c0b34602bf24225aa5793a0b0450a61c6bf1d8b85097a24137d2281
swe-bench-verified,sympy__sympy-13757,sympy__sympy-13757,PLe,v2,01983a0db974c6fa14aeaa4d0e5e7c7c2a046936be1ae7f8db693ae21dd97765,f537f78fae036676ab4ff4d4b2338d9880e627589397e5558fc7fbec12030dbe
swe-bench-verified,sympy__sympy-13757,sympy__sympy-13757,PLs,v2,d78a4657e3044ae3065403eee42dcf3697177f50428f9695772f2bb04bf0fde5,7c67845d362acc0a6bf33877485b97618b7c707294214bd0af29eceea9c20d12
swe-bench-verified,sympy__sympy-13798,sympy__sympy-13798,PLp,v2,2af726074549a77cfe75e1a2fa1db0ff553c851445e56f6e1a143d8fc4f17b83,f6479eed4dfef02277d821f7d2203b4bf2308826344aa14912e3ff8487732384
swe-bench-verified,sympy__sympy-13798,sympy__sympy-13798,PLe,v2,3dd86d48edd5fa7cb376cea4d77fbaab9ced6236ba550882ecc9a3c03284566a,4e7a009052b5c20c0e137008ed046777ad8c89ca1e4e0ee4f568fa27e3658ee7
swe-bench-verified,sympy__sympy-13798,sympy__sympy-13798,PLs,v2,35587e03491c7d9e968eae12f40c5cb794d4c44ba5dd2219254b5c6ee8b8d3c6,55ea9cbd3e54b34ff289bf6ffb1535e4dd90b0736d4f785a38611d3574365115
swe-bench-verified,sympy__sympy-13877,sympy__sympy-13877,PLp,v2,b6c086d11afbdcbb31acb2daa08f5f9ff865b9136d3bacfa75cb3d5334b31518,34e83be62f738954b2858965d56cb72c34fe3af370952bfb2d9872c7311a31ae
swe-bench-verified,sympy__sympy-13877,sympy__sympy-13877,PLe,v2,f6c4d636e5044ca2c1b786341b8fb9d56e12366150762542fd33685fd2df7a86,76874e1ace514b3f9f14273ff7ee013e2a1c2c4d82e1943d0b8af9da4155cdc5
swe-bench-verified,sympy__sympy-13877,sympy__sympy-13877,PLs,v2,c78eb22f8ac0c15c2d076800a2b300631fb14b2fdd62f330f2e6b5d88d7c5f65,0f0e211666949418002ad3488787fb4e8a827d90c4ef7491381cb7f0b8dcf3c0
swe-bench-verified,sympy__sympy-13878,sympy__sympy-13878,PLp,v2,c4e524bd231b4d3a7580296eb55a3449a9083498fe71cff5b3f33a5815b135a4,8409bc464bc1a731359b4dcae5a4f25c57b5fa5d056d08609e00f10a17291a17
swe-bench-verified,sympy__sympy-13878,sympy__sympy-13878,PLe,v2,4f71f953539c4ae2987575344fde2cf4abaa492fc728857aeaf44398c6fb4ab0,e49aab26968b139d107682a0d7d49f893d1f67337a3ed1b96a6590bf9e92d18a
swe-bench-verified,sympy__sympy-13878,sympy__sympy-13878,PLs,v2,867b38941b449d014fb68243633d503b1a10245345c2a2c6c6cdd3e093563d1f,fb12d9e0b169e5ff1c3d620fd71b973c59e4db44829f365cf5ddb6dcbe25bb8b
swe-bench-verified,sympy__sympy-13974,sympy__sympy-13974,PLp,v2,c2310ace18b440588df7d115c3bcd5df0b5d171d388083e7390a6c12f5c53456,7a7e85641b003c7ae59fb44cb9c8856f42ee5a133d1329c0607326763d72fd93
swe-bench-verified,sympy__sympy-13974,sympy__sympy-13974,PLe,v2,43ab313db7b68a422588fbef697890e76cb915b3bd250021a90c9c1fea9addc5,c2a1b26ee10c14eeb87b3beb18d42131731a2f922002edd7bb72329369b0ad5a
swe-bench-verified,sympy__sympy-13974,sympy__sympy-13974,PLs,v2,36bac73caa0d827a15f5c1b055b216fe2b0da3a6e0660ad5ac2fdbda7f8fe8b3,a92f60519cb778638e35e02d46354caa9b9bf1259f996154e183c5a8aade7a1a
swe-bench-verified,sympy__sympy-14248,sympy__sympy-14248,PLp,v2,0d10fcc90333e800a2efb8c78b7a1e04a0c9e43096796eb14688fbe87393b0aa,f7b8ad965426a394612872dfef0f664b177a6ef7b36f9800ab90fa4a9805c2e7
swe-bench-verified,sympy__sympy-14248,sympy__sympy-14248,PLe,v2,3f4916c645b4eff424dc1ba12d9d94d638b24e99df5ce9b64a753b50e15d29b2,c1b9f3558d27ff2616374a92034044e39d019310d3b49a628d1a8a5825572e5f
swe-bench-verified,sympy__sympy-14248,sympy__sympy-14248,PLs,v2,520111eb254b0c792072ddf4818fd18e1ab1ff6dd2f9e08f8d7751a22c671dda,d999873ffb6cda86b2d9c21c5087c0f1ace1c44681f068fe098048c1d0b6a910
swe-bench-verified,sympy__sympy-14531,sympy__sympy-14531,PLp,v2,57794577689cc1c019119e489a5799fe31abc26030f719cfff3de60bc1e2f89a,fe8aa9884f66111859cc0e820ae797ceb7c83e33fc1b0acc50f9a97e211bcbf8
swe-bench-verified,sympy__sympy-14531,sympy__sympy-14531,PLe,v2,ac169ef11b802b15cebf56a5966cfc369ea4930cbc0730cf70ee58c32373dd46,a11fc69ffc81936b73077b5f48c9d672b36c5feee42a9d7d5173a4bddf673877
swe-bench-verified,sympy__sympy-14531,sympy__sympy-14531,PLs,v2,dc3c92932233c8efa6e87fbf8ad9b7879732e569d5ecf9fe6bef05f609f17042,d0e5143f92283dac1bb8a3f982c8073fc329ffb6c8375f80e182dfb672f5ece4
swe-bench-verified,sympy__sympy-14711,sympy__sympy-14711,PLp,v2,1a954c04f8d657ec2daebc185a62e0f7c67c1eb5d2fd3f255896056978f75fb7,3dec3a72b958908f971fb183f1a39b920f2020ce3c11d279c92d4e610db40291
swe-bench-verified,sympy__sympy-14711,sympy__sympy-14711,PLe,v2,3d5df5bf7aed94fa0093e85333e627ec3c2002a6262011bad1b971d950c732ed,0fcca1e2de370075c8d3c019cf15b1aed3a77d4f4740b09663eb4f7548482816
swe-bench-verified,sympy__sympy-14711,sympy__sympy-14711,PLs,v2,182c694240e5821e91b891de9955f536ce2ddcfa260667ebf741bcda2c5b52bb,f56b9d3f25e471c098dfee533ce9fb207b2acdf02d84e6ad66078499402a9020
swe-bench-verified,sympy__sympy-14976,sympy__sympy-14976,PLp,v2,c27c7e5e86407f506af716698258df8aa1c59a864e56379ad995760e43647184,67cfa85350e19258a9d7191c7db2a98e34bea789c2c7a172be9a7c3447fbea8e
swe-bench-verified,sympy__sympy-14976,sympy__sympy-14976,PLe,v2,8778febbc1c5981f0718105ab3935247e81561ef325bf9b8d7d4de4c078dc25d,69c4f79d62eed0d154bf54572f50ab58a8655c15579ab1b17ef2330c94ed71ee
swe-bench-verified,sympy__sympy-14976,sympy__sympy-14976,PLs,v2,a37f40925f8d692c8254634a483659750f7670d4cffc487a66b29bf3ca18a75d,7f4bf263f131b29ea6004ad785b1c2d420355653c88e2b079501e8ff3b5ca973
swe-bench-verified,sympy__sympy-15017,sympy__sympy-15017,PLp,v2,5f62d4ec2d3a0f6f583052234d2f8aed2c0cb52a44a0e39741f86efe36926e70,2044942415192a3e41de595ecbae3263368941a1acdab078fd217235f262c7b8
swe-bench-verified,sympy__sympy-15017,sympy__sympy-15017,PLe,v2,767ad9a68d9fcfa5e892e66bd8d058508c63e32dd5ff8d0bbcf5ea29db691f4c,b82511d932fce5e99e1fdcfaabbb11b915dcd84c297b913b893855c8f0cb9c84
swe-bench-verified,sympy__sympy-15017,sympy__sympy-15017,PLs,v2,5ddab34a04c453537ce13ed128dfda2a40e26ccaa58eb1aac0d58db6a8f07a19,be3f0dcd3fb9a2ab2551f3eda3f59777e48e3e68a019376de24a52dc5b9de8e2
swe-bench-verified,sympy__sympy-15345,sympy__sympy-15345,PLp,v2,5f374278c65d59bceaca7ee4a20a38841fdef78c472616da7de345c937a93c18,e0cfc631e82078788fbf710ffe795243285eeab1e9cb9d4acd30dacd7af477ee
swe-bench-verified,sympy__sympy-15345,sympy__sympy-15345,PLe,v2,d618e22918243391fdf5fde643ce4ef1b19a639487921b553dcd9056c2f6fade,73cd3a1bf3e34c193f62cc728d9e2bf22f4c63ac083b2a87fbf2bbec22322a8f
swe-bench-verified,sympy__sympy-15345,sympy__sympy-15345,PLs,v2,9fff2dd5d143dd27bd54885f8f4256fd25b43d9420ce60bb814f8476671cfff5,4c6ca478c6263c580ad468fa5215387a6622bfcbcfe4417df639489ec0e640a4
swe-bench-verified,sympy__sympy-15349,sympy__sympy-15349,PLp,v2,3fa4109f1069ae22a7d0c7b816e2e6c27ba21eeadc158f6574be58efa7439f82,994b5e33f2374e3fcd235e10810f552f30bf687167b2f43af30922901a5c5377
swe-bench-verified,sympy__sympy-15349,sympy__sympy-15349,PLe,v2,5c760fe775f66126b39429c101c4ec00f42f767cfce986d049b4aa4e7eb8b69b,11cf79dcaf62cfcf5985b15c383b64bbcaf603edcb98598f2f01df6f3dde6df8
swe-bench-verified,sympy__sympy-15349,sympy__sympy-15349,PLs,v2,97a73559f931c7ec8f18863ec72337725423d0ddc99cf804866e6de15b25a3a3,603c1dc1ecb77cdec346360975a691c94c252c7131d9745b541c0ef53a062076
swe-bench-verified,sympy__sympy-15599,sympy__sympy-15599,PLp,v2,367643d820549712700e70d8b11544a544ba8228ccb808b043ce6dd7d7dc5740,11542f6d90fb81ccc694c149dbc4a3d37df042ecc467947715b0e2d59a47f120
swe-bench-verified,sympy__sympy-15599,sympy__sympy-15599,PLe,v2,9256aad849cf5057c3a19e666128b101dd70f3603a9f3d717e51e0a1537f9787,a0f3d6e1a80e474449ef390e3aa81918fb4d3fedbb796a89375de27a4cbb2fde
swe-bench-verified,sympy__sympy-15599,sympy__sympy-15599,PLs,v2,d5de1d032d1246eef958772cd04a71b4520aaacd76ad23e18116eff105952ca0,56bc1ef665d053cc671814480a598442ec55d97c5653987411b0b24065c41b62
swe-bench-verified,sympy__sympy-15809,sympy__sympy-15809,PLp,v2,2c479848de912afecb031c8c3322e62f3264c8de004b77393a44151cd5e5ed03,8d9b68c89447660fef23d174635ba0f44a1c93b59025a6db654279c21a43951d
swe-bench-verified,sympy__sympy-15809,sympy__sympy-15809,PLe,v2,9fc185126a184703076e695b342b7636a313f63fc44ae2fd6ff56a84f32b596b,bd33382ed101ec4c5751ca82671909f92b7b361504dc7064d95e3b69971d4efa
swe-bench-verified,sympy__sympy-15809,sympy__sympy-15809,PLs,v2,bbab6d6b19addbe43740ea8685c1b5684879a77a51f6b92325efb6c79d992f54,0ca579a2b366d303cad168bba5cbc8139738c22541acc8647e6675c881e817c8
swe-bench-verified,sympy__sympy-15875,sympy__sympy-15875,PLp,v2,d585def8054c8a868c81cd20b498e775ff96e41c5db94173e12bf1370acc2bac,555f84ebd1cc0db94f60da6a1963abc12e91135ca7c64d85a8132f7699a02c2f
swe-bench-verified,sympy__sympy-15875,sympy__sympy-15875,PLe,v2,70e6a64b399fef90e2c4519f7a07c4e140869e7be3a3813d4a498c8be29f2674,8089b5f8d2e0210b4ab7cb954ec42089139881100d5030b8721ce5550bfb3505
swe-bench-verified,sympy__sympy-15875,sympy__sympy-15875,PLs,v2,7f96f4333c3740057132f3bb042eca7afbb747c18587a055618c33107883ac4f,af6720b5f1c89de43c121064b2e2cbd4f67d38213a469fbd624f98a32b696c8b
swe-bench-verified,sympy__sympy-16450,sympy__sympy-16450,PLp,v2,944c5678a259e5e732d60f33a537fd2512e7fe52e586c8e6ac7c5b03b1cafa39,4352d8677d0d43d103cd6cfb9954e28b2544a63a39b3942796fdb16c1214a763
swe-bench-verified,sympy__sympy-16450,sympy__sympy-16450,PLe,v2,897754868a73a10ae9059412ed96c65789350656f5c57f3bec8dd0f1828e1ad0,38d2dd699bf022ddd19a4379122ce948e0aa0d7413a3010fe7d35dae24e10b28
swe-bench-verified,sympy__sympy-16450,sympy__sympy-16450,PLs,v2,9c1c07cc7a809ccb583d871622d5cac7ad08186f8e81174af39905ee8df299c9,916456f081533cc2cd27c5d8e424503d13766f566b914d258a2dfd02723f7cb1
swe-bench-verified,sympy__sympy-16766,sympy__sympy-16766,PLp,v2,2401dc21cfe31159ed8d3e4a67e6ac6c66003b99a0d8538397ffae91e1e8494e,62c460ab5b981c5e56839d5fa02ddc1dea44746d9780f92c81574b9c9f9bb6a1
swe-bench-verified,sympy__sympy-16766,sympy__sympy-16766,PLe,v2,f2be659d33622a4f5bc5af6fe79a0f25bf0ebff63dce3043859cddf31d158e5c,8c94520c1b92f222ae82bc219a863f1e096e0007bb2dfe0b697c4885c2fb21f1
swe-bench-verified,sympy__sympy-16766,sympy__sympy-16766,PLs,v2,fdf9912b91c81c9e601c7231186804ceaed22bc0e7ebc0506d99a559956cb6d9,aad2aac25320ed3719601b0e0d61fca00e2835edebeda51a6b9e6c02275c39c6
swe-bench-verified,sympy__sympy-16792,sympy__sympy-16792,PLp,v2,9cf8e28d76c0a1d1d7cb11ce459778dc704b9da627a39a02431ac7c958c0fb0e,af338174dd2399e70b1a27c54e5af054b84130027f7de5dcea221e17cf54ce01
swe-bench-verified,sympy__sympy-16792,sympy__sympy-16792,PLe,v2,e132dd6af644c18892ebd8c7b67ae966851779c48c3026ce17a0ef1fde570f30,875258ee0435cad47311b9208d033ff94009ec7c0953a8913c575426fcde4176
swe-bench-verified,sympy__sympy-16792,sympy__sympy-16792,PLs,v2,993ca46930943d9ab7ca96a890159da1253fa9b0a832e2ffbf13f59477fa6d5a,9bde36631446ad9093fc97a70b132871e41248bec77413e99a7638c57725814d
swe-bench-verified,sympy__sympy-16886,sympy__sympy-16886,PLp,v2,a6fc373a084d84ea36226ef35b94104a7cfcdcc364589b986389b220bc4b36e2,246d019df8d7208c66b9d641ca5eaf573e38bc02df12e1341f3523582560fbfb
swe-bench-verified,sympy__sympy-16886,sympy__sympy-16886,PLe,v2,542477b778f7ed49ea077b97370b93f7a2e77f68f7408758024b72bb7ac78c66,6abefe6891b67fc8844b2883d95717137a145b1b7df61401f3ca82c1bdffed83
swe-bench-verified,sympy__sympy-16886,sympy__sympy-16886,PLs,v2,903ddbf0a37afc7126494166201beffc2d461135aa34b3fab064d4a5fd486ff4,28960f3e75268a098e29a93bdae69b02bf52acd9ec499f20e7bf35c19d91811d
swe-bench-verified,sympy__sympy-17318,sympy__sympy-17318,PLp,v2,e57fea6dd27c88c0c64a4f1955930f87a25b9e783945fa85a10fc5fbd261d527,6a7324021bc73b8067370b2fdc0d260ce14948947600bc89c42012a2c148126b
swe-bench-verified,sympy__sympy-17318,sympy__sympy-17318,PLe,v2,400fb2ee8858e74f1a86fba17a3af7e9e0b6974a7103d600a5473306ca0176e0,8d5cc02e295edf55071a95e1120192f8f7e74be8c122f6bc8f8f78c92b5772c5
swe-bench-verified,sympy__sympy-17318,sympy__sympy-17318,PLs,v2,adc22ec770af6694e94c9d2be9533c2dfeb2e95949f285b58fd75847bf5d403a,4f957e8786af241cf652981c96079559092fd2196ddab4685444d11713c6392e
swe-bench-verified,sympy__sympy-17655,sympy__sympy-17655,PLp,v2,e0a6accfe12f2c8db04a5b9fc5368a402c1778a5540cff8dd403fd21531f8a4c,d8c81e3b03337b8ba90014af0951d687331ac092bd293c3ac41c6dcc5cdfb843
swe-bench-verified,sympy__sympy-17655,sympy__sympy-17655,PLe,v2,9f15a64a111db29d4638233689f925120f3b5ac51b0b5ba46186c865a9a5005c,3cbe74c6c6a3b0932d69468148047c0aa86e411958db378d68587efd5688b89d
swe-bench-verified,sympy__sympy-17655,sympy__sympy-17655,PLs,v2,99cf4acac245307c746bbaf032bee69e909169367b0208d5fa7b67abb8b5ebba,867ecec431069bb7946052e55e5e94a75446857d3a56a92e174e8acc9768860e
swe-bench-verified,sympy__sympy-18189,sympy__sympy-18189,PLp,v2,4f699d3a0616ead90c64b967a3060dd1b6479df4072672e7d25cdd1e4a0b8daa,af78f67c8594c1dbb9964779892728a440b2a9d88f1570971f0b72253f45d856
swe-bench-verified,sympy__sympy-18189,sympy__sympy-18189,PLe,v2,f3a5871f17312c80d5f5dd32a839b82049e101f7d62a900a2ad0b342c9aed03b,900660a7ae9a1a93e749364dd137131ed9be21b93d0d7c4eab677cb5ddd42700
swe-bench-verified,sympy__sympy-18189,sympy__sympy-18189,PLs,v2,ee1ed2328693fe6dd66302b98e4887c8661d747217570a04053aa0f35dfeeee7,29a871582a6ee222a4a1caf6c5b683f023377db192e0ecafc5a00bd39527bdc2
swe-bench-verified,sympy__sympy-18211,sympy__sympy-18211,PLp,v2,aeb525ecd43e6ff0c8d6bf7d6c0e33e476cd2144b1c31af60be393974a9ae670,b827131e8189374dd90eace428f9eac6334110fc6c92969d99095d34d886ad3a
swe-bench-verified,sympy__sympy-18211,sympy__sympy-18211,PLe,v2,3f4b445e1a0190f6907d8521f2773d795b5f02490352358239f5e75c8c7f3774,5808c104a04786bbff6594cd2e3e7bc1f2eaa9d7038a7ffe7d0b903a0c357eb8
swe-bench-verified,sympy__sympy-18211,sympy__sympy-18211,PLs,v2,258e9e649ce9931777466d83d5211e96474013a13e131ac7ac7f3a0d425c0cd7,1ea3eae37d86219255d1959898b63f27141bcc2ac8d8cfcea76b04c4c1e27371
swe-bench-verified,sympy__sympy-18698,sympy__sympy-18698,PLp,v2,ad88a7948dd30d8029e6dea11b33486cc0a32a77018032ded46300bc4a1cd2f6,8c2b559a599af6b27f5374d23cc38a351380a5449089968c86aaffcdda9b186b
swe-bench-verified,sympy__sympy-18698,sympy__sympy-18698,PLe,v2,ed0d44dfbcaa553520be2d550e76276fe7ddee8d7f40bd44df594de56e24e631,00459de09aa9d58dfc6b371dde89b81050fa02be6e925f44d910d17d81fd8469
swe-bench-verified,sympy__sympy-18698,sympy__sympy-18698,PLs,v2,6973b1551341593d2d54e12190372fb40bfc4c9f3bf6d859181a8878af11cef8,f05962c87dc6662ed55071dee5fc722cb88f9eaf04fffe6abcda600d4be31235
swe-bench-verified,sympy__sympy-18763,sympy__sympy-18763,PLp,v2,c29bf2075fbc9d7b27194fc55e27057792decd1a36ef377f03daeeaf68532161,dfb9b02707c4a54fc0954f79f392ecfa412f8d02cffb936cc310eb1dbf5d9ef1
swe-bench-verified,sympy__sympy-18763,sympy__sympy-18763,PLe,v2,f4a0a022158a3d78efd19037a2aa56c55fe284b16ca5cff5129499f8a3c06dfc,4f719d4a0d235b4f7780922afa6470bdd7f2d14153c44e8d4f02fed875d02ae0
swe-bench-verified,sympy__sympy-18763,sympy__sympy-18763,PLs,v2,0d20726cf35c6bd9bc43aa5b106b81ce034a67262aa2b9acf1933fcbee3ee292,0c8cf7aa9972bc29323968229f10d773638c6a0ae5d27e511b829dbcea035e75
swe-bench-verified,sympy__sympy-19040,sympy__sympy-19040,PLp,v2,a385e3d3d38ac72df733755961aebb0ef74b479ee1162256a56bc28db9d74ebc,4ea1612d99ec75892aeba9476d30efcd9db551bb8d1be321019eb4bd9cc15af1
swe-bench-verified,sympy__sympy-19040,sympy__sympy-19040,PLe,v2,1566f231ef0a7bdd02f8192062d20f04eb376627540b0aa375b66adbe6433e41,bf8d884bf09482ffa675b4e0e4a74dd9c9dcfb7de122b90bbd21d542d33b6d46
swe-bench-verified,sympy__sympy-19040,sympy__sympy-19040,PLs,v2,fdb61ff0b428ab5e0a8911e192966bca2f5d48849b436c736a4e890cb7e927d9,fba3bf2d4dc4b20564abd5bb59d5c7e786b9640ff3096f8e9c1f76646541355b
swe-bench-verified,sympy__sympy-19495,sympy__sympy-19495,PLp,v2,d046170f5761f333590078b9a37903b338b6cb589b5a55bc753f16bcfc53707e,9639dcd8dfcccb8135ef1486c418650f2ae40f0cddf1c290217a06a5620fe0d2
swe-bench-verified,sympy__sympy-19495,sympy__sympy-19495,PLe,v2,8dd6ddae38ab1a357448de6cb1d786710b8bc66c21240e324f151c2ee97c52d5,4d2b479e6a65f3b6c28c61734f26e79af058721b8211838b9eba321b1fceea8e
swe-bench-verified,sympy__sympy-19495,sympy__sympy-19495,PLs,v2,1d02d2ea79ca1b9dd8c36736239fccd40020770f8c7534745fb3a92768dd042c,886a65dd0491a0f8e224b9cd19cad4d3f6ad3f9ca4c583fda3e72c140b168902
swe-bench-verified,sympy__sympy-19637,sympy__sympy-19637,PLp,v2,9ce04a3a96871f849d397dc8dc7752b41e32df7ccd2b7cb72e3a868665ded541,eaa44da87c9a8593478004160895fd4663d48da00e360f4982188a5b51d22d01
swe-bench-verified,sympy__sympy-19637,sympy__sympy-19637,PLe,v2,cd950b69fdb1f73ed70608e5fc1b265b7e4ddfa588964d620056a14301cfa8ab,33a26217a02f34689465442ee7d57b855953ebf69ef640c0caa702585f30fb98
swe-bench-verified,sympy__sympy-19637,sympy__sympy-19637,PLs,v2,ed504122f96168839e289e6c2950c09bdac5150a96152c92d1ff5992e54730c8,80f5ce200167f1ec55f6d5d4ad1900394f78097423fe178bd4699210fb204b0f
swe-bench-verified,sympy__sympy-19783,sympy__sympy-19783,PLp,v2,ddb4dc8d198c80f046860ef30fbfbed6c480b9f5f4157180ac859f98b2ce8af7,a0df4ed3994a48441a93e996e4f4f13ca622e13a5329750f64e0616246b60543
swe-bench-verified,sympy__sympy-19783,sympy__sympy-19783,PLe,v2,2317b10fa66524b6035d22ad993b7dc0e42db1b9643b7ca4ec0612a7c251ace7,e0183ba88a9d8a3a7df2f99e85fbddd5c99c108ebe70960fb07468ff6401a01a
swe-bench-verified,sympy__sympy-19783,sympy__sympy-19783,PLs,v2,68ba3642b21a9dc41adb4abc4f89a4e00f3bd4b6b0e2d161a5b180ad0ab50d09,b5e359f315cbd0dd378f65226401b903ec6365e3d616228042dc97eff4cc9ad3
swe-bench-verified,sympy__sympy-19954,sympy__sympy-19954,PLp,v2,b8951ee4cf04aa0f3aa7accb1b610831fc2437f27f28ad54134d88f92c812ec8,98285cd5c3b8093ca4c582156ba672ff062178bdf4be84b2f525fa4cabf3ff4b
swe-bench-verified,sympy__sympy-19954,sympy__sympy-19954,PLe,v2,88ae782ec2e01d10f73f84aa441a452a07c08accbf0717b7f79d69462e3342cd,1c52efdbfded93adeeef43d30b8f2089cdb761af056763c3fb0eab16ee19b93c
swe-bench-verified,sympy__sympy-19954,sympy__sympy-19954,PLs,v2,a67c849f2f1960ea1fe2c22d641786f53692ab22623c0d6b267bd7db49d7bb19,c00a3bea8b81d380d3d36a07064da6465eb48a25ac030db67e4e16454684f2d5
swe-bench-verified,sympy__sympy-20154,sympy__sympy-20154,PLp,v2,a76fba161744c8c15ab35e79dd1044188a4b5eb5b007ef42865a4825f150c8fa,d897a0f508bdec8ec5fc7f39d4ccad8062753e5ba3f3bf5893a456bdd9197f9f
swe-bench-verified,sympy__sympy-20154,sympy__sympy-20154,PLe,v2,44a2d77e15420bffddb0cae919338af2eae6bffdeb6cc0d05294210e219e31ca,5127ab7017519650c81edacce4b1430a3a323324ac90f1ff36a0dad170e961d3
swe-bench-verified,sympy__sympy-20154,sympy__sympy-20154,PLs,v2,0dce85c3daa03c1203e433949225e691d03cc73609e90187f1e450252210df10,2072e8b4d360cb47d4f6a4b8bdd3c57b39097658861cafb69b3823d51b251ca0
swe-bench-verified,sympy__sympy-20590,sympy__sympy-20590,PLp,v2,bb6ad220bdca4f5bed90d4e6c8f6bb265268aecc6800bd29d0a2fd77de5e857e,46f97e55c9f385c51a9086c770ac311f70c7df29e49acbc70a6762594ad2d230
swe-bench-verified,sympy__sympy-20590,sympy__sympy-20590,PLe,v2,f4a65a04adc349443004f2e5ee6a9a661676c003d7e5fb6a69642c95cebe6ce3,ca5bd00952780aaa0f452b27c4d4535deb0cd31d65b3233032bb0625fea84da9
swe-bench-verified,sympy__sympy-20590,sympy__sympy-20590,PLs,v2,0b678f1111ba571a54cfaae7f4e72286b9143b3b30745d5f58f02cce7ccfb589,6f772a2f347012fbc20f155d9884d643138a09308353b18252ff4691d230dbee
swe-bench-verified,sympy__sympy-21379,sympy__sympy-21379,PLp,v2,81160a70981c2f95192c432b702081c39401aff4aac405cb983f209026fb746e,9e6a4a1695216a866d9488f72dd83caafa446f2431ce5211cc7ac45dd5cc4d5a
swe-bench-verified,sympy__sympy-21379,sympy__sympy-21379,PLe,v2,d61992a3a8364a685d1e1b84bbddb87e6a57e63bcaf36958c5f3cf652f7beafe,dd6737c84794af8de7d17599d43f17cd41b3680e7490c60958481865fb2b0ec7
swe-bench-verified,sympy__sympy-21379,sympy__sympy-21379,PLs,v2,8e352c6b993df26c188826390a9b9f163ccee84befb246ecdc35389f7dab33b6,b36952c51ae5072c7c3df71ddbb3d2fcef4ac99bdfaa1ac142b01b05f711788c
swe-bench-verified,sympy__sympy-21612,sympy__sympy-21612,PLp,v2,319d8db21582e70ffa52f950e7ca001196ef953cc696bea4252189c9f9255324,3a43854bd1d5fe45f2e5be984983e4792373d2da7af8ce1d6fa3cb543a442acb
swe-bench-verified,sympy__sympy-21612,sympy__sympy-21612,PLe,v2,595f38e4ded109e6d339c15f9c9a6ad4b08293aa54a88e479099c23f1fd1baf7,7919f9e85854896fe8576d7b8c3a337a2972c8126a0e5755a2e4e0f6072d4bd5
swe-bench-verified,sympy__sympy-21612,sympy__sympy-21612,PLs,v2,8badbe0a09c2da433e6b6c3e90cf4ea7b2f6872245214c67f5d0b89487609de4,b794782a7f122eb2ede4d87e923ac003d478c3fe8dc819025474652f616ed571
swe-bench-verified,sympy__sympy-21847,sympy__sympy-21847,PLp,v2,c1145447b8563af2711370892393e1c54e27439f7099e59403e8b7a4fb50a8f5,0e4e88195c8e118ce0e6f633b7a4243da68ff439471c8508e90442c9b90b684a
swe-bench-verified,sympy__sympy-21847,sympy__sympy-21847,PLe,v2,d483a328c800baa32469bc61aa75796422f73bfd40b8a30fece7f24cf87057b4,a4895a175ba3ee009d88a248eb813d7995b7fdafa92eb501d14aff464892f8ca
swe-bench-verified,sympy__sympy-21847,sympy__sympy-21847,PLs,v2,b058b4c41f8c20d63a729b284cb8af682fdcac16d90517ef07a101a2e062f771,8dcbb0509b8eb454e0380af2eee10f9fa9fe77585ac1ab905cf1b877e8892879
swe-bench-verified,sympy__sympy-22456,sympy__sympy-22456,PLp,v2,d5360bea04c5cc50f86dc1b08d76b37483433b8021ef10984b6bf18fbc14f402,dc75c392652debf7f14d4f3d2e28869a397e892bf56a4d082c96796bd9e42836
swe-bench-verified,sympy__sympy-22456,sympy__sympy-22456,PLe,v2,c60eefdcc5019380b0c520e38fc3f1b6a104e5fb3be2bdec3ae1c6ae43437996,49f6cdbfc9b47b7df4bb143002c967e00ed94a823d4402ab3e126e2f3289c438
swe-bench-verified,sympy__sympy-22456,sympy__sympy-22456,PLs,v2,d24532d664371eddacc29eb0dc8f12aaec0004ff2699de986adc3adc5a0a76c1,8806dc32f51ea56e820eee65bd4e7b3707a7c068bb694e3dee50424b82b73936
swe-bench-verified,sympy__sympy-22714,sympy__sympy-22714,PLp,v2,ee76cb7ae57a3ed406093c7e1bf2b0f160640b51164781d28dc77727cdc95b7b,59990dc7469f0fe53b295b6947168835fefb08519e214d93c61467be6730aa3a
swe-bench-verified,sympy__sympy-22714,sympy__sympy-22714,PLe,v2,4303dda00e78863d43d799c4944cd0758ccc5092640cd6f0575d43b22c3d22e4,af35f3db8bea973cfebb0a05f0dd34cfcc6f71a9458ed89989fd182c28056f29
swe-bench-verified,sympy__sympy-22714,sympy__sympy-22714,PLs,v2,7b05cd429c30eb3358037455b26cfe4b14fbbb5ea8472aa68e795f19753c0fe2,ffd029360b7db959e8d4c2bd3c2d3ce062ac0163e84bd0d783eb850a79f40fb7
swe-bench-verified,sympy__sympy-22914,sympy__sympy-22914,PLp,v2,d08a83d0916e24ef597dedc93df4b6d36c3d03cf3780355479f7f37287557836,7cfab4256344c4ec2ddb7883c06ac335627a0489e0d9088acc7fa363601549f8
swe-bench-verified,sympy__sympy-22914,sympy__sympy-22914,PLe,v2,2e0da44597c9334b930342acb87bbce96e3480274266da727291eb3e73a88916,b633c678bf27eb1923c48639505f57aa28d4ef7f926ef4d1da0bc07a759b7fd8
swe-bench-verified,sympy__sympy-22914,sympy__sympy-22914,PLs,v2,62d55eeed2ad5404b7319df0045dd0b609b114d56f3b00f3a52f811e0fb19c44,8129d21f389a4fc2739ebdb9c00c838f8bb67c8f7ec36859d488ce125d0edfa5
swe-bench-verified,sympy__sympy-23262,sympy__sympy-23262,PLp,v2,c05059d9acadfec834ce45ecf03fda73f5d7e4cc2487a49f6d6e99f953dfbc2c,b727609fd9096443bfec395c0d436ecdbfbe0434680afe4bb3c2c2f571ac2f0e
swe-bench-verified,sympy__sympy-23262,sympy__sympy-23262,PLe,v2,5bec3dd111c7383356991762ececa794a151619c703f914b74dc1d7b340b9001,abc26218f91de66e2f916e0c31e92a81f8b8306a029621a47db160ee7a9d50e2
swe-bench-verified,sympy__sympy-23262,sympy__sympy-23262,PLs,v2,8b4afb8c3f3b6b9e697c0904f3e1be299028e15f7e7bbd1467c233214016ef7b,d8ff185b5a19c305cef1b91214910aeb55844652141cedf9a753ae8e12daf168
swe-bench-verified,sympy__sympy-23413,sympy__sympy-23413,PLp,v2,3b29059c038893b997d953a52d5ca083bfb3180a439b18c86725c9592b922432,4e79c58c34dbfb15423c1cf47a04c4cc151a55595ff24c138c1aedea3b28b144
swe-bench-verified,sympy__sympy-23413,sympy__sympy-23413,PLe,v2,da096616958ca22433cd47ef0cd76f08ae1dff84c4830ad8b3519f78a5e56974,fdf46f4465d3f1b24f04c7bc9f80656e4a917af8b531a4db174a85c61cd4ed69
swe-bench-verified,sympy__sympy-23413,sympy__sympy-23413,PLs,v2,1773c0259331a46e45911d2161958b41575b801d4213e1b4d7b05ae3ec9cde07,b61f739a0bacefc3dc725dfc4284f315f55e5e79e26828824b860e67a05555b7
swe-bench-verified,sympy__sympy-23534,sympy__sympy-23534,PLp,v2,6e772b457e2405d120372dc8a494a52c37496d95a693d510877a3d1e77dee9e5,b60fdb8001c5c53aa171e7e0ea76f6656d17bc2170d0dcbc877774352552704e
swe-bench-verified,sympy__sympy-23534,sympy__sympy-23534,PLe,v2,42ee25bb606235d362a0afb058438fbbaf1ac33fba100bf84912739b5c518327,863778f3ccfe554636ac8ca296a4a3feb326ad3561003e80747bea3d5b988859
swe-bench-verified,sympy__sympy-23534,sympy__sympy-23534,PLs,v2,d8588235c460586165a8b86182635a7b541936929b222d9028b5ae6452102b3b,a7825c2cded18b358619c8cb5b3f1d8f6ef8c9fe59a33a54af34bb5718dbbfae
swe-bench-verified,sympy__sympy-23950,sympy__sympy-23950,PLp,v2,15f6125615303a17cb69d9705c05b34da169e6119125a696f9f31cf3aa464a8f,97ab1519c396c9d46b3e66e180f8f32a7c88f15bab6bfb8b019442ffaad14592
swe-bench-verified,sympy__sympy-23950,sympy__sympy-23950,PLe,v2,680d88e1462c44f5923bafaa3a2c0c9bf16a6b28a512a1414c580c21e6f09c95,e7ea0ada664a3ccfcaa82167b9d9328b6d65a0546b4f1e51ad8ee2eca83e693d
swe-bench-verified,sympy__sympy-23950,sympy__sympy-23950,PLs,v2,0167308e022f710a673357ecd0273434fe8b473f2ad322fd2eb00be2b0d77cd2,48a9907887c30841ff6e4796efcea6da4335b24c3b6809d7ed440bdcfe465a6b
swe-bench-verified,sympy__sympy-24066,sympy__sympy-24066,PLp,v2,b4dae7b3894e5938cd0927657a4942f5c9dc95738e3d741aa3f731c7ad4501d0,ff1474f6a7c6419a5a1ff2d22b9c9f6f782a00b6eb6f415f67c678b5b7fc57ed
swe-bench-verified,sympy__sympy-24066,sympy__sympy-24066,PLe,v2,dab09c0a7db486e754ab9364ced9440975bd2d3afceb9b06e85a697bfe633b4f,0192f27874ecff14023d0d2fec608e60223573cd92037be4192dc81ea666ea76
swe-bench-verified,sympy__sympy-24066,sympy__sympy-24066,PLs,v2,a7a6209189fe4cfd9d38e307482d49fd660e08c7bb5babc35ec1bf48a6fb5dde,4d174166f39a96d9d6b07a0b7e89b1c1b9137fcdca50281e57783f9d68613c27
swe-bench-verified,sympy__sympy-24213,sympy__sympy-24213,PLp,v2,2a6f6c27a87bb1ce71883a8e61e9cc9c56335acb9def586d81b63b0f043f5f57,359a4d81c7e381ef7217b9fb6f3f0c65ea06f7ad417ac8cd1a360409519f1b81
swe-bench-verified,sympy__sympy-24213,sympy__sympy-24213,PLe,v2,9f3feb74ae4f425ebf5fa3b3b434f82db33d152f6777a8b8a8763790b379991e,0419b4de300001dc185e527ebe3a3da4bfc12107941d1bd24ab5feb130695e05
swe-bench-verified,sympy__sympy-24213,sympy__sympy-24213,PLs,v2,e07893f653b78cea9b35faa7d80104453419e542b3c86a3bddadd8d39842a2fc,62d3e8061590c16d71dec2d0ddfc0c9531cf9f424e2094d01abd175b21381841
swe-bench-verified,sympy__sympy-24443,sympy__sympy-24443,PLp,v2,51cbf7776a1d789ff94a0713416e8e06e5cd63cde7251cad6d406a0f075c5940,f34d25e89d096b49d41d21e10b45e30cb16fc47e94fb71f1d4c3ac8514e94e35
swe-bench-verified,sympy__sympy-24443,sympy__sympy-24443,PLe,v2,819717d36227967fe5fdc1169e8bba8fe607cc3633b151ad84c733a061baf6e4,6dfa30c90f3c3d596a6effe721fd502931109f60775b71d6b2c6f6751f12a646
swe-bench-verified,sympy__sympy-24443,sympy__sympy-24443,PLs,v2,0f6eb9fb77978c34422a3fb02e9a443774154ef3d8b8873c482e91eae6f99a3a,0200db1d61813211ccdc56218317563047b837879a4b148bd886c460f1efbd16
swe-bench-verified,sympy__sympy-24539,sympy__sympy-24539,PLp,v2,1ab37b4b580986cfb52e6c6d94d19a5cb24d903cf035c4fec042931c9a256ac4,bf318dabca615bdb0f52d6266db64b06eb9b47614932d0083013294abe43cb47
swe-bench-verified,sympy__sympy-24539,sympy__sympy-24539,PLe,v2,456da07984018905efbac232677d0d45c1d7bdf73bcd246fcc92f072e0de706d,48e6341ca03cd903df9b8a0a8edb50b72d8e7e82768df938fd6836f6ae1ac449
swe-bench-verified,sympy__sympy-24539,sympy__sympy-24539,PLs,v2,bb142c06d49fa73c17da5b832a2e3dbe53982ff5417e1036622fa920ea1bb922,9317090569fa1a7a6bf6bc5e5d1fb9fb0d736670f2d78800a1152f4f9561791e
swe-bench-verified,sympy__sympy-24562,sympy__sympy-24562,PLp,v2,d394b15913f0451d7667659902772c5e5263564dc3b96d698534226afd0b23c6,60d37b2e2319724ffbe244f24ca788bd7da49e19cbd1d533a2eb57857e01676a
swe-bench-verified,sympy__sympy-24562,sympy__sympy-24562,PLe,v2,422716e839c963068e7ea4ea5e3195d7115fb892928d5181106b8fed0de0b728,72db6d6cdce821db9a01c1dfb45c95d103d65e2735a1c21810ac87b1f50c69bc
swe-bench-verified,sympy__sympy-24562,sympy__sympy-24562,PLs,v2,84c7875ddc58de2b691a41fc2b9fe998c55ac9dbfde54fa2d757df17083642ea,4ecfd7e00c58a0f0477d5d51aa9a76e895cd9b2e955cc515a7443b08c0d37125
swe-bench-verified,sympy__sympy-24661,sympy__sympy-24661,PLp,v2,30907b3b00a557024a667492c47d7fcc18780d5eb62e783fc755856a53a101b3,881d5059b6336d071c783d89e04679da564479a49f4a1c86ca87abfcf805d296
swe-bench-verified,sympy__sympy-24661,sympy__sympy-24661,PLe,v2,d8d05e34391892eb719270a60cc67960aac0d32d72f283548dca86839401b0ad,b542f9de9cfeda402d9cf0d2aca6f6138b39f7d0fcd04dbbf8080046bdff550b
swe-bench-verified,sympy__sympy-24661,sympy__sympy-24661,PLs,v2,5b636e2dc7477c32cabdfdd6d39d9559ff8c03eb7ab742b8a1f3eadcd72145e8,65015430675bec159e78ab3a21a763b4c3f91ffa83729c7153b65c3c4a30f48f
