cell_id,benchmark,instance_id,rubric_ref,generation,code,repeat,prompt_sha256
v2PLp-f83459f023cac492,cooperbench,dottxt_ai_outlines_task-1371-f1-f3@coop,v2/PLp,v2,PLp,1,b28fde77ae19a7fa354fa80eac398ea448e3d934f6ce2c3ddb1b1c2e1c6b6698
v2PLe-fc7276a87e658f1c,cooperbench,dottxt_ai_outlines_task-1371-f1-f3@coop,v2/PLe,v2,PLe,1,747d6961a1a03487eb7d34c8b87825e3fcba04f58b7dc425768490955f58bce6
v2PLs-37ea1c4d322d8247,cooperbench,dottxt_ai_outlines_task-1371-f1-f3@coop,v2/PLs,v2,PLs,1,8431784c75212da84b22163a1c1fba8c61613a4d3ecd7d15028ed661799dbcd6
v2MSm-9ee3bb6f00af1eb1,cooperbench,dottxt_ai_outlines_task-1371-f1-f3@coop,v2/MSm,v2,MSm,1,b3e30a6c3de41dbf220f126e3f8b1d653c400153a1c024c6139c515326ca6f0b
v2MSc-9958e3b16fa11466,cooperbench,dottxt_ai_outlines_task-1371-f1-f3@coop,v2/MSc,v2,MSc,1,e328a1fe831086e2a1bd0bcb9eae047249ad7527e270da81ae79253248eb001d
v2PLp-be7315d2d2883709,cooperbench,dottxt_ai_outlines_task-1371-f1-f3@solo,v2/PLp,v2,PLp,1,7e200596006d68516fc45885f4a61d0b880674254b8cf63dfbcf1f23bf170884
v2PLe-db7ab44144a259f3,cooperbench,dottxt_ai_outlines_task-1371-f1-f3@solo,v2/PLe,v2,PLe,1,3606271900ea1b72f92d249a2a154071bdbaee9485286c5abfe9c1ea6599e5f1
v2PLs-4a66f1cb0c7f8b21,cooperbench,dottxt_ai_outlines_task-1371-f1-f3@solo,v2/PLs,v2,PLs,1,f81920a7f28b5ec8a7a6eeb62f6d3c89617bdbb1346c7a642e718d9be9f5c4cd
v2MSm-db5ede824533bde1,cooperbench,dottxt_ai_outlines_task-1371-f1-f3@solo,v2/MSm,v2,MSm,1,1fb906405775d73f9e1d2a04ae5f0ac8a16bf40c90ebde7f3dcf29f88cf9cb11
v2MSc-e66e1fcca7218fe7,cooperbench,dottxt_ai_outlines_task-1371-f1-f3@solo,v2/MSc,v2,MSc,1,30b82d7895eee6899f75a9d192fc5bd5d133c30a38eecbda8b954fa107f3f150
v2PLp-936e3cc32e9b39f0,cooperbench,dottxt_ai_outlines_task-1371-f1-f4@coop,v2/PLp,v2,PLp,1,5a4e9e3888fe7439e10a91e63ef782df2ce451c280bf1bd0f2dbfbe576255339
v2PLe-89f3856659a67763,cooperbench,dottxt_ai_outlines_task-1371-f1-f4@coop,v2/PLe,v2,PLe,1,39ca579a643278fc6d3e3ee08597c00fb8fa72433f655411cd1c96962905c3d0
v2PLs-c21bddaee89521f1,cooperbench,dottxt_ai_outlines_task-1371-f1-f4@coop,v2/PLs,v2,PLs,1,db60f7dd24c22630617be6b131e7c0b1eec9a9f32079f30af276213bf5bfc710
v2MSm-aa485449f90b3f8d,cooperbench,dottxt_ai_outlines_task-1371-f1-f4@coop,v2/MSm,v2,MSm,1,ea971442bcac9043403ec4a0a6d2ef39ba05e27e176fe7069a198a5a6ed26f12
v2MSc-dc2bc5dec79d51f7,cooperbench,dottxt_ai_outlines_task-1371-f1-f4@coop,v2/MSc,v2,MSc,1,d0f8e0eb1a7fa71c7cbd5cbceb879da2d72a5bf7f2d8f517738f8955b219e753
v2PLp-18b542f6b8d243bc,cooperbench,dottxt_ai_outlines_task-1371-f1-f4@solo,v2/PLp,v2,PLp,1,32ef78056edde8ea2c4294fd5b46927e77f832dac9d9a186133e067f7ed56d2d
v2PLe-069e25237879751d,cooperbench,dottxt_ai_outlines_task-1371-f1-f4@solo,v2/PLe,v2,PLe,1,8253acf81c6a558667daf3a3153ef2980849a433222b145aeb9ba231f275b618
v2PLs-ec02cabc20b9445b,cooperbench,dottxt_ai_outlines_task-1371-f1-f4@solo,v2/PLs,v2,PLs,1,ff3381c7237fdc979f3200b43072b5799dca0bb3f0e440815f2377d6b736a5a7
v2MSm-6e4fbed6ccd45c0e,cooperbench,dottxt_ai_outlines_task-1371-f1-f4@solo,v2/MSm,v2,MSm,1,c34e71e299cc8bcca994e877022cee30a6a9f17897a1df2d292a2e420bd8e048
v2MSc-ab4608741af22cff,cooperbench,dottxt_ai_outlines_task-1371-f1-f4@solo,v2/MSc,v2,MSc,1,cb6cf2efcbe4bfbf452ae7494bcb10834957985fa373f43b8434c62c1d9f1045
v2PLp-e56bf68d1732921d,cooperbench,dottxt_ai_outlines_task-1371-f2-f3@coop,v2/PLp,v2,PLp,1,1ebe999d2d5b6bf25e87749e79e9312dfdfacca71eb73084575318a884694be0
v2PLe-d1e9fb1b933ec3ed,cooperbench,dottxt_ai_outlines_task-1371-f2-f3@coop,v2/PLe,v2,PLe,1,5d746b8fca52d0f426352c8463b8270b03bb50e7476946e4e6369ef34e03a299
v2PLs-e8eebe4507c12e67,cooperbench,dottxt_ai_outlines_task-1371-f2-f3@coop,v2/PLs,v2,PLs,1,7668b18250062505be04d1e4a4a3397cff588113c435c84cf2645bc722820875
v2MSm-cabaf2cda9279e2b,cooperbench,dottxt_ai_outlines_task-1371-f2-f3@coop,v2/MSm,v2,MSm,1,679bf146b361d8f31b4cb550221348705618f8fdecba2ef80cfb03a1751bff80
v2MSc-c997ca170cbc0b0d,cooperbench,dottxt_ai_outlines_task-1371-f2-f3@coop,v2/MSc,v2,MSc,1,911c7783ebbd5167ad7126b1a1826e0a4786d3ae5e7ed30025cfc1417bdc0980
v2PLp-ba79add850d7a2de,cooperbench,dottxt_ai_outlines_task-1371-f2-f3@solo,v2/PLp,v2,PLp,1,37de954bdc0fef6f14e8c9114790a20ab47bf988866fc2b08dd3c81243105eca
v2PLe-242e0fe1a6e4b38b,cooperbench,dottxt_ai_outlines_task-1371-f2-f3@solo,v2/PLe,v2,PLe,1,96a0991742addb71d5b42bec92981f297e1b47676095faf683353dea84dd97b3
v2PLs-bbdcdd58fc900066,cooperbench,dottxt_ai_outlines_task-1371-f2-f3@solo,v2/PLs,v2,PLs,1,f2317eb7c3c37367d6c91cffef02c8618a00ed062a226f7cd63daff79b738d0f
v2MSm-525720a4929e21b6,cooperbench,dottxt_ai_outlines_task-1371-f2-f3@solo,v2/MSm,v2,MSm,1,b5ba8fb970d6cf94a6f2979cefd2c77103c27f9991f7004b6157ab9b9f2e5ac8
v2MSc-d1f1f9a73c5b59ae,cooperbench,dottxt_ai_outlines_task-1371-f2-f3@solo,v2/MSc,v2,MSc,1,cb46c31004ec692eedaea6f11e247f5d9394bc7c73f9ddded83059e2a6ec74d5
v2PLp-302586a704d802e2,cooperbench,dottxt_ai_outlines_task-1655-f1-f3@coop,v2/PLp,v2,PLp,1,60dc00f6b9daeec1ac45b5cd157252c0d4874be082be1dd50e6f158817f3b8d9
v2PLe-3ca4937ede4e5e49,cooperbench,dottxt_ai_outlines_task-1655-f1-f3@coop,v2/PLe,v2,PLe,1,3146a077b200207867b16650914e2fb9edc04d1ee489f1c44b1f1c78b18a2bb8
v2PLs-50ca6b76d230319e,cooperbench,dottxt_ai_outlines_task-1655-f1-f3@coop,v2/PLs,v2,PLs,1,342644ec4936a3c3192b207e59025b3cfdd54238d34fe4f3ac4a7a0475bf6840
v2MSm-6d7bb95cff4afc6c,cooperbench,dottxt_ai_outlines_task-1655-f1-f3@coop,v2/MSm,v2,MSm,1,4c8bae25f66f6269db62a31e94d6e0b6da369dc7a345e9e269f9e1100c254297
v2MSc-60372fe5eef50a05,cooperbench,dottxt_ai_outlines_task-1655-f1-f3@coop,v2/MSc,v2,MSc,1,5fbf9c77b58a644087cda9c293970fc1eb2050ed8680e9dac79a0f38d0af20a9
v2PLp-7263805077b50bcd,cooperbench,dottxt_ai_outlines_task-1655-f1-f3@solo,v2/PLp,v2,PLp,1,9638b33d87a32e14b106aa82821932691eaab5367889943a96cf9f71f8f1b237
v2PLe-0a4ae940295ba4d5,cooperbench,dottxt_ai_outlines_task-1655-f1-f3@solo,v2/PLe,v2,PLe,1,2e16395b8a4945e0dbbcd5c8a7e26ebf0a4011669531a688263f938a9004af39
v2PLs-6e31b8153385229e,cooperbench,dottxt_ai_outlines_task-1655-f1-f3@solo,v2/PLs,v2,PLs,1,6b5a6a315711ef42700d67015e9fe7d0054a936f9aed10e90bb324aed2c13dfd
v2MSm-0f94c3059b3c9e42,cooperbench,dottxt_ai_outlines_task-1655-f1-f3@solo,v2/MSm,v2,MSm,1,30a4e70a084b94e18154b4d9bda0a56ceb218108e38fc94cc35831b38541a90a
v2MSc-b671835be9c56c8d,cooperbench,dottxt_ai_outlines_task-1655-f1-f3@solo,v2/MSc,v2,MSc,1,7a0bfcbffdb95394d19753b41ca5bb261cb52fd44bc15ec8ddb3d024ea5facd4
v2PLp-028161607548b9b5,cooperbench,dottxt_ai_outlines_task-1655-f1-f6@coop,v2/PLp,v2,PLp,1,fd3f9c95627be7219564987229a78c3061611aab139204453df55bd6d6af57fc
v2PLe-c84e49b48d18f68e,cooperbench,dottxt_ai_outlines_task-1655-f1-f6@coop,v2/PLe,v2,PLe,1,26ecde9d6c41ca4cc9a6d744596a9fa2964bbd9249266c2f636701aab79214c6
v2PLs-67cb1ae0bb0231b0,cooperbench,dottxt_ai_outlines_task-1655-f1-f6@coop,v2/PLs,v2,PLs,1,b40e226d52fc149c0ab579642c78ee885e08bebae36f5753d5f68e8217f80565
v2MSm-3a599aed675f016d,cooperbench,dottxt_ai_outlines_task-1655-f1-f6@coop,v2/MSm,v2,MSm,1,adf985944ec33017f571b8481adb67235f1eedece6529202365b1eb89db8e268
v2MSc-4dde8545dca16406,cooperbench,dottxt_ai_outlines_task-1655-f1-f6@coop,v2/MSc,v2,MSc,1,2ce0de877789af1cd2f9c3a4973f3c2c8375ebaadb51fb10caefde62f7da06f8
v2PLp-890a60fee62faa7a,cooperbench,dottxt_ai_outlines_task-1655-f1-f6@solo,v2/PLp,v2,PLp,1,e066ed6467d858011b4f7dd9203f6f3a156ddbc9ae8e2fb4f835e45d0be5688e
v2PLe-f3c44d701b31a00b,cooperbench,dottxt_ai_outlines_task-1655-f1-f6@solo,v2/PLe,v2,PLe,1,cdd72d3985a4c556d52214f24d4b776517a2f6c10e9f035d4ed37fe254d475ce
v2PLs-2b94e555168456a0,cooperbench,dottxt_ai_outlines_task-1655-f1-f6@solo,v2/PLs,v2,PLs,1,c403aa98dfb5e635e649d3cf0c4cdb0a4b3352f2fdf67bd317e9a0cb3ddd5dc1
v2MSm-fbff61ce14d33801,cooperbench,dottxt_ai_outlines_task-1655-f1-f6@solo,v2/MSm,v2,MSm,1,08ea69b86ef0a1bb70c5892f9f6ac2274df7595cc1497fcd13bc6ddda0d67710
v2MSc-01900318d20c4f17,cooperbench,dottxt_ai_outlines_task-1655-f1-f6@solo,v2/MSc,v2,MSc,1,7b38efb3afb098a0f73ea3a1a301b1b2dd862f4057bca4a07a32241030539820
v2PLp-1399f397f33ef2ac,cooperbench,dottxt_ai_outlines_task-1655-f1-f7@coop,v2/PLp,v2,PLp,1,d5b60528fe22f695c33ac7ef7b09b0ee8f0c71ecc618106c6a5f41850e970695
v2PLe-8ee797704dd3c95c,cooperbench,dottxt_ai_outlines_task-1655-f1-f7@coop,v2/PLe,v2,PLe,1,abea6842e1889490746af9ebba12efd9acb84044c33b8cb7a538fca7ce78e179
v2PLs-b28e8d88b85217a8,cooperbench,dottxt_ai_outlines_task-1655-f1-f7@coop,v2/PLs,v2,PLs,1,f1c889d3e19a7a94ea2ab2371ebac8332c40d2c8b94c3f3dba66bb9f1dedbf48
v2MSm-1269db4e3538d1bc,cooperbench,dottxt_ai_outlines_task-1655-f1-f7@coop,v2/MSm,v2,MSm,1,3001ad35062754bf903f296768c6da6ae616969be7a12e39a6de686c340d1eb0
v2MSc-3e66b2095336cdbc,cooperbench,dottxt_ai_outlines_task-1655-f1-f7@coop,v2/MSc,v2,MSc,1,45e404c28e71a26be793ea7c08389a2cbd3883171d6e749161e28f8442336027
v2PLp-d95fabbfe517f538,cooperbench,dottxt_ai_outlines_task-1655-f1-f7@solo,v2/PLp,v2,PLp,1,aa32cec997c514779463cf7a2a58da178a1ecd58525e41e49a6c7a2a0baeb996
v2PLe-eb2961fbaac87a79,cooperbench,dottxt_ai_outlines_task-1655-f1-f7@solo,v2/PLe,v2,PLe,1,b80c7676b284184a618f80445ad037b687cbf1277afc323d03a262febeb55c45
v2PLs-b40ab5e04178e292,cooperbench,dottxt_ai_outlines_task-1655-f1-f7@solo,v2/PLs,v2,PLs,1,1e285b97a6fbbb03499e5784ffb37a3bb88a32f60be553923828fa4ec65163f9
v2MSm-c755f9a5ff585092,cooperbench,dottxt_ai_outlines_task-1655-f1-f7@solo,v2/MSm,v2,MSm,1,9e07cb4dc631ce811b2dccc524b64a68eebcd07a732a7a56908d8df79063952c
v2MSc-2e689aca8da22b01,cooperbench,dottxt_ai_outlines_task-1655-f1-f7@solo,v2/MSc,v2,MSc,1,0f501e45a0169b76ed2c4164ccb378027b77ddd7f29b715e32fe3cf68fcbb99a
v2PLp-ebda2f7d5321e275,cooperbench,dottxt_ai_outlines_task-1655-f1-f9@coop,v2/PLp,v2,PLp,1,9baaef690f4b45e6485c88852d979c6d786bae01e176c776e0e6cf9a203d2cdb
v2PLe-09d3036e8aaef523,cooperbench,dottxt_ai_outlines_task-1655-f1-f9@coop,v2/PLe,v2,PLe,1,51a717740891b39d9839bcee02323eb6054b63b5074953e6661dd627c6042680
v2PLs-e034c089798bbdb3,cooperbench,dottxt_ai_outlines_task-1655-f1-f9@coop,v2/PLs,v2,PLs,1,aaa4b5fe57614f79d8d39d3b6deec4fae4bcd1c46c67bb7ee43aa35bd14b9b57
v2MSm-876e21741c9532f9,cooperbench,dottxt_ai_outlines_task-1655-f1-f9@coop,v2/MSm,v2,MSm,1,d2f04b66d23f86752159e0cf63d19b75a1d51333b0aca9af642567f96f57bf3e
v2MSc-30525e97eded006f,cooperbench,dottxt_ai_outlines_task-1655-f1-f9@coop,v2/MSc,v2,MSc,1,592b73092e7a20d4422221cd70b2e03a561bbe5a766322078e435f9750818ab4
v2PLp-0688a28d58fbabd5,cooperbench,dottxt_ai_outlines_task-1655-f1-f9@solo,v2/PLp,v2,PLp,1,b3f88f9c391f55c0f7f81af099fb539c4d2ecb179a84dfcd6bac1e2d5f92c24d
v2PLe-69de1e4ea89716d1,cooperbench,dottxt_ai_outlines_task-1655-f1-f9@solo,v2/PLe,v2,PLe,1,e23736ef34c5380bfe73425a382dcc62256cbb4043a395514418f5de5873bdb8
v2PLs-0a0cd22fb6a9edeb,cooperbench,dottxt_ai_outlines_task-1655-f1-f9@solo,v2/PLs,v2,PLs,1,1450f787a1c9d6115640563a08547ec143cdf8504f74138c45de42b1ba9d163b
v2MSm-7c5ec20dfd27abdc,cooperbench,dottxt_ai_outlines_task-1655-f1-f9@solo,v2/MSm,v2,MSm,1,d46a336ff0a8cc6955b6704be727c806b4aa28a641e0dedb5e1ee5f49441a160
v2MSc-51971108b63ef762,cooperbench,dottxt_ai_outlines_task-1655-f1-f9@solo,v2/MSc,v2,MSc,1,789f986f8ecca3008a6d0d59087fceb87a4713cb37aca15bc6c68d4117630ea3
v2PLp-8645c4ad3b9151e0,cooperbench,dottxt_ai_outlines_task-1655-f2-f5@coop,v2/PLp,v2,PLp,1,a4c9608a5ea874df69da7fc67837c62be7e3d91cac2fabca23a219306f86649b
v2PLe-ed51f585c8b901e2,cooperbench,dottxt_ai_outlines_task-1655-f2-f5@coop,v2/PLe,v2,PLe,1,f70ae57fcde038cee7dee9c8724bd11bd59c86c976d084781d44725deda340eb
v2PLs-494ed0e7af415748,cooperbench,dottxt_ai_outlines_task-1655-f2-f5@coop,v2/PLs,v2,PLs,1,d893e9ba65065017815119b60ba890b157da29990d106ff4e25c7a8f29e83682
v2MSm-6378595f1c7694da,cooperbench,dottxt_ai_outlines_task-1655-f2-f5@coop,v2/MSm,v2,MSm,1,d32b1c3cad5aacabe47847efdbab06eb493004f4f58f2185abda9aa4dd67e8da
v2MSc-5e70b351fcfaedf3,cooperbench,dottxt_ai_outlines_task-1655-f2-f5@coop,v2/MSc,v2,MSc,1,faafa39ce3653fba0366530adee631cacdd104b5b6359a41d941110fca64378c
v2PLp-1aa7ef5e7b01ce7d,cooperbench,dottxt_ai_outlines_task-1655-f2-f5@solo,v2/PLp,v2,PLp,1,f0216ca2fa4cce56d18bb3b7da4c78dfdcae4093a29d447137c2089a1d5a0f63
v2PLe-38346f845b16e784,cooperbench,dottxt_ai_outlines_task-1655-f2-f5@solo,v2/PLe,v2,PLe,1,f7537e94307779f7a611e5eb06c5af3c390335729d058b8feb5aea8161132107
v2PLs-38b3477ade8260de,cooperbench,dottxt_ai_outlines_task-1655-f2-f5@solo,v2/PLs,v2,PLs,1,ad38951ca8ce84f657af3dc8d24667840123183454ac0a09c636bc5447ed86b7
v2MSm-fdca29c9005eb7cb,cooperbench,dottxt_ai_outlines_task-1655-f2-f5@solo,v2/MSm,v2,MSm,1,d30a3042fe0eb03fa4cab900026f374165992c98690e6c99e845c58f64d20520
v2MSc-6a3c8d3afedc31c1,cooperbench,dottxt_ai_outlines_task-1655-f2-f5@solo,v2/MSc,v2,MSc,1,017dc22006d92b389b250bf541d5c3f4c46fc2c46e7e5bef52650ec7f4ece79b
v2PLp-8ba4df14f4ef0deb,cooperbench,dottxt_ai_outlines_task-1655-f3-f4@coop,v2/PLp,v2,PLp,1,5016790e4132cb51062e2cc4345a326fcace11ac7884eeb2f01df0602259e997
v2PLe-e2ea4cf9be5a14c0,cooperbench,dottxt_ai_outlines_task-1655-f3-f4@coop,v2/PLe,v2,PLe,1,fd3e83bbb51a673db8cdbe916ede59e9ca95839e01c9f6fd6879f8264b4e22bc
v2PLs-4dc57ef1f05cf580,cooperbench,dottxt_ai_outlines_task-1655-f3-f4@coop,v2/PLs,v2,PLs,1,c14863d35e3d905cfcca22232696b9dd802cd70bbf49fef83b46de928ee5e614
v2MSm-9cfbcc736982a0f2,cooperbench,dottxt_ai_outlines_task-1655-f3-f4@coop,v2/MSm,v2,MSm,1,70177257cf3731fa426d20735a083ec44ffd38ed9d3756e0aecc9b589e53b26f
v2MSc-491005471c261e7b,cooperbench,dottxt_ai_outlines_task-1655-f3-f4@coop,v2/MSc,v2,MSc,1,207cd4d2053c4c6e8abf5bf92144eb10e0bbfb8c0814d28b639da9c8c9f20001
v2PLp-4c7b2dfa1e927370,cooperbench,dottxt_ai_outlines_task-1655-f3-f4@solo,v2/PLp,v2,PLp,1,4cca459bf05e612ca677be927d6b9341c05df417f013403c6e7020bd45d67984
v2PLe-a395879de0829d3b,cooperbench,dottxt_ai_outlines_task-1655-f3-f4@solo,v2/PLe,v2,PLe,1,127510494dff37eec721e4afb9ebba2c721514404721b737e72dbaf94043c82f
v2PLs-c1a635aa716f8b73,cooperbench,dottxt_ai_outlines_task-1655-f3-f4@solo,v2/PLs,v2,PLs,1,1c12a11e742df34951a2af2f6592d007393172fb01406505a45669256a8ad1f7
v2MSm-a2abc93a07bf2dbb,cooperbench,dottxt_ai_outlines_task-1655-f3-f4@solo,v2/MSm,v2,MSm,1,826f7b02b56da1ea77e5aef1b142a9a38fc7fdde91e1702210c83c1de2326f7c
v2MSc-94f49df44632a60b,cooperbench,dottxt_ai_outlines_task-1655-f3-f4@solo,v2/MSc,v2,MSc,1,1e66dc9dd31a7a7e4972a23e657550784c7e88c12f8303c7e7d2c9843806975e
v2PLp-f87a27bf42318367,cooperbench,dottxt_ai_outlines_task-1655-f3-f7@coop,v2/PLp,v2,PLp,1,0a0d314a21dad861d4058892831aab0de3667c4711af41d2fdee06625d0fe8f0
v2PLe-a0d3721404ec7288,cooperbench,dottxt_ai_outlines_task-1655-f3-f7@coop,v2/PLe,v2,PLe,1,71b2637afb7b13ffc066db13202a7a2f646b97da5eccd8b24ec988a394ad10e4
v2PLs-70bf58c92d75f3dc,cooperbench,dottxt_ai_outlines_task-1655-f3-f7@coop,v2/PLs,v2,PLs,1,a52b4dfc10dd0e701cf6f3e80b1969189b381cefe0fc573cbaf8c17dbe14a86b
v2MSm-af757b72501ba937,cooperbench,dottxt_ai_outlines_task-1655-f3-f7@coop,v2/MSm,v2,MSm,1,457b70eb1ac4c0c15b0162a1cbcd2829c079626936ee46fd5d8c4b83280c00d8
v2MSc-468aaf5d591b4067,cooperbench,dottxt_ai_outlines_task-1655-f3-f7@coop,v2/MSc,v2,MSc,1,f0e44d6b346cca50b3892b1b5cdfe8e344dd31b5b2da1cd312fb74fa719f52a8
v2PLp-735781607428680c,cooperbench,dottxt_ai_outlines_task-1655-f3-f7@solo,v2/PLp,v2,PLp,1,6ab566f1257a2a6b9938966b64d59ea5344343e8747705cc7c53aeb20539cea2
v2PLe-003a3921c6a7d0a8,cooperbench,dottxt_ai_outlines_task-1655-f3-f7@solo,v2/PLe,v2,PLe,1,02d2c7876d66ceefbfbc974738ea657aecf867271e9ebb53d4d774dab369b6af
v2PLs-3bf91a670c86e8f9,cooperbench,dottxt_ai_outlines_task-1655-f3-f7@solo,v2/PLs,v2,PLs,1,825eba8642942e703d695c29c9b8dd1d1509ef1e794b7a04d833bc04cb6d4ee6
v2MSm-3c87c802cbe5844e,cooperbench,dottxt_ai_outlines_task-1655-f3-f7@solo,v2/MSm,v2,MSm,1,5d717b3b5f69e4f26d8ee5bdbb1e825abe3e0204d6577b087e4b7bfc890d5bc4
v2MSc-9b9ccbadca0950ad,cooperbench,dottxt_ai_outlines_task-1655-f3-f7@solo,v2/MSc,v2,MSc,1,418e98e1106da9b3d594c603f7c8ed4f463fbc26188917a1a9af6204643b63d6
v2PLp-d689f11662111879,cooperbench,dottxt_ai_outlines_task-1655-f3-f9@coop,v2/PLp,v2,PLp,1,be3021ed983dd030ff86c75151df83c35b822190f63df18b8e7f8c672897d7da
v2PLe-5a75db52c6ec8019,cooperbench,dottxt_ai_outlines_task-1655-f3-f9@coop,v2/PLe,v2,PLe,1,fc1e8f75e1eb69b7fe06ebf8a9e206c61f013b5766ccf69526edd95c20bca05e
v2PLs-42672d104a2d9bdc,cooperbench,dottxt_ai_outlines_task-1655-f3-f9@coop,v2/PLs,v2,PLs,1,cec9836914ac576a8383f959aa88a0ad9425c690f5966cec4d03d68a6780a240
v2MSm-275fa74cf54f0462,cooperbench,dottxt_ai_outlines_task-1655-f3-f9@coop,v2/MSm,v2,MSm,1,26244f8a2ae24688a74f84079ef3ddc9cdf87859a864d5217a5dbc7694c97e08
v2MSc-53f767b538d97e99,cooperbench,dottxt_ai_outlines_task-1655-f3-f9@coop,v2/MSc,v2,MSc,1,1553e392c044071ee81103cdf1fc87e5e12da8959ccb958443c1df4f0b9ddb9f
v2PLp-918a3793539aa372,cooperbench,dottxt_ai_outlines_task-1655-f3-f9@solo,v2/PLp,v2,PLp,1,d7ddb73f037daa088058af75270b17ee3192d62fed0a4926d9741b1f617c4a1e
v2PLe-8952106371171e7c,cooperbench,dottxt_ai_outlines_task-1655-f3-f9@solo,v2/PLe,v2,PLe,1,4196d287bb0dec5651ba4f57c879d4597bc772102a63a0fed467831ea76a14a8
v2PLs-3c1318bd751ac00a,cooperbench,dottxt_ai_outlines_task-1655-f3-f9@solo,v2/PLs,v2,PLs,1,6c523e3ed6da070b6a9b4fe7f2e2e95330e0fbd6562f55294271891996bceae4
v2MSm-c3234b84c25783e7,cooperbench,dottxt_ai_outlines_task-1655-f3-f9@solo,v2/MSm,v2,MSm,1,4cd6b2945ff3eaccc230e293d5e75e13bce98666a7c4a5f5b186798932eb8dfc
v2MSc-dba741b283682c95,cooperbench,dottxt_ai_outlines_task-1655-f3-f9@solo,v2/MSc,v2,MSc,1,b487cfac2a60c06fe079a3fc5aa40b4ea54a6883ab30ffed2caf7b16cec5f206
v2PLp-6ec86b86fb5f96db,cooperbench,dottxt_ai_outlines_task-1655-f4-f9@coop,v2/PLp,v2,PLp,1,17abebac0ab58a73113be32c511893b6cb4fecf414e171427e571816f678371f
v2PLe-efe53a766e2d2e5c,cooperbench,dottxt_ai_outlines_task-1655-f4-f9@coop,v2/PLe,v2,PLe,1,4453db4d2a27253a505137383f0d8c1511d72fb4df9530e8b09f6b9f8ca2bc23
v2PLs-f1aabc61a2bcd661,cooperbench,dottxt_ai_outlines_task-1655-f4-f9@coop,v2/PLs,v2,PLs,1,8ec78868571cdae2963e89a6b8a5f24f652bfef2b5dc3d460ad544c7cb453e95
v2MSm-470ba676fcd97ea6,cooperbench,dottxt_ai_outlines_task-1655-f4-f9@coop,v2/MSm,v2,MSm,1,40ffc6fad205179bdd71a2e4dfdf991a48a3e8ab5e0d6efa1ef259e0069083f4
v2MSc-0078b25fa647cc1c,cooperbench,dottxt_ai_outlines_task-1655-f4-f9@coop,v2/MSc,v2,MSc,1,b3d520d50ff27a09d6bd3a660f098e5d6786e35c1fb7f149f0eb770bfba4f8dc
v2PLp-69a65a9bd9abe8d5,cooperbench,dottxt_ai_outlines_task-1655-f4-f9@solo,v2/PLp,v2,PLp,1,c651838c99a65b291d93460c751a92c00a7882a435776eae3a752865c821ecfe
v2PLe-01e5ef721c38c894,cooperbench,dottxt_ai_outlines_task-1655-f4-f9@solo,v2/PLe,v2,PLe,1,9a8f24f4be256bc87cc25246636600f30ac030aa70c81e1a00442be55bc52886
v2PLs-916b643a7f1d5c66,cooperbench,dottxt_ai_outlines_task-1655-f4-f9@solo,v2/PLs,v2,PLs,1,b35995cdb414e6c489af208dc84a1638de43eed5b8a84c35130d1589aeb3efd9
v2MSm-f473728418ea3aed,cooperbench,dottxt_ai_outlines_task-1655-f4-f9@solo,v2/MSm,v2,MSm,1,ba1f6916c439e291df277d151cb63ca32dfa094fee3c32647cace7c9d2fdbfab
v2MSc-79838df20048b200,cooperbench,dottxt_ai_outlines_task-1655-f4-f9@solo,v2/MSc,v2,MSc,1,4dd927cfe56624fc5cb5d8f886214476b7ad2a3a2549cc8952fe9e36c330c28f
v2PLp-5263600955b66952,cooperbench,dottxt_ai_outlines_task-1706-f1-f4@coop,v2/PLp,v2,PLp,1,19d19f7d5a2986640424dca3b1b4bbc4c8fc3a77d6875843ca955700c2d91199
v2PLe-c4410e654542a184,cooperbench,dottxt_ai_outlines_task-1706-f1-f4@coop,v2/PLe,v2,PLe,1,0c9ba9855ca914e770ce45d353ea518dddeadcdba7612dcfde46d9ddfe1217f6
v2PLs-6efe1cd6e681b407,cooperbench,dottxt_ai_outlines_task-1706-f1-f4@coop,v2/PLs,v2,PLs,1,19671215cf31b431fe5f9cc66760f7ecdcfc80ab7fd37a44c79e15b3affccdfe
v2MSm-33fb54804266e64d,cooperbench,dottxt_ai_outlines_task-1706-f1-f4@coop,v2/MSm,v2,MSm,1,ec67d5affd79be756285fcc1df03a6e82d91879c38772021ce74d0706877f5ec
v2MSc-e72705423ee941f9,cooperbench,dottxt_ai_outlines_task-1706-f1-f4@coop,v2/MSc,v2,MSc,1,24bd549d1f9b8f56e22f693232617355d985fbd7ff17f409705d90d758b8584c
v2PLp-842c8532f702f5d4,cooperbench,dottxt_ai_outlines_task-1706-f1-f4@solo,v2/PLp,v2,PLp,1,3c2cdf329364b0ecfa3b1152bb5d03d222203a3523c1eb2094c55fc45233e113
v2PLe-8eb166002246bd10,cooperbench,dottxt_ai_outlines_task-1706-f1-f4@solo,v2/PLe,v2,PLe,1,1e02cc86e773bb32d7146f63e80bc29c6dc32300965b35447f5e2206f4598466
v2PLs-65069a89800fba41,cooperbench,dottxt_ai_outlines_task-1706-f1-f4@solo,v2/PLs,v2,PLs,1,414ca49c9137b61892a946f688146bbe8e2e4a8886eec8b67126329848799d83
v2MSm-a78efb0d41c6574c,cooperbench,dottxt_ai_outlines_task-1706-f1-f4@solo,v2/MSm,v2,MSm,1,8790247ef21df10b99e9aabd87792bc965f214b90f774acc08474a2e439d0ee8
v2MSc-22abb09d60c24ff2,cooperbench,dottxt_ai_outlines_task-1706-f1-f4@solo,v2/MSc,v2,MSc,1,b840ef85e961bf4ad7e0e249f64b9dd3b60d745ddaac7c9f4d4e500bb4cf3814
v2PLp-28b6d4723ed25bf6,cooperbench,dottxt_ai_outlines_task-1706-f1-f6@coop,v2/PLp,v2,PLp,1,4d8bb1764b8c0b83f6925f3bcf5a095adefb4e0c69c492016e8784d6c3208dc7
v2PLe-0f4d57a379f2e91e,cooperbench,dottxt_ai_outlines_task-1706-f1-f6@coop,v2/PLe,v2,PLe,1,e031e8a90d03ebbc05be20f3aea67dd37165201362839e3e390f6393c8d9ce67
v2PLs-c8cda94be5b60d82,cooperbench,dottxt_ai_outlines_task-1706-f1-f6@coop,v2/PLs,v2,PLs,1,9546ca7a75b9bc3ad0785be92e3a7e0d88e06ea07eac23f9e70fa37ac6208fc5
v2MSm-803c92cd6fcea4f3,cooperbench,dottxt_ai_outlines_task-1706-f1-f6@coop,v2/MSm,v2,MSm,1,6c9f1ac541e27b766a4d6bdbff7d14b2ed8996bb86e21088dd9e54c0dee8fd6c
v2MSc-da6748a425a7a279,cooperbench,dottxt_ai_outlines_task-1706-f1-f6@coop,v2/MSc,v2,MSc,1,5b816a6574341cb35af808c2f6f212bbb2d7c9bb92ecc5a1f574f50c164042b5
v2PLp-7838a4694735e873,cooperbench,dottxt_ai_outlines_task-1706-f1-f6@solo,v2/PLp,v2,PLp,1,57b550fca92c2079aa45185103a8bc73e0f22d45abac92f6b39206b8d72f7fd4
v2PLe-17a096dae699c8fc,cooperbench,dottxt_ai_outlines_task-1706-f1-f6@solo,v2/PLe,v2,PLe,1,e46adf6cc196e70f0e6054d732a2d351d1e6a3ef4a6528ce28c5b5b8ae6e3bb6
v2PLs-b7c249fc33c864dc,cooperbench,dottxt_ai_outlines_task-1706-f1-f6@solo,v2/PLs,v2,PLs,1,79738669dc7fefc0507d5b0d6d793daf3f31d3be6dd5c169580efe2d8cf79d20
v2MSm-097246a58a2031fd,cooperbench,dottxt_ai_outlines_task-1706-f1-f6@solo,v2/MSm,v2,MSm,1,c9ddbba849f70abcec4798076ad29b4d28a4b1f8872380ce6bfb49467f14f00f
v2MSc-4344fc8d19e05a66,cooperbench,dottxt_ai_outlines_task-1706-f1-f6@solo,v2/MSc,v2,MSc,1,f4138ebee234a2e68ad814f956f4f96c93c49d0a8b7139214650937e19fbdd0b
v2PLp-a795afbff3b4eabd,cooperbench,dottxt_ai_outlines_task-1706-f2-f4@coop,v2/PLp,v2,PLp,1,d88c0cd5b2592392e0bfca51920dcabb97df1439842384affe675dedd6579693
v2PLe-8863edbc65a094aa,cooperbench,dottxt_ai_outlines_task-1706-f2-f4@coop,v2/PLe,v2,PLe,1,c200fd69b6fc33cb867fd80e2a5e7b975f0a257d842e3733377997ed3ce775d2
v2PLs-ff44c51527a1e8b0,cooperbench,dottxt_ai_outlines_task-1706-f2-f4@coop,v2/PLs,v2,PLs,1,96f05bb7e0457bfb6906386339d6baf4616e80359898eb802eb3f3f355f98301
v2MSm-693741d81f6056a3,cooperbench,dottxt_ai_outlines_task-1706-f2-f4@coop,v2/MSm,v2,MSm,1,fae5253821d688c85239adb66603ce7c3594650b61e5e868118d0cd7db5b5ac2
v2MSc-4022b03d636080bc,cooperbench,dottxt_ai_outlines_task-1706-f2-f4@coop,v2/MSc,v2,MSc,1,f3581cfc0229b544a3b0f511a09d33dd93779f8406b4853081dbac3043e422fa
v2PLp-26a88943f63d8be1,cooperbench,dottxt_ai_outlines_task-1706-f2-f4@solo,v2/PLp,v2,PLp,1,89e9c9d398ea15f9c146c1199c4d867be6eeff53f7d27e19777ec224252fd055
v2PLe-f524c71059bda279,cooperbench,dottxt_ai_outlines_task-1706-f2-f4@solo,v2/PLe,v2,PLe,1,b806c7d992f040c1f10a2369e721c972a185427cc1ff77fdb1d1d5f0577d8c44
v2PLs-550b35d3eacbfa96,cooperbench,dottxt_ai_outlines_task-1706-f2-f4@solo,v2/PLs,v2,PLs,1,1a9dbc660144b0c9c1fd506bbb087e916c0fbcced8ad88f140047483030c979a
v2MSm-743f66466281f0f8,cooperbench,dottxt_ai_outlines_task-1706-f2-f4@solo,v2/MSm,v2,MSm,1,4d11e5b84fc8a18e3395497e89231788be40d739deb370ebe3d057ffe747aee5
v2MSc-4293e9555a7a2561,cooperbench,dottxt_ai_outlines_task-1706-f2-f4@solo,v2/MSc,v2,MSc,1,92451c435de0ed9e64a9cafa4fa4a3d4c1017636077df3d0911d0df0a5eea64d
v2PLp-c58c5997ed5f89da,cooperbench,dottxt_ai_outlines_task-1706-f2-f5@coop,v2/PLp,v2,PLp,1,4693f72d25c1d1a98a6920ad2240c8d874a12a2bb7d7cc598d3377db04f31f1a
v2PLe-6f2e36b0540c85e8,cooperbench,dottxt_ai_outlines_task-1706-f2-f5@coop,v2/PLe,v2,PLe,1,fc0146f264cc9f62acf7c218cfc9d41268c3a8fecf32cd6e83b45b44a92961ed
v2PLs-8a08bed753ec35bf,cooperbench,dottxt_ai_outlines_task-1706-f2-f5@coop,v2/PLs,v2,PLs,1,cc0b30d7ab7f9e1c7245c51cc370c2c71c76ca5a68464c2bd3c8cb947a35b758
v2MSm-da3387ee6fb3af92,cooperbench,dottxt_ai_outlines_task-1706-f2-f5@coop,v2/MSm,v2,MSm,1,7e188cf69f56d8967ce31a9450d91ffc7e2860504dc7d5e76c0e52b66004ee3a
v2MSc-3708bc9fbe0b3bd6,cooperbench,dottxt_ai_outlines_task-1706-f2-f5@coop,v2/MSc,v2,MSc,1,9baa0e2ae5b32ab999ca5084117654b20dda211be1526d870e4f181b3f984cae
v2PLp-73cf474c9d44559e,cooperbench,dottxt_ai_outlines_task-1706-f2-f5@solo,v2/PLp,v2,PLp,1,eea3eb4bdd58fb1e84cc1499de71392562b08d6ac0f8477fe4633bfb9e11d16a
v2PLe-ff67509f331a7f2e,cooperbench,dottxt_ai_outlines_task-1706-f2-f5@solo,v2/PLe,v2,PLe,1,d4db3529619035a6bff27b45f8379a1bbf9050169141455253f9ec4fac56852a
v2PLs-bca73f35b7960cfa,cooperbench,dottxt_ai_outlines_task-1706-f2-f5@solo,v2/PLs,v2,PLs,1,e7785529298ddb190699b4294925e648a704aa1398fbc173b5bf7f3f1b47181b
v2MSm-21deae3595ee6eba,cooperbench,dottxt_ai_outlines_task-1706-f2-f5@solo,v2/MSm,v2,MSm,1,ca5c35664641237b95df634538126e507f5f4b7d9e08caac584759425f6e8522
v2MSc-ff5aac736ecd608d,cooperbench,dottxt_ai_outlines_task-1706-f2-f5@solo,v2/MSc,v2,MSc,1,5ecb159d460b039182c2a797af995da930dd2cf38e90940d8eabfe7d08e2a64d
v2PLp-cdb0dbaa2f727aff,cooperbench,dottxt_ai_outlines_task-1706-f2-f8@coop,v2/PLp,v2,PLp,1,a165220408be20b3ea14b04d80566e59c87870c4ec1490787b593b9941e9dab9
v2PLe-e062e66dd61a0f98,cooperbench,dottxt_ai_outlines_task-1706-f2-f8@coop,v2/PLe,v2,PLe,1,5b85d286349854e313f141021a6001dc2e16d8ae95d5259863811b50d9e361e8
v2PLs-390328d08c3a8dda,cooperbench,dottxt_ai_outlines_task-1706-f2-f8@coop,v2/PLs,v2,PLs,1,509ecfd3401d229ea655b5518bb02ae015fd6e46c05e175ee8220636bff4bc2c
v2MSm-b271c967390d6f34,cooperbench,dottxt_ai_outlines_task-1706-f2-f8@coop,v2/MSm,v2,MSm,1,6d5045e0877079154ac980c7ac8e7c0b6df7bb2735e98d8794a2654ee31e24da
v2MSc-de7ef8896bddf976,cooperbench,dottxt_ai_outlines_task-1706-f2-f8@coop,v2/MSc,v2,MSc,1,58dd525def41fc0fef55b43d5d833374ea64a5b4e59ce1b18ae1426a06500462
v2PLp-1f8daec8c6296e84,cooperbench,dottxt_ai_outlines_task-1706-f2-f8@solo,v2/PLp,v2,PLp,1,8531cc35f50361967183c3ed9b9baaddcbf35650a026b096ab3840188742b7c9
v2PLe-76695101f4aeb16b,cooperbench,dottxt_ai_outlines_task-1706-f2-f8@solo,v2/PLe,v2,PLe,1,2162f9d886a690f498dfada41b9e6d1c603087e8053a5c6d05f6259b432a4654
v2PLs-791145ef86d73bc4,cooperbench,dottxt_ai_outlines_task-1706-f2-f8@solo,v2/PLs,v2,PLs,1,7f925665c9acc8b7829b1e9680c1d61dd0e597a983c2239482696957026becac
v2MSm-20c3f6291974ae90,cooperbench,dottxt_ai_outlines_task-1706-f2-f8@solo,v2/MSm,v2,MSm,1,4c30434f2c9861ab2158b71dca214bf6177c772a55dc9064a213b003346c00d5
v2MSc-80594975a10775f3,cooperbench,dottxt_ai_outlines_task-1706-f2-f8@solo,v2/MSc,v2,MSc,1,aea1993b211dc1d8c7a49bfee2e36ea2d0d5ddea0eb0d563c63fae8f8c62657f
v2PLp-76c7acd06d98494f,cooperbench,dottxt_ai_outlines_task-1706-f5-f7@coop,v2/PLp,v2,PLp,1,5fd029664793b65e82c4a85c8b02c5580286d820efde53e24a06dd29e375d219
v2PLe-6bca99bafcb79d20,cooperbench,dottxt_ai_outlines_task-1706-f5-f7@coop,v2/PLe,v2,PLe,1,2881868769079c85370dd23c5c10742175676c8b7ff141d7736c6e920da48810
v2PLs-c6c1ba7782c78d64,cooperbench,dottxt_ai_outlines_task-1706-f5-f7@coop,v2/PLs,v2,PLs,1,af608bfe8c74bc73306898b8492af6e850164a3727e9aa7f27b64d532c61b8c2
v2MSm-f2b8589ecdebda23,cooperbench,dottxt_ai_outlines_task-1706-f5-f7@coop,v2/MSm,v2,MSm,1,f973e6515b6a60731ac4a58ddf6bf5179423c1694e9164106ca87c3712adc956
v2MSc-4a6ee6b6a4634f09,cooperbench,dottxt_ai_outlines_task-1706-f5-f7@coop,v2/MSc,v2,MSc,1,0f1decb642429469109b143a4f6af3049cb288f6b7baa95835ed21ccad8ecb8a
v2PLp-0201066d8bc437e7,cooperbench,dottxt_ai_outlines_task-1706-f5-f7@solo,v2/PLp,v2,PLp,1,2844cc512b1c431637c4e4f8bb849c39d191ab8476269abf39161fd789d12dc8
v2PLe-a4be380686b2666c,cooperbench,dottxt_ai_outlines_task-1706-f5-f7@solo,v2/PLe,v2,PLe,1,92ce7ebb0ed5846ff929f6f6bde2c1f1aa654546c4cdad0ea68b82eee7fe1819
v2PLs-9466824a5370fdea,cooperbench,dottxt_ai_outlines_task-1706-f5-f7@solo,v2/PLs,v2,PLs,1,d38e46a6cc1f2ab90a2282abd93e4df75ff0d7c7244f9ce28b80ade6547ce46d
v2MSm-4378664306f3526c,cooperbench,dottxt_ai_outlines_task-1706-f5-f7@solo,v2/MSm,v2,MSm,1,f4c8976872f856c4782b84603d474503c62d0b147ed5935eb667ce515199edfa
v2MSc-8228848ef8a0ba59,cooperbench,dottxt_ai_outlines_task-1706-f5-f7@solo,v2/MSc,v2,MSc,1,d8f7d8c29df17baefda0be05abc48ce8ab376afb171e7928c53eb31e5cc5c95b
v2PLp-20dae91403991f29,cooperbench,dottxt_ai_outlines_task-1706-f7-f8@coop,v2/PLp,v2,PLp,1,88701fcccfe3733b31a06186739ec36d183c217ef32b9849bb9ff73e52a78d38
v2PLe-370b2af4fe0ad14e,cooperbench,dottxt_ai_outlines_task-1706-f7-f8@coop,v2/PLe,v2,PLe,1,a1713cff8312fbd31f3f98c98f3d216740e7ded1f5291db72163d9532b2a1cb1
v2PLs-3c8c3126ad06ac7e,cooperbench,dottxt_ai_outlines_task-1706-f7-f8@coop,v2/PLs,v2,PLs,1,71627bc32225d3c580df4d2da05b0386d8b2885589d97875a9666402aa22741f
v2MSm-d990d878e7d7ecac,cooperbench,dottxt_ai_outlines_task-1706-f7-f8@coop,v2/MSm,v2,MSm,1,a2ed2abb8688a39569d3c4ea6aa9b3eee91dad61fc055276bacc112a284d0420
v2MSc-f32e2fe81b6b8110,cooperbench,dottxt_ai_outlines_task-1706-f7-f8@coop,v2/MSc,v2,MSc,1,9b7ee75cb09a161d070ca6e4dd97896619de1dfb71a79089f7c83d78717d08c2
v2PLp-e9a87b0ad7270ecf,cooperbench,dottxt_ai_outlines_task-1706-f7-f8@solo,v2/PLp,v2,PLp,1,61bc0aa07ed06cddbb2e41e239e1265e5561cded4f49555742d752d542b9bd6d
v2PLe-f2731a92b9a7c562,cooperbench,dottxt_ai_outlines_task-1706-f7-f8@solo,v2/PLe,v2,PLe,1,de90150f42643fc8ea4afec7837478f33969e7523060590438fc5283cda6c072
v2PLs-897aa2128a29bc08,cooperbench,dottxt_ai_outlines_task-1706-f7-f8@solo,v2/PLs,v2,PLs,1,39c880d2e6c1463771671d34f474c4dafe8e9b22e463dccc3664e386922ec03a
v2MSm-6b12ce44709a413a,cooperbench,dottxt_ai_outlines_task-1706-f7-f8@solo,v2/MSm,v2,MSm,1,932ed1f108471068af29dc1ae5863d32f1d9fae45458716fcefb12f6d38783ab
v2MSc-e0c240543a61b841,cooperbench,dottxt_ai_outlines_task-1706-f7-f8@solo,v2/MSc,v2,MSc,1,908623de20b6273889a7e4cf20e72277673b3dd2afba3c75d2d7101707fdd466
v2PLp-6e682a683b704364,cooperbench,dspy_task-8394-f1-f5@coop,v2/PLp,v2,PLp,1,5029d6d4d321a8abd71576adcea57edfce2d8c18ff803994f71963fd8532edc9
v2PLe-3070b2d24528ab39,cooperbench,dspy_task-8394-f1-f5@coop,v2/PLe,v2,PLe,1,9a7cb959a426977fb320263597bedbebe1603e78a5e4bf988e3f275d68dc31ed
v2PLs-3027e5e593b61e31,cooperbench,dspy_task-8394-f1-f5@coop,v2/PLs,v2,PLs,1,f3a4e5ada8d7f9a0b844b4b19817b2243158330ab3ccd9f35c9a1bfa531a7ce3
v2MSm-3ae1cb7127a0cdf2,cooperbench,dspy_task-8394-f1-f5@coop,v2/MSm,v2,MSm,1,aae4c5e479d27b0fc31f01ef9206ab48fb74a8c2f28f85793f4757e336bdc2ad
v2MSc-eac819a56baa1db8,cooperbench,dspy_task-8394-f1-f5@coop,v2/MSc,v2,MSc,1,230bf612f398fb7fd172e9c5bcfe43a3d8b570f22eb4e3f0995915a8d7b463a3
v2PLp-6967993a15bf0805,cooperbench,dspy_task-8394-f1-f5@solo,v2/PLp,v2,PLp,1,9ae94d0bf1727054ad3eea814543eea9cdda50b373b28b646fb1aaf8d932f7eb
v2PLe-ddc3ef684cbbd892,cooperbench,dspy_task-8394-f1-f5@solo,v2/PLe,v2,PLe,1,0e208306b141676f32f82ea5d1efe90042c6d9c2921fcdfe180c8385e6a65850
v2PLs-a1182f384d32aa16,cooperbench,dspy_task-8394-f1-f5@solo,v2/PLs,v2,PLs,1,846f60aaa063cf058fb53fc68afae88f350f9e1d0fcd85b86d1074b34186917f
v2MSm-c740eb8d2f48e363,cooperbench,dspy_task-8394-f1-f5@solo,v2/MSm,v2,MSm,1,594613eb6f4eb602861fd91c32eff48b2980bca915cffb4014eb7d9f36b59dc5
v2MSc-ca5a87463ceba139,cooperbench,dspy_task-8394-f1-f5@solo,v2/MSc,v2,MSc,1,8d627babba66c8256505df646d2a48da7346e30f873f525e75138c4eb49e82c8
v2PLp-8023c604b1be8f23,cooperbench,dspy_task-8394-f2-f5@coop,v2/PLp,v2,PLp,1,7790b1a13a27a381dd569edcc756a850413bd4cc6e6fae1d3acecdc1e13990a2
v2PLe-c05709f526c65aa2,cooperbench,dspy_task-8394-f2-f5@coop,v2/PLe,v2,PLe,1,311bcb930599651a309350723ff221c01fc00431bf54ad337dd038b34b74caa8
v2PLs-df49483dbb2d6293,cooperbench,dspy_task-8394-f2-f5@coop,v2/PLs,v2,PLs,1,05c3af50015024904738997916bd3db38e0b11c4fe272b640380cbd4bbce1fd9
v2MSm-30d15012ce52c5b5,cooperbench,dspy_task-8394-f2-f5@coop,v2/MSm,v2,MSm,1,f56e70ddb2d9a93ffc30c48808eb5d0404e4c5e0b07b50669d11aa802067eac2
v2MSc-eab2417ce5f58fcb,cooperbench,dspy_task-8394-f2-f5@coop,v2/MSc,v2,MSc,1,93716cf803cc99ad73d70decaec991404eb954cd21ab4e6cd86e46f80dc5afbd
v2PLp-94e80dd08c4f369f,cooperbench,dspy_task-8394-f2-f5@solo,v2/PLp,v2,PLp,1,b49771b8f1155db9139a5262052994d2208303d3224a42ee472624c9b31a5167
v2PLe-2bb13a364e606151,cooperbench,dspy_task-8394-f2-f5@solo,v2/PLe,v2,PLe,1,eb2ea09a0f3f66379a30ce45f584fd6db97f0c6120b410cc793156225194f856
v2PLs-33a3d60d5ad9deed,cooperbench,dspy_task-8394-f2-f5@solo,v2/PLs,v2,PLs,1,daf0162abf8bd264df50cc7ac1c8439911635c6cbb083ce9d3d673e5fb6c7fb4
v2MSm-31a06b3f89131796,cooperbench,dspy_task-8394-f2-f5@solo,v2/MSm,v2,MSm,1,c1c6d3929c48da4fb35628bd0058f66a943ac064a2cb9588fc15056ce2c5fec8
v2MSc-7a1332a29e74b714,cooperbench,dspy_task-8394-f2-f5@solo,v2/MSc,v2,MSc,1,a30f0bb71da9a71c2a62984c91ac6d1bd3a526f8c79e47d692970b01a2af8252
v2PLp-9c96b43a966c068a,cooperbench,dspy_task-8394-f3-f4@coop,v2/PLp,v2,PLp,1,be54aa985a2c5469efbbf4484052bef7ef6a5dcd3666b60237e12fb27413566b
v2PLe-eac8bd1715e63305,cooperbench,dspy_task-8394-f3-f4@coop,v2/PLe,v2,PLe,1,ec9b6210348fa9d388951448e4115d19b777fc1c0ed83f9a98e2f1429fbe5dd1
v2PLs-86f926b3292868f9,cooperbench,dspy_task-8394-f3-f4@coop,v2/PLs,v2,PLs,1,bf8a953ee60c7c8045dfd81e08c44485d593561ab130ec4722bf9d74aee6fb2a
v2MSm-7be44d95a1c4f9b4,cooperbench,dspy_task-8394-f3-f4@coop,v2/MSm,v2,MSm,1,137e8b3e0b6455b3a50e16a2cb8ffae09e6086871d494bccff990e899de2dbaf
v2MSc-e3b9e9bedb784f73,cooperbench,dspy_task-8394-f3-f4@coop,v2/MSc,v2,MSc,1,1791e2b8b0525bc5204872db781d8348a6831fd8820917d001d31c0cf92daa9a
v2PLp-0c76dad858b9eccd,cooperbench,dspy_task-8394-f3-f4@solo,v2/PLp,v2,PLp,1,cd7e6585bf1072c779c26b662661aa96ca04d87fcf31dc9e5753de19a298d0a8
v2PLe-78355cdceffdf7d7,cooperbench,dspy_task-8394-f3-f4@solo,v2/PLe,v2,PLe,1,a032c25236e1d191576230a56d40a603c1a2de80d586af146e6b881a940651e6
v2PLs-cb5c6de72bd89cbe,cooperbench,dspy_task-8394-f3-f4@solo,v2/PLs,v2,PLs,1,eafc5f62062f3fbf74f9c320d8879f317fde6e3e1dd6f7d6f871832d335d54f6
v2MSm-7f2eabe3e495610d,cooperbench,dspy_task-8394-f3-f4@solo,v2/MSm,v2,MSm,1,43be49f2405915da2aa0143fb551e879a5c9ae9f8e372a9600baf6610a1bd936
v2MSc-a812d1efc1971df3,cooperbench,dspy_task-8394-f3-f4@solo,v2/MSc,v2,MSc,1,d1f5206d82cbaa5c1934d687f3f15aef45b148f778d1067197c97e61fa7721a2
v2PLp-5a1e619100028153,cooperbench,dspy_task-8394-f4-f5@coop,v2/PLp,v2,PLp,1,49cd6bfd5ece04a8f234cfdf8774a5fd6b21e11108b59174f124d5bfdbcbf6f8
v2PLe-a2ff9816af21f8bc,cooperbench,dspy_task-8394-f4-f5@coop,v2/PLe,v2,PLe,1,d8fc107bbb7b74bf10111f6084a3e0ddd60e852a73563341440bffa229327755
v2PLs-423d3f2a0ec76390,cooperbench,dspy_task-8394-f4-f5@coop,v2/PLs,v2,PLs,1,069aa9dc5375de1b232945591de4a7f277bf54926d4c042c00d8063769ee97df
v2MSm-1e9d8db9c04998ea,cooperbench,dspy_task-8394-f4-f5@coop,v2/MSm,v2,MSm,1,6c7aedb41d04e76035ed8011cd03340436c2b9fa4120ce6aabc62003174cd00a
v2MSc-bad9ab0458feceda,cooperbench,dspy_task-8394-f4-f5@coop,v2/MSc,v2,MSc,1,2a749de27e06e5671c62d4a77faf77813e6e0077823beab08939c4ee816ee298
v2PLp-a7a4bd45b356d326,cooperbench,dspy_task-8394-f4-f5@solo,v2/PLp,v2,PLp,1,3b852046bac2cda412f1dc8fb1a32ce89e747f2bc4f3f74d3f2cc6474c99e7da
v2PLe-18fc2e54253529dd,cooperbench,dspy_task-8394-f4-f5@solo,v2/PLe,v2,PLe,1,2470248dc15bc7b071bc18668c79c7e3fb516c8e5cd820aeecf943abb01e0d5e
v2PLs-d26f604ba3366d67,cooperbench,dspy_task-8394-f4-f5@solo,v2/PLs,v2,PLs,1,5b2496c735877ac6ab1f3e4de459cb4a228f1b60cbb52d5afde80fbb8125b227
v2MSm-f6364bd3f11e69fa,cooperbench,dspy_task-8394-f4-f5@solo,v2/MSm,v2,MSm,1,e3dd01283639066365649fbcc6011fe0e2d7cbd9d60505fd30bba4a482ef981f
v2MSc-a7bc8994439ce12f,cooperbench,dspy_task-8394-f4-f5@solo,v2/MSc,v2,MSc,1,146152f23844b2ad1db0df3c437ecce84e66893028e6c88e37822257dfd1bd40
v2PLp-a718021d775ed9ea,cooperbench,dspy_task-8563-f1-f2@coop,v2/PLp,v2,PLp,1,cafbf9bbf5a135766fdd7114a3cf4413b7c22d8c6a765741188eb26af2cdcea1
v2PLe-71508b588f791e13,cooperbench,dspy_task-8563-f1-f2@coop,v2/PLe,v2,PLe,1,18c1d607db6a6b3399f337937070b3dd14c4ee6cd482cd38a451f72048ebdde6
v2PLs-5f67630fa48b8ded,cooperbench,dspy_task-8563-f1-f2@coop,v2/PLs,v2,PLs,1,298e4a5eaf3abda6d800eb5fafe4315185041054af36087bf0f9ddcb3e88566a
v2MSm-9526cc9e275694dc,cooperbench,dspy_task-8563-f1-f2@coop,v2/MSm,v2,MSm,1,d24324f53453f9fa79de7e7ffefa288121578f744f11c904654d34c1157df219
v2MSc-b067e185ebeba48e,cooperbench,dspy_task-8563-f1-f2@coop,v2/MSc,v2,MSc,1,b38aa170093d3c2c13e41d57bf9179a0128fdc979d6fa1fb4177726a0cdab1e2
v2PLp-fa86d51a29ad6f36,cooperbench,dspy_task-8563-f1-f2@solo,v2/PLp,v2,PLp,1,30d6fe495a2a2988b14ed7a3b503151ec218f965b200314a563643a3a76b6d59
v2PLe-adc5e68e8c2fbdf7,cooperbench,dspy_task-8563-f1-f2@solo,v2/PLe,v2,PLe,1,1ad74d8490a306452a24c0ee4ca21ab1c402a9780b6f3546aae7e014de697e86
v2PLs-7b34bb5983ae510f,cooperbench,dspy_task-8563-f1-f2@solo,v2/PLs,v2,PLs,1,9f72998b1fee2a13cf841d4c82b46ad4e1023e999141d84162d0577f3edc832b
v2MSm-192d47707c843a01,cooperbench,dspy_task-8563-f1-f2@solo,v2/MSm,v2,MSm,1,ee3946d033c9f183f69f3387ed35a9b90757962ef229932fc377c2770714c6df
v2MSc-003063aa91022eb4,cooperbench,dspy_task-8563-f1-f2@solo,v2/MSc,v2,MSc,1,3abba7c8d27d90c819b865e34a1c9c76457ddd22a7606af66ff74fa2c1f97c1c
v2PLp-94df2ceff3df2700,cooperbench,dspy_task-8563-f1-f6@coop,v2/PLp,v2,PLp,1,bb7ce6645736455bd743991b6ad9866c5e2c2307fcd0cb7bf7e32efb0892b503
v2PLe-2c13841f5edb65cd,cooperbench,dspy_task-8563-f1-f6@coop,v2/PLe,v2,PLe,1,84b0ed6aad95822b8083bc43b8551bf11c7079af0d08d0f41475338993a2137f
v2PLs-1a8e762b5c985a53,cooperbench,dspy_task-8563-f1-f6@coop,v2/PLs,v2,PLs,1,6779f092d47a4ea2543e5ef91f58f26a56d5d54fbfb20f71f110c3fe39c0edcf
v2MSm-96a5aa575438aa3c,cooperbench,dspy_task-8563-f1-f6@coop,v2/MSm,v2,MSm,1,986c62178fc4ab49d95abf933dbd8fbbf3b6f1666cb6b4cd0e2602883f3d9f74
v2MSc-ffaa25aa56ce0366,cooperbench,dspy_task-8563-f1-f6@coop,v2/MSc,v2,MSc,1,0bbf0ff33cc26ae4de9dd7dad27c816b8060ff8527078dfc441165916388a87b
v2PLp-c64bb1b834953e49,cooperbench,dspy_task-8563-f1-f6@solo,v2/PLp,v2,PLp,1,f3f93b79a7bb9c3d0749fa2565416a54927133ecb16db8d28b62ec772b043b98
v2PLe-041d1d9a4037fcc7,cooperbench,dspy_task-8563-f1-f6@solo,v2/PLe,v2,PLe,1,3eac20937374bb417646fbc11104fced17b00820716cdebba62e1949a5029542
v2PLs-085b79f91bff1076,cooperbench,dspy_task-8563-f1-f6@solo,v2/PLs,v2,PLs,1,6722d6270d5577f88012d4ca78cfda0fec792c5748531d7364db2203f4ded037
v2MSm-8cee319441e7ffa4,cooperbench,dspy_task-8563-f1-f6@solo,v2/MSm,v2,MSm,1,ac319d9009c0952f361020217e943a21ab8d8e796314f118d3707a4c6922d378
v2MSc-cda1f5545eb86661,cooperbench,dspy_task-8563-f1-f6@solo,v2/MSc,v2,MSc,1,385be4ee7de5382987b75e8003574ab0a1e722a5556a5be3f830740ecece077b
v2PLp-d7916eb514eb463b,cooperbench,dspy_task-8563-f2-f3@coop,v2/PLp,v2,PLp,1,edc2479917e94953c6ab19727bcaeabd631c8f54156c92544444f2e639b1e789
v2PLe-79ce9bfc92924eb2,cooperbench,dspy_task-8563-f2-f3@coop,v2/PLe,v2,PLe,1,8e299eb8e4403acad58acba3e6b114c73ba889294be92ac9ac91393a1744c240
v2PLs-39c227c54bcc6b42,cooperbench,dspy_task-8563-f2-f3@coop,v2/PLs,v2,PLs,1,3bc1193d84bb1929268d2054521b644b770c12f67b2498466e23021b997e2bcb
v2MSm-c5549fc4f71afe31,cooperbench,dspy_task-8563-f2-f3@coop,v2/MSm,v2,MSm,1,18c569f143cc1a8a78710cb1379efd2bfb3024c683cb26acd3bd5f82f8e2878b
v2MSc-327880821e9d789c,cooperbench,dspy_task-8563-f2-f3@coop,v2/MSc,v2,MSc,1,57da68147004059be50c6295914d740a6dc9b93a6881b560f19ca7c14db88cfd
v2PLp-26436d9005319b91,cooperbench,dspy_task-8563-f2-f3@solo,v2/PLp,v2,PLp,1,ac4563ff39e0d29ad1ef258fdbe2d7658a74563e31f0af357b02ee13a1f1d1ff
v2PLe-e03c9e6c3b699a04,cooperbench,dspy_task-8563-f2-f3@solo,v2/PLe,v2,PLe,1,f467e6fa67ffd397997ef565fdf3bb914e826182277541ee30cbc033daa18cdf
v2PLs-db62b6bd72ffbd6e,cooperbench,dspy_task-8563-f2-f3@solo,v2/PLs,v2,PLs,1,848bafa5266d7b907b191d40c0f9c2f28766e8d28720fd1d36939e01ca0d36b7
v2MSm-8a357d006559b1cb,cooperbench,dspy_task-8563-f2-f3@solo,v2/MSm,v2,MSm,1,aa173b10717ce3aaf8b2031f41e889e759114d035e5ddf03084348fdb002dcc5
v2MSc-5cea82af9ba5f2c8,cooperbench,dspy_task-8563-f2-f3@solo,v2/MSc,v2,MSc,1,9cd1d342c34ac7c38170c6003432909a17c4620e0418e66d3ee80a7ccefbcfd7
v2PLp-3480fabb48cd207a,cooperbench,dspy_task-8563-f2-f5@coop,v2/PLp,v2,PLp,1,02c21dde77d2bde81a2ee9749984d8725f5ad4d21eabb9ef12829c8198cf920b
v2PLe-246ab8444ce54192,cooperbench,dspy_task-8563-f2-f5@coop,v2/PLe,v2,PLe,1,0acb6d3fce39ffc05a4beccd6858813d272e0d1fd363eabf3b7c331bbc78edb6
v2PLs-7e9664d2e488a206,cooperbench,dspy_task-8563-f2-f5@coop,v2/PLs,v2,PLs,1,4760e42ff208f76db66ad27807b3e048fcd3cb6fedd4c93bfb15b0ad11aec2b8
v2MSm-eca6eaf2b4280aa1,cooperbench,dspy_task-8563-f2-f5@coop,v2/MSm,v2,MSm,1,2e207f5bd77c1c12ee042a1e36d3cf9abe77e4fe537c524df3897bbf6fcb4fde
v2MSc-ca86edc0c62b0412,cooperbench,dspy_task-8563-f2-f5@coop,v2/MSc,v2,MSc,1,0293b37d99a8350e06328d7c9ab6c8336b1a7e2768a28650d41ed0aa5cd670e7
v2PLp-4fe3785c8058c6a7,cooperbench,dspy_task-8563-f2-f5@solo,v2/PLp,v2,PLp,1,fee6da2bdf9777ab647a0a1d011dd04ff83c6eb25d01bec948c1d384b07ae6af
v2PLe-a3c3a32a48ff730e,cooperbench,dspy_task-8563-f2-f5@solo,v2/PLe,v2,PLe,1,2fdd47f03431a22a550a230585a28f9f9c20d44a3cdbbe403d95d5614fbd4dea
v2PLs-e67691e8ea2366f2,cooperbench,dspy_task-8563-f2-f5@solo,v2/PLs,v2,PLs,1,f50c69eca8b70d15df67735fe3bddec0140ad37cecfd1e494a44fac4f4227f9d
v2MSm-8f39f016d930b6fb,cooperbench,dspy_task-8563-f2-f5@solo,v2/MSm,v2,MSm,1,0929c8fc57cb31b249815cbc1b14165adfe70a59d71bea018486201684cd9feb
v2MSc-8aad700966a8069f,cooperbench,dspy_task-8563-f2-f5@solo,v2/MSc,v2,MSc,1,b676cc77afc2fb7c49228d19c831fb4b48c8739ce05cf863651d844d86e49478
v2PLp-bfe13e5eff1f2951,cooperbench,dspy_task-8587-f1-f6@coop,v2/PLp,v2,PLp,1,ecc396dc82a9990ca6d4e583e0fb1f7ed36868301b7834b95596c368ca4e46d7
v2PLe-8d2bd06a2f7d1410,cooperbench,dspy_task-8587-f1-f6@coop,v2/PLe,v2,PLe,1,47268d4aeb9b1dc718b97556a24c138654bc525d4b363e16dafa3ea12cc069da
v2PLs-3fe0a0fb5b20a1cb,cooperbench,dspy_task-8587-f1-f6@coop,v2/PLs,v2,PLs,1,6ab330a1d7497d77b32fea22c29f295717292e9adb54aa62472c4b843a26c433
v2MSm-4a01bc20be2313bd,cooperbench,dspy_task-8587-f1-f6@coop,v2/MSm,v2,MSm,1,41fc61d3b4baddf1cc18c56f7e49394a7194bdef5c1654ad44d170c27084f6bf
v2MSc-d8e3f068358635a7,cooperbench,dspy_task-8587-f1-f6@coop,v2/MSc,v2,MSc,1,e777e5e02c24d479e0bd4d9a46b68447dfa20e9646d2e357ffb64d9879786c06
v2PLp-f626e4388f6c8fec,cooperbench,dspy_task-8587-f1-f6@solo,v2/PLp,v2,PLp,1,249e62dc5c18a5b6559ba650b0b570b4b7bf2e42ba8f81cb1f96ab9db62ebee4
v2PLe-215132644937e97b,cooperbench,dspy_task-8587-f1-f6@solo,v2/PLe,v2,PLe,1,162de9b879defe5c2c378035886ece2ad02a8a54d33c2777f7e823dc096ac8d1
v2PLs-0909abfc736cfe76,cooperbench,dspy_task-8587-f1-f6@solo,v2/PLs,v2,PLs,1,72b6fac097073480a1652d8d522a246203c18b14ece9fbcdc5992d60ef62b54a
v2MSm-120566e816609d8f,cooperbench,dspy_task-8587-f1-f6@solo,v2/MSm,v2,MSm,1,99882d66bbff51f177937be0f005969f5fd91270774f7cd7e04bf0f21c0ed51e
v2MSc-ac191a859393e430,cooperbench,dspy_task-8587-f1-f6@solo,v2/MSc,v2,MSc,1,a853b1ca9224f49bfd4a07d943f83136c334a6fc709ee7767efe01c53c1f6415
v2PLp-51c8be076d09fc72,cooperbench,dspy_task-8587-f2-f4@coop,v2/PLp,v2,PLp,1,5be37a85604bb3a2277f8cad69e6085d8a653ddef22f5fbac6b1b57da396a58c
v2PLe-8096f771ae563ad6,cooperbench,dspy_task-8587-f2-f4@coop,v2/PLe,v2,PLe,1,72e8089883f25d8b9ffc047bb0a949278a76e8d7d5dce7678cca4a2f4aa1be1f
v2PLs-6e8d3567eaf493ef,cooperbench,dspy_task-8587-f2-f4@coop,v2/PLs,v2,PLs,1,c725293f405873351f702414636eea84121cfce3751bad2c4ef19cb42ecf15f6
v2MSm-0be4dcad16687510,cooperbench,dspy_task-8587-f2-f4@coop,v2/MSm,v2,MSm,1,37e8dcb628db879df0634ce619374078438549705397e6d17dbcb55170af1bab
v2MSc-8689a1bcf83ab712,cooperbench,dspy_task-8587-f2-f4@coop,v2/MSc,v2,MSc,1,a45b0bd043c5d742aab36dd617e822fae779e8f3b5a226d5839c8bd824d5c0e0
v2PLp-40158a002bf16cf5,cooperbench,dspy_task-8587-f2-f4@solo,v2/PLp,v2,PLp,1,55b6d8ceeb27405d136011805f7aa976780342975c6bc0af8d17803c0b0ee1ff
v2PLe-ba1243ab77ce67a7,cooperbench,dspy_task-8587-f2-f4@solo,v2/PLe,v2,PLe,1,71735f5854bfccfc0f36e101a65287765e394d5a263ad65ab63c8c076caf372c
v2PLs-dd414d90be12fa12,cooperbench,dspy_task-8587-f2-f4@solo,v2/PLs,v2,PLs,1,219b6b7db5c721d0bc759582f343bafcc4b996801daea607999680e8b949b88e
v2MSm-977dc98cc501558a,cooperbench,dspy_task-8587-f2-f4@solo,v2/MSm,v2,MSm,1,b0a24f4bade6dfcb241eb339d3fb52a34f2d660d764377c4e2686f464f8b28fe
v2MSc-6bcb3255ef558e58,cooperbench,dspy_task-8587-f2-f4@solo,v2/MSc,v2,MSc,1,1ce0b776be44cdd1b1129b5e5f054cef8f1850119eb87e7919036e6f1bab7d46
v2PLp-fc2f416f4b188bdd,cooperbench,dspy_task-8587-f2-f5@coop,v2/PLp,v2,PLp,1,3260c58327a63b8566737e71ea16ba5d6c1b02cf627c7646a13178a1618390c9
v2PLe-ceada84907fd33df,cooperbench,dspy_task-8587-f2-f5@coop,v2/PLe,v2,PLe,1,9165716ba4dbfd826534c5a69d439551d628849ae7c1106022e78396e9fe4db7
v2PLs-a3b49d845116e8d1,cooperbench,dspy_task-8587-f2-f5@coop,v2/PLs,v2,PLs,1,95d9a0515e57f5e0e475142f94f4e711b4ff04d525240a975189852cdae661bf
v2MSm-efcc0722ec37680e,cooperbench,dspy_task-8587-f2-f5@coop,v2/MSm,v2,MSm,1,12a14c90a3bb1b4084c228e32171020d071a74c3f1025522760e037eead1a11f
v2MSc-1e24257f58a83fff,cooperbench,dspy_task-8587-f2-f5@coop,v2/MSc,v2,MSc,1,9ae31487a77ff5bc41abd49d290ae2947f5432bcccf575233249dad4e3eac4c9
v2PLp-75e34fa34e1d7b7e,cooperbench,dspy_task-8587-f2-f5@solo,v2/PLp,v2,PLp,1,fb57112554461af28ac2ddd536934927326dd5e4e4c0876889885424d8ac227e
v2PLe-9217fe14d671bbeb,cooperbench,dspy_task-8587-f2-f5@solo,v2/PLe,v2,PLe,1,027c048a864ef0c44c491750762e0d84e9dc328e8f8f8387e736387bedbe9906
v2PLs-abe7c0d88cd0b592,cooperbench,dspy_task-8587-f2-f5@solo,v2/PLs,v2,PLs,1,ce4ca2d51fae9645a074afaa5f92f0cc3c800dd76e8cad52ea5ce5c17b6df871
v2MSm-4974a23fd72a4105,cooperbench,dspy_task-8587-f2-f5@solo,v2/MSm,v2,MSm,1,7ded6f7563f548c94085fb52b6daf7c0b23b12d48df8d1fbda1c7bad4fa7085e
v2MSc-64e8e4d0f3e1d560,cooperbench,dspy_task-8587-f2-f5@solo,v2/MSc,v2,MSc,1,6bdbd5ea969eb3f8daf041683ffe3ad450caaa98a115afcc4078c1c4e9916bb5
v2PLp-27a9e3102401f752,cooperbench,dspy_task-8587-f5-f6@coop,v2/PLp,v2,PLp,1,00612ed3ee47813b1da3b595c2f2b0e4be7aaa7f9072dac5f34261ad1b4f4622
v2PLe-98a78d72e260e825,cooperbench,dspy_task-8587-f5-f6@coop,v2/PLe,v2,PLe,1,e3d6751fa4e33c1cdd95eab4cfde28251451dbcd7a5b463a51807226aa7393e5
v2PLs-b929f30c371180be,cooperbench,dspy_task-8587-f5-f6@coop,v2/PLs,v2,PLs,1,36e2bce221d97eaa8da7d60c340b9ff83de26941b354df02184e3eca007abac7
v2MSm-e0073cf8537aad00,cooperbench,dspy_task-8587-f5-f6@coop,v2/MSm,v2,MSm,1,3331490146418a9d60bfedd54f425bd8de4a49f24ca4cc2543f3a35658d1878e
v2MSc-493ecb69875a3385,cooperbench,dspy_task-8587-f5-f6@coop,v2/MSc,v2,MSc,1,144e5224b69b76bde37dbf19342ab0b1d730c16b4d8e1782065aee229c65b8c9
v2PLp-e7f956e4c15bb1ee,cooperbench,dspy_task-8587-f5-f6@solo,v2/PLp,v2,PLp,1,03996bc2fed4e1d16db13476ca5f9e08035f56a3ebb53b6d2c50db88b8b3b022
v2PLe-60310cec5a9161f9,cooperbench,dspy_task-8587-f5-f6@solo,v2/PLe,v2,PLe,1,d490024ad59a7341d1bb2778690c3fd4892e3d0594bffd16b06272c04f09b353
v2PLs-1c994a352fd65832,cooperbench,dspy_task-8587-f5-f6@solo,v2/PLs,v2,PLs,1,fd8dbe0a9f635775accbe5e1579226aceefaae041f33ff24cdfdbc276a5075df
v2MSm-8ca1dbb35d3dab85,cooperbench,dspy_task-8587-f5-f6@solo,v2/MSm,v2,MSm,1,f2a111d4d56bf7a8a2f4476565ab2a4349910934a927281edaab37bb6189231e
v2MSc-6b84c72bf4ce84e2,cooperbench,dspy_task-8587-f5-f6@solo,v2/MSc,v2,MSc,1,1c1919b096613ae6d40524aad47487d498a963a2d6d6e29768e90b8d95e1ad44
v2PLp-eb7b5f0224ae7a0d,cooperbench,dspy_task-8635-f2-f4@coop,v2/PLp,v2,PLp,1,663a125ce6364470515ac7f8da2da93ab9700f84d3098fe43f14c21b3f1d7971
v2PLe-ebe384f5d8f8a89d,cooperbench,dspy_task-8635-f2-f4@coop,v2/PLe,v2,PLe,1,edf6bbb792432161e06412b22b8ad9a63e724f8864676e6eb12e5f59e5ea86e4
v2PLs-21d447a93fa83982,cooperbench,dspy_task-8635-f2-f4@coop,v2/PLs,v2,PLs,1,9f5851847d2fa58c9f7154085f7730f6c15c59341f536500e6c405ad2c901d1a
v2MSm-73e7f49ba6bf10d1,cooperbench,dspy_task-8635-f2-f4@coop,v2/MSm,v2,MSm,1,dacce92f0c0f1be93fc1fa7a9e006c536a6eca7367051eefba0ddaefeba1b6a4
v2MSc-fedd4bef4e44f83f,cooperbench,dspy_task-8635-f2-f4@coop,v2/MSc,v2,MSc,1,edc66413340671ba073cbf2c977093d025e7b74e6847530a630a42de49a4f663
v2PLp-6c051d29c6d279f6,cooperbench,dspy_task-8635-f2-f4@solo,v2/PLp,v2,PLp,1,c54e3d79ae35e01ac92e0d892795951af75259c475ef6e1fb344dfbc27c75b9e
v2PLe-f9078fb19bdc938d,cooperbench,dspy_task-8635-f2-f4@solo,v2/PLe,v2,PLe,1,bd0e71ba34b89ac66c43bdd03ff2e56e727de7c3e4699707d2e908150c2df2bc
v2PLs-9a95778bacf34ac9,cooperbench,dspy_task-8635-f2-f4@solo,v2/PLs,v2,PLs,1,1755311ef15d083b29e491a5521fa6cc7b2f46dc98f7117aaf6364992e2ed591
v2MSm-e1f4376b7d70698a,cooperbench,dspy_task-8635-f2-f4@solo,v2/MSm,v2,MSm,1,feb03b96b79c7a58d1d46182b50315a8460133699d2aaa059ce5c130056706f9
v2MSc-bf4ce0d6ba71e3bd,cooperbench,dspy_task-8635-f2-f4@solo,v2/MSc,v2,MSc,1,36a26d325f05e350894b678c27b60ba98b6cb2f880ad4f65cb050d4001ba2293
v2PLp-08e28afb1a186478,cooperbench,dspy_task-8635-f3-f4@coop,v2/PLp,v2,PLp,1,6d0337f0a3055590f08639ff7b5c375287c0b2b7d6cd52e3e1e15452c99a5185
v2PLe-1974dfeb4c9a239a,cooperbench,dspy_task-8635-f3-f4@coop,v2/PLe,v2,PLe,1,6e3ff608ab783a4a5c32d50a31dd507a24944583ec4a5b34f3f104399b71c235
v2PLs-a742c733c849c157,cooperbench,dspy_task-8635-f3-f4@coop,v2/PLs,v2,PLs,1,92586a24f98b7d51d66fb37469c03697ef0f30fb6f5af42f8d4db7760e635793
v2MSm-50d6a64456a04f49,cooperbench,dspy_task-8635-f3-f4@coop,v2/MSm,v2,MSm,1,fb2febc2f17e5fcf5e7af783effd10161acdfaea1b77c3fdb404315e4fc327db
v2MSc-c8128c9242d8200d,cooperbench,dspy_task-8635-f3-f4@coop,v2/MSc,v2,MSc,1,3da110e65b55c83b9f87df2c9580eb285fc46ef77a4a8ff9ea3e10ee7d0e6da8
v2PLp-469bc618737d14a6,cooperbench,dspy_task-8635-f3-f4@solo,v2/PLp,v2,PLp,1,7f606461f81af4222e558bf349d2b0110576688f853f40cf501407f887837213
v2PLe-42aef2c2015b24f8,cooperbench,dspy_task-8635-f3-f4@solo,v2/PLe,v2,PLe,1,dd32a2c9080e8ef74da1b25debd3a05cefa93dab698df8c374591179d6a85456
v2PLs-090a0670f2f7ebd0,cooperbench,dspy_task-8635-f3-f4@solo,v2/PLs,v2,PLs,1,cc6382604737af837607a6928f7837ebe5728ef8e348b47a727c32fcc1322a27
v2MSm-939e5c85e9c0abe9,cooperbench,dspy_task-8635-f3-f4@solo,v2/MSm,v2,MSm,1,7075d0d261ee6aa8176cf8975f349a2f97e1cb0ebcf7b3481f645ee408a0d1c1
v2MSc-ea4cb22fee3333e8,cooperbench,dspy_task-8635-f3-f4@solo,v2/MSc,v2,MSc,1,4b0e114d94b2c7a70a3fd2e15aa01d628678d16d5bd0ee68f25ba0b3f39256b7
v2PLp-dc4d930ece400c0e,cooperbench,dspy_task-8635-f4-f5@coop,v2/PLp,v2,PLp,1,bf238e885aa57b09c5af1bdbbb32195077469870dd3c129b39a3892b6c3df7a4
v2PLe-1a5c8a594da20430,cooperbench,dspy_task-8635-f4-f5@coop,v2/PLe,v2,PLe,1,b433eb856b2c5a1b8a6de47c10456d2132191d02f3c8ec25d03bd5c1092809d4
v2PLs-671857cc9f9d49bd,cooperbench,dspy_task-8635-f4-f5@coop,v2/PLs,v2,PLs,1,c273f62e87e63524bcfd7a5c2b0ae6703376e5cdd6237093ae0b3204deccad3b
v2MSm-eadce2c5af986dcd,cooperbench,dspy_task-8635-f4-f5@coop,v2/MSm,v2,MSm,1,a494620df17151be080186ea9932617679a1d7b4e8a7f22ffe1068a3ab947fd2
v2MSc-b57a9e7d4a6585c3,cooperbench,dspy_task-8635-f4-f5@coop,v2/MSc,v2,MSc,1,9e3fb84db9ca9f766cad838c9c49c802064ef619e15be1fe0e86e055a6540602
v2PLp-7eecc989bb09eadf,cooperbench,dspy_task-8635-f4-f5@solo,v2/PLp,v2,PLp,1,d47c148f91f4ad99407f584819864c9a830f297050267238a2c0a52274a6130d
v2PLe-5ecff7b621e07ad8,cooperbench,dspy_task-8635-f4-f5@solo,v2/PLe,v2,PLe,1,3bc17622d80947a6e8c6f4ba6281c050e5f5a9202ccc9993db07246e204c4915
v2PLs-ed197db7d2905777,cooperbench,dspy_task-8635-f4-f5@solo,v2/PLs,v2,PLs,1,7c942bfa1ddde71960cc3e5048ab84b50c521c7a006b4aa01aa9aec6b3ff7f22
v2MSm-57dba83a664113dd,cooperbench,dspy_task-8635-f4-f5@solo,v2/MSm,v2,MSm,1,86e1464b91b6badff84aa933191c6765e56d21b1f865d5672d15ca1c12f81e98
v2MSc-d1aa958b04ba2dda,cooperbench,dspy_task-8635-f4-f5@solo,v2/MSc,v2,MSc,1,da205220df3e9563c97e4f1ccf90511ac07c87e2d18693b67ca1e54f4765d239
v2PLp-65930e15f90a1c8d,cooperbench,dspy_task-8635-f4-f6@coop,v2/PLp,v2,PLp,1,c39e23a1e5e12d8ef3e38934ddc56dd8196d7dcd4f8dc186f6291f8a64b5d319
v2PLe-c445c7c52d09da8d,cooperbench,dspy_task-8635-f4-f6@coop,v2/PLe,v2,PLe,1,e745504ab57386dca906e5d61d9696f4432a62d552ef105a9e2e606ae49a96bb
v2PLs-b4e2574c61a18d32,cooperbench,dspy_task-8635-f4-f6@coop,v2/PLs,v2,PLs,1,3c537f31c603332b27e502d645196f93c9ba4fb7556b1a1e4c09403c78f07b64
v2MSm-6d5a6fa5208d4344,cooperbench,dspy_task-8635-f4-f6@coop,v2/MSm,v2,MSm,1,ef4ccc1eb780421a898b35c825b44b13092190d17b4a301cdc2f37c589987afb
v2MSc-ba605d5b3ba0c355,cooperbench,dspy_task-8635-f4-f6@coop,v2/MSc,v2,MSc,1,8233f37abacc1e13ca31dcc76fc4a37cb9d0565be21223d1dafdb1a78b8902a3
v2PLp-fc596fe87e73c259,cooperbench,dspy_task-8635-f4-f6@solo,v2/PLp,v2,PLp,1,c119bf822c18c60ceceb80a8307b9e970ded47320adc4f825873f7023e3897f9
v2PLe-81994ebb86871fa6,cooperbench,dspy_task-8635-f4-f6@solo,v2/PLe,v2,PLe,1,9118f3b364cd2be22e18d7331ee9e7326e15069c2f58a52bcaeb424e218d9c65
v2PLs-b460e70f2147b56d,cooperbench,dspy_task-8635-f4-f6@solo,v2/PLs,v2,PLs,1,f3908ff1c5bb70fc143879e95a5085bc2fbb24a3c51e66dc5954eae155ad33d5
v2MSm-609c900ca4d33d15,cooperbench,dspy_task-8635-f4-f6@solo,v2/MSm,v2,MSm,1,f0f0cfe7fb7791589459c90bf4eae6ec8fa7f971e49971d60292a4de87afb170
v2MSc-5756fb3f0af707fa,cooperbench,dspy_task-8635-f4-f6@solo,v2/MSc,v2,MSc,1,7f179871d2b757be28c9e0d01461334a8d623bdd87fa8f77193a7b533f87bb40
v2PLp-378b4ff0cb8ee531,cooperbench,go_chi_task-56-f1-f2@coop,v2/PLp,v2,PLp,1,99f6d6a894b0e5923f0a77f7f0f1207b644bf587a6fa16670c438987e231adff
v2PLe-1a22370edb6f4b77,cooperbench,go_chi_task-56-f1-f2@coop,v2/PLe,v2,PLe,1,9fb65d3ed0d6b344735ba4323bd7d4bf03d2bf2beaafa8cd7ea7ac815a7eb069
v2PLs-6588346e2e9be93a,cooperbench,go_chi_task-56-f1-f2@coop,v2/PLs,v2,PLs,1,4a5988a8e7ab26ee08d546eda3bcd8da2d2a195870659059a4ce7c9aafe5f775
v2MSm-07fc21753a428002,cooperbench,go_chi_task-56-f1-f2@coop,v2/MSm,v2,MSm,1,cf396ce26e32d395b5affb9165b8999ceb62ab9bf6ca3138d1a49fe20c475f8b
v2MSc-8191daeb2da60175,cooperbench,go_chi_task-56-f1-f2@coop,v2/MSc,v2,MSc,1,d9eca2dca27f817bb03852240e2427a51b7c8cabf0db1c2d1c7d097e2527357f
v2PLp-75cf37e628a71beb,cooperbench,go_chi_task-56-f1-f2@solo,v2/PLp,v2,PLp,1,e3bbb5d31d20a1fb405330f792fa01a9334d05b7842b800731477be89cce6372
v2PLe-372c2453eafdd0a3,cooperbench,go_chi_task-56-f1-f2@solo,v2/PLe,v2,PLe,1,6587f3855dcb2340d432b7d73cb7e840addf507800d638be7787783cefb98792
v2PLs-d750cd4709360030,cooperbench,go_chi_task-56-f1-f2@solo,v2/PLs,v2,PLs,1,b2de475749d2815331ab6348336e4eb8799a458de798765e621dd76a90a693c4
v2MSm-bd71495191b63a83,cooperbench,go_chi_task-56-f1-f2@solo,v2/MSm,v2,MSm,1,55e1c00f73dc2d92b1e040f9a5e65a5e9e3387118ca138bbaa84aca57b149547
v2MSc-be67e97385982631,cooperbench,go_chi_task-56-f1-f2@solo,v2/MSc,v2,MSc,1,3bc48c091ef26ce5712f6d076f8582d6eb786052a874fa8ef903b485195384e0
v2PLp-3b5baa835b3d9245,cooperbench,go_chi_task-56-f1-f4@coop,v2/PLp,v2,PLp,1,4f0ebb0bdb7a2f5d5bac20f52ecdc0721d02de7e0f3534af8a27216feb7720fd
v2PLe-c3a387955b7bcf7c,cooperbench,go_chi_task-56-f1-f4@coop,v2/PLe,v2,PLe,1,d94f3f0988114f33b82136c062423b90f7a850ab85d72dc409c97f1451188ab8
v2PLs-6f9a623325327b88,cooperbench,go_chi_task-56-f1-f4@coop,v2/PLs,v2,PLs,1,0424384dc19bf5273e86219e690c79bb2fd93dec6ba4f31cc06199ab7a4915fb
v2MSm-7a5dbaf90f887845,cooperbench,go_chi_task-56-f1-f4@coop,v2/MSm,v2,MSm,1,04e5c5d87ec23b922bc05b4fc2bea9121571e23d4ab66b33be0ffc7ea640fd6b
v2MSc-c9854963cdec846b,cooperbench,go_chi_task-56-f1-f4@coop,v2/MSc,v2,MSc,1,e87260490dc01321fb2e9ada83d2931532b641e6655d20141155f21488a21cde
v2PLp-0cf6f3f2fd56c253,cooperbench,go_chi_task-56-f1-f4@solo,v2/PLp,v2,PLp,1,831cdedb582dc16b9490701b62b29f70fb3a6acb3ba3b4b72384d43433f32191
v2PLe-f097de2fdfe80708,cooperbench,go_chi_task-56-f1-f4@solo,v2/PLe,v2,PLe,1,0ad165fba2f608865a4cfa0c4d7cb250d191854cfe9adc9f3ae1a3729f6c1598
v2PLs-178c8e429ca32798,cooperbench,go_chi_task-56-f1-f4@solo,v2/PLs,v2,PLs,1,c35043c373f01282fab8dd534d24601d03939b3b2a7ff30ab538f65c0d6197d0
v2MSm-180e99fdfb82825c,cooperbench,go_chi_task-56-f1-f4@solo,v2/MSm,v2,MSm,1,e5a53030b5a92f2772f81ab90ea9bff3834f5ee606ec0e3d7ae9d0397df7463a
v2MSc-08bafe5344deadaa,cooperbench,go_chi_task-56-f1-f4@solo,v2/MSc,v2,MSc,1,30229bef2ae177904092f26d4c46513d5f36e712f68b5e206fd3a5615e3d60ab
v2PLp-7c3ea633cfc898d1,cooperbench,go_chi_task-56-f1-f5@coop,v2/PLp,v2,PLp,1,c7f5301b5ceb7a88c1e41f3a43860558cf751d5843b642924eeba3bb0b66b878
v2PLe-b27f67cb2b2e3ad5,cooperbench,go_chi_task-56-f1-f5@coop,v2/PLe,v2,PLe,1,1c296ae463568eae9f7a7040ca5b212ac7510df0483b6eb5cd04299879edc2a7
v2PLs-a0224e155089678a,cooperbench,go_chi_task-56-f1-f5@coop,v2/PLs,v2,PLs,1,be9f6d12a042d36950399ea3f5d7974b88756a2d094613f9810815d65e8c1e28
v2MSm-4b4ddd15de6127b5,cooperbench,go_chi_task-56-f1-f5@coop,v2/MSm,v2,MSm,1,1ae0a11d06553737296dc64708efd65c3957341573f4b7e2d4998ce452733278
v2MSc-5db75f58599b8d89,cooperbench,go_chi_task-56-f1-f5@coop,v2/MSc,v2,MSc,1,e86a7554b8e07f44b484f6d83d3d97114648bc3d144c797621dc33f39dad823b
v2PLp-84ce8a6d5c55e47c,cooperbench,go_chi_task-56-f1-f5@solo,v2/PLp,v2,PLp,1,6a9dbf0500697702f7de47684a66187692fa74e090867578e3bab45e79e58d73
v2PLe-5d6c99269745f289,cooperbench,go_chi_task-56-f1-f5@solo,v2/PLe,v2,PLe,1,926736aedc65828094b0502e4e1a2a741a8c8a8af70f9f2d1ea8a2cf4a8ba2d0
v2PLs-d4d05c6b5cb3084e,cooperbench,go_chi_task-56-f1-f5@solo,v2/PLs,v2,PLs,1,5001c5725e3af47bd25a3aebc0427220b5ccb52f63a4181da497ad103ad52035
v2MSm-218707dfe723eef8,cooperbench,go_chi_task-56-f1-f5@solo,v2/MSm,v2,MSm,1,44611d0b6c3167ec17826899a85b4886944471998747041256a4bfb00421494c
v2MSc-db02606008b69d89,cooperbench,go_chi_task-56-f1-f5@solo,v2/MSc,v2,MSc,1,f8b27d8003b0bcd2e2319671f5e17a70a05097f28020354671fa7fcc0523f87d
v2PLp-3f77970dca9f06e7,cooperbench,huggingface_datasets_task-3997-f1-f3@coop,v2/PLp,v2,PLp,1,f0a333e431d3e84cffba0d091bff759a5c289b3f0309dbd53b882a52eb23bf91
v2PLe-9c7651b36453242c,cooperbench,huggingface_datasets_task-3997-f1-f3@coop,v2/PLe,v2,PLe,1,63fa7042225d4489e40e1bcbdee269820822883a3ae498f5de2be9e9a1929102
v2PLs-452b64b2fbc9039b,cooperbench,huggingface_datasets_task-3997-f1-f3@coop,v2/PLs,v2,PLs,1,ded339453f47686e81cf6b2ee88160a9cf08e92e22f43184c134ed68a5acbb16
v2MSm-67ad6fee3dc4a069,cooperbench,huggingface_datasets_task-3997-f1-f3@coop,v2/MSm,v2,MSm,1,453f720d3a818bc1b8e257d7a1cd4286890b8943d03472195f446b40a43ccef6
v2MSc-21c9879dab044045,cooperbench,huggingface_datasets_task-3997-f1-f3@coop,v2/MSc,v2,MSc,1,3136487959fa3b18e69a73d1b10d83cdeb15c7d32d5f9be7a280678c19e1c6eb
v2PLp-668f0716aaf2a95f,cooperbench,huggingface_datasets_task-3997-f1-f3@solo,v2/PLp,v2,PLp,1,eaebfc72d42ed0e3e1bc7beb0ab3dc63d76823e697740a40cb21c9240b24b36c
v2PLe-0f8c2246fca35be9,cooperbench,huggingface_datasets_task-3997-f1-f3@solo,v2/PLe,v2,PLe,1,a2b5e368118487cef6eb5f7c3f5a679541e010a0dc3732e0139478649f1f74e2
v2PLs-892a5a3c5ca3bcb2,cooperbench,huggingface_datasets_task-3997-f1-f3@solo,v2/PLs,v2,PLs,1,21fbde99f3de50c76ca530ce572d0dc4e59821ed25ee3ad063d73f20381abde1
v2MSm-a40020e9a226d630,cooperbench,huggingface_datasets_task-3997-f1-f3@solo,v2/MSm,v2,MSm,1,eacb489df51ad48c419f2428734671c03c8ceff4f4332d5c1cc80c9158f46af9
v2MSc-35a9f27b9f53f9b9,cooperbench,huggingface_datasets_task-3997-f1-f3@solo,v2/MSc,v2,MSc,1,77ca5a4587b0384ac8f4cbfeafb444c8f1fbc01874fde71b13d54c4ef8943d73
v2PLp-cd58525797a9488d,cooperbench,huggingface_datasets_task-3997-f3-f4@coop,v2/PLp,v2,PLp,1,9cd6310979ad5cecc7ee59d4138d2a5e169afc009ae5f04b1c93e0213d826637
v2PLe-bfd7c0085591d1cd,cooperbench,huggingface_datasets_task-3997-f3-f4@coop,v2/PLe,v2,PLe,1,17c93d704a3760bb5f75f118d3dea42c066514459577735f1158f9a5f61fbc7d
v2PLs-8ad7116286895bb0,cooperbench,huggingface_datasets_task-3997-f3-f4@coop,v2/PLs,v2,PLs,1,016d05482eaec6c597156983c437ed32a6b2c5bc847ab7d6d8fa780fe3e05f4c
v2MSm-2fce6582cfb63cc4,cooperbench,huggingface_datasets_task-3997-f3-f4@coop,v2/MSm,v2,MSm,1,181a5e35828684c72e6bce23bcec37e8920945ac58c3d7dc86d7d1282c99f040
v2MSc-5863407d531e02f2,cooperbench,huggingface_datasets_task-3997-f3-f4@coop,v2/MSc,v2,MSc,1,469ed4b43a1e40f13a8931d07f1be01a8e4ad02f61b06516d0fd67d99b2e0a3e
v2PLp-3de751b7daa54a46,cooperbench,huggingface_datasets_task-3997-f3-f4@solo,v2/PLp,v2,PLp,1,806a744ffef58b6ba871d58410337b62c8ea40c1857ceb2dafb5a97a3d21ec4f
v2PLe-8a45365ba059bd7e,cooperbench,huggingface_datasets_task-3997-f3-f4@solo,v2/PLe,v2,PLe,1,eb866d85a1ad5f2a82d774a7fa53d7052d65de59a14383c0a8446dccaf7f1a21
v2PLs-767d89ab10e53065,cooperbench,huggingface_datasets_task-3997-f3-f4@solo,v2/PLs,v2,PLs,1,5dd30072ab3f2d03cb52c8a4e3b6381bce1078a0f171d46fbd95877dd2627c72
v2MSm-5b1de82fbcd30652,cooperbench,huggingface_datasets_task-3997-f3-f4@solo,v2/MSm,v2,MSm,1,04a83d771b66ef483acb2386a314d28eefa4a53c31a128997d82b77e56a78ce9
v2MSc-b09b3b12fc31fb0c,cooperbench,huggingface_datasets_task-3997-f3-f4@solo,v2/MSc,v2,MSc,1,0082def00ec0a2b3fdc01cebacbed57e55e7a4adc1143f64f6c0a0e1de019f7c
v2PLp-290ecfd0fa4a0bf1,cooperbench,huggingface_datasets_task-3997-f3-f5@coop,v2/PLp,v2,PLp,1,30943a83a3030e173aea6f6c436f9ae24dd5628a2b6aaf346702c9e291a81205
v2PLe-a43315087ea9b3f8,cooperbench,huggingface_datasets_task-3997-f3-f5@coop,v2/PLe,v2,PLe,1,028b6640e1a74a3060d843f39a393fc2e171c49d44da55a5d68ddcdb606cb9c9
v2PLs-3d0b1210ea6e9ad3,cooperbench,huggingface_datasets_task-3997-f3-f5@coop,v2/PLs,v2,PLs,1,85eb695fe6e5a1348a8e7082dbdf5786967e8ef144af570bb993f828aef38fd2
v2MSm-6512049e0f5b85c0,cooperbench,huggingface_datasets_task-3997-f3-f5@coop,v2/MSm,v2,MSm,1,54c5d83f9680bf9c815155a68e01f0584163c627e53a341c85ee807e741c7a1c
v2MSc-c912501df3abac1a,cooperbench,huggingface_datasets_task-3997-f3-f5@coop,v2/MSc,v2,MSc,1,b90bf7a01a94dfb39a844adebd2b89e6b266e0973d53637250247f8c1743e056
v2PLp-4f411573e5e4b893,cooperbench,huggingface_datasets_task-3997-f3-f5@solo,v2/PLp,v2,PLp,1,f74a18ef3c0fb80a42a00c4f07f9947ac6673d2012602300f3f288c3b057c1df
v2PLe-215b1a82dca5d16f,cooperbench,huggingface_datasets_task-3997-f3-f5@solo,v2/PLe,v2,PLe,1,58623c1aafc1be3bf0e394dde166862e94cda00e6a8d43a3c3f502db0ffefbba
v2PLs-ccb00d89ea54831a,cooperbench,huggingface_datasets_task-3997-f3-f5@solo,v2/PLs,v2,PLs,1,1151380b9666574defae5a6053c767afc16434c7a54a4206f25c4c7407ebf3ce
v2MSm-b5aad5a4b5d14746,cooperbench,huggingface_datasets_task-3997-f3-f5@solo,v2/MSm,v2,MSm,1,df3fe4b7a23d67c4056b5a15e420f3ba83f442d9b81e39c386c621d2a843014f
v2MSc-5786cab4672ffece,cooperbench,huggingface_datasets_task-3997-f3-f5@solo,v2/MSc,v2,MSc,1,cf5847da10f5cf1b4e8e4b08af76e3cefba38503fb8fc3e69075d4a25a372917
v2PLp-06c4e7b9658f9b42,cooperbench,huggingface_datasets_task-6252-f1-f4@coop,v2/PLp,v2,PLp,1,2ee5d088f7b7f5b49c8cd94fb0002a1e2e131fb6b76a2044aa983308b86c01e9
v2PLe-56a39a35152e5cf1,cooperbench,huggingface_datasets_task-6252-f1-f4@coop,v2/PLe,v2,PLe,1,cd2014ae8ab7743f87598b80add1554cfeebf28cfbb9d5ea029b9e6afe18545c
v2PLs-70f2e40599831abf,cooperbench,huggingface_datasets_task-6252-f1-f4@coop,v2/PLs,v2,PLs,1,c24691ea70d9a1ccd6c321a2aef1ee2c9ba725a9b872c9d178ffa402db6f404e
v2MSm-6195e8fabebc6e89,cooperbench,huggingface_datasets_task-6252-f1-f4@coop,v2/MSm,v2,MSm,1,af5ff5ea6d3a2468128e8ae0c22521acf259b69f826d97f686e3abc8f31d6af8
v2MSc-7a317bab35ff3463,cooperbench,huggingface_datasets_task-6252-f1-f4@coop,v2/MSc,v2,MSc,1,1505ebfd83bf07cd3f7f3d6091eb3d2ebb40355f1896c152e692ec28c7e9e5bc
v2PLp-ea55e2cf276c83dd,cooperbench,huggingface_datasets_task-6252-f1-f4@solo,v2/PLp,v2,PLp,1,4489a4b8b3c731ecbf76eebd9e515e191f1c3bdf094345b929ebff7102dfada3
v2PLe-865845ea305ee2c1,cooperbench,huggingface_datasets_task-6252-f1-f4@solo,v2/PLe,v2,PLe,1,80e277071fdd14f75f41788ef7741cbeb6390318bcfd24df19f2701813636559
v2PLs-f48be6df5f6969e5,cooperbench,huggingface_datasets_task-6252-f1-f4@solo,v2/PLs,v2,PLs,1,f7a0fa1082f373051bc67ec2de38ba3c2c3ff9f544a0b481d1f40deb92d50fc6
v2MSm-7dff1c269c39b153,cooperbench,huggingface_datasets_task-6252-f1-f4@solo,v2/MSm,v2,MSm,1,ad761e0debe3464d3c477d179d85f34aade4d055dcb5b683d71295c8898b08d8
v2MSc-577fc8b08f924e96,cooperbench,huggingface_datasets_task-6252-f1-f4@solo,v2/MSc,v2,MSc,1,f20e41fd162d0ebcd2b3f8414d8ef8e169693a6bbcd2972e9f02cf1730606c74
v2PLp-635ed7bd740dbe76,cooperbench,huggingface_datasets_task-6252-f1-f5@coop,v2/PLp,v2,PLp,1,3dd8d39be1d306eba39c8770630c86f86e09376fb59f7f0473723909fa7c5b23
v2PLe-ffcadcfaf73ee1e0,cooperbench,huggingface_datasets_task-6252-f1-f5@coop,v2/PLe,v2,PLe,1,757e177150f39c02071020cbb36e41e7c45ddd50aef8fb0c028d242d4f8068af
v2PLs-e6a04faf385fa15d,cooperbench,huggingface_datasets_task-6252-f1-f5@coop,v2/PLs,v2,PLs,1,8bab50313ba056e8104856d9aa87bbcf1e40252811f4fbe8a1c6484ab74473ce
v2MSm-134516cb37fc74cf,cooperbench,huggingface_datasets_task-6252-f1-f5@coop,v2/MSm,v2,MSm,1,e3b3860da805cd666de33916a057ccdf9ce8bb8be86e7613f31b4ebf30ffe738
v2MSc-eb6b9bfa510261c0,cooperbench,huggingface_datasets_task-6252-f1-f5@coop,v2/MSc,v2,MSc,1,e4b3804df912a3e45a3aa6505b858ce5865c67e611cb386b3d84936ef4925261
v2PLp-33ea36e458705d87,cooperbench,huggingface_datasets_task-6252-f1-f5@solo,v2/PLp,v2,PLp,1,d99d5ffd05bab6b3bfad63739fe7857b5399684ab4ce149b17a1b2a3db9493be
v2PLe-073d2bbe023efcfd,cooperbench,huggingface_datasets_task-6252-f1-f5@solo,v2/PLe,v2,PLe,1,638260bfd2876c06ded3a409084f56a20e0fe9deb2e39f79b94fd444c2f8bf5f
v2PLs-3924c4dd46fdab85,cooperbench,huggingface_datasets_task-6252-f1-f5@solo,v2/PLs,v2,PLs,1,6bd7b4b98ac38dc427e461d131509bbaea607f8f34fcf45ebdea2bca7b926fb8
v2MSm-ccbe6fb5f799d0c4,cooperbench,huggingface_datasets_task-6252-f1-f5@solo,v2/MSm,v2,MSm,1,ac736e88a72c9ab48bb8059c1c219d4e38f978b6777e37dfeb52a09edd0daad2
v2MSc-6f87fe6f6deb076a,cooperbench,huggingface_datasets_task-6252-f1-f5@solo,v2/MSc,v2,MSc,1,a57efe449fd05b455bb4729ce93a1c3374e19ba26cb4705a1137a0d68716dd1f
v2PLp-563e1bd8fbacf8a7,cooperbench,huggingface_datasets_task-6252-f2-f3@coop,v2/PLp,v2,PLp,1,17660dbbded6e1dd8bf6ed99dcc5745129b4f8473518f096a7291e1ce50e3c56
v2PLe-98fef13f1f4cd1bd,cooperbench,huggingface_datasets_task-6252-f2-f3@coop,v2/PLe,v2,PLe,1,afc8991839de48c16975190aa18a728e6d0b1443c63d713e4162514dbb4e8b80
v2PLs-37809c4618f53678,cooperbench,huggingface_datasets_task-6252-f2-f3@coop,v2/PLs,v2,PLs,1,968e40fbe59dbef6886cb32e7283ea1dbad06a0c999a9fdef5035c450332a1a2
v2MSm-9b295c5226170abe,cooperbench,huggingface_datasets_task-6252-f2-f3@coop,v2/MSm,v2,MSm,1,39f7571dcb5ccd3b63045c301452fa6a2a611715cf75360bcda0bc558f320f83
v2MSc-728c0d5e5b915a94,cooperbench,huggingface_datasets_task-6252-f2-f3@coop,v2/MSc,v2,MSc,1,3fa21744ad6469c076dc3649256e79d297066dfbb0caa9e5f170e82fc7fa0ceb
v2PLp-36168e80675abc04,cooperbench,huggingface_datasets_task-6252-f2-f3@solo,v2/PLp,v2,PLp,1,26e56d1757ecd0a67fe1cc05e86f0b59c849e10fdb1cf8ae0365537b3cb0cf5f
v2PLe-0045ccedc2550a17,cooperbench,huggingface_datasets_task-6252-f2-f3@solo,v2/PLe,v2,PLe,1,2335934d82b61e230a749d451b80a3c26775f24f7697c23c4f1f5cc1c2c3e37d
v2PLs-9434c947a6b1e188,cooperbench,huggingface_datasets_task-6252-f2-f3@solo,v2/PLs,v2,PLs,1,0b155c72c7f189127c1529c1c610365b57fc25614b3eca103babb3ded18a1596
v2MSm-32ef475ff683d872,cooperbench,huggingface_datasets_task-6252-f2-f3@solo,v2/MSm,v2,MSm,1,f2e6e665d0144943e80b2c9c755ee6dd4f9e10d7c7511c7d85f09c2d8d92cbc3
v2MSc-ed85f0623adba419,cooperbench,huggingface_datasets_task-6252-f2-f3@solo,v2/MSc,v2,MSc,1,5cd03a24375936fae3e672108baa6173f6f989c7fcbe58fe55532e27bf111d92
v2PLp-9d1cf7c256775f9f,cooperbench,huggingface_datasets_task-6252-f3-f5@coop,v2/PLp,v2,PLp,1,aa05bda93af82d79fb2ba0dea9a89d3f011dd07033a6503d2e97fee7598a9206
v2PLe-0feb4f8b572732a9,cooperbench,huggingface_datasets_task-6252-f3-f5@coop,v2/PLe,v2,PLe,1,7c9185dca503fdab966970d78782fedddb6168c65261b529c9529b041c45e03f
v2PLs-0a805eeab3ed65f5,cooperbench,huggingface_datasets_task-6252-f3-f5@coop,v2/PLs,v2,PLs,1,05a169675fa786e9a2fdb7a329937a27d8b3cc2e41f2e22305248a2b80dcd5af
v2MSm-2ef079eb4ea1fc70,cooperbench,huggingface_datasets_task-6252-f3-f5@coop,v2/MSm,v2,MSm,1,3b9348909e55f5e440cf1b286bb0c38253a9ec6fbafe7e910b94089024d6849f
v2MSc-ce26b15f9972b5ae,cooperbench,huggingface_datasets_task-6252-f3-f5@coop,v2/MSc,v2,MSc,1,19772ee1c01e3dccbf954bc968ae3c8bcbae1641b443b468d56ec11e8887e1a3
v2PLp-16ab01e79a7dab64,cooperbench,huggingface_datasets_task-6252-f3-f5@solo,v2/PLp,v2,PLp,1,cfe1e0bb702a36fe1c23275649913ff70726802b5fc2a1264ee237bd6f3be67f
v2PLe-eea21650a30f8137,cooperbench,huggingface_datasets_task-6252-f3-f5@solo,v2/PLe,v2,PLe,1,0731bcc1704fbc008fd51cfb85222f830f41b1816af4a866916e83a3b3e80cb5
v2PLs-7d9dfa535c8a4b04,cooperbench,huggingface_datasets_task-6252-f3-f5@solo,v2/PLs,v2,PLs,1,afa05202bb1dc58f65b36ee73eba45867876c9328bf9c53de09c10b9a9f7a211
v2MSm-335344528866a924,cooperbench,huggingface_datasets_task-6252-f3-f5@solo,v2/MSm,v2,MSm,1,f88ee021fb4adb25e91d09861980d9975a20a2d23b3c77433542402e0c28cbfd
v2MSc-e4bda223e89e6f12,cooperbench,huggingface_datasets_task-6252-f3-f5@solo,v2/MSc,v2,MSc,1,d6d892211eb5b88c8bd2850238b58fa5e51e5ea0887fe633a584afb861d81a7e
v2PLp-f5a830a992ab2d78,cooperbench,huggingface_datasets_task-6252-f4-f5@coop,v2/PLp,v2,PLp,1,dc62b1b67b864a2badf872b8bd5ea62d8b92cf0a8ca588545600a70024e718d7
v2PLe-ab7baa5a84d030b0,cooperbench,huggingface_datasets_task-6252-f4-f5@coop,v2/PLe,v2,PLe,1,7414f5861f454bef190ae814c54d2a09c42fb594ed13b9d60aa996cdbf884f9a
v2PLs-28a38bc6e237e85c,cooperbench,huggingface_datasets_task-6252-f4-f5@coop,v2/PLs,v2,PLs,1,815ac6d9fb8553c372cea9c361329ec3de65c572699e8676330b4ae337bced16
v2MSm-d87b926fedfa7f81,cooperbench,huggingface_datasets_task-6252-f4-f5@coop,v2/MSm,v2,MSm,1,ba3a042eebe0272e979e9643e07adbffba20f8ffef17711afcbff881ead4516a
v2MSc-8024c5245c3ba1ab,cooperbench,huggingface_datasets_task-6252-f4-f5@coop,v2/MSc,v2,MSc,1,490ba01fc6130750b8b6569a044b54a251818e77eb1d9b1b159b0c69c621b48a
v2PLp-08e2d67c068159f9,cooperbench,huggingface_datasets_task-6252-f4-f5@solo,v2/PLp,v2,PLp,1,dfaa7ef76d895db9038147c2e879b6828ac9221f9f58af6c9a10e4439ea71e6f
v2PLe-ef20ff1c818561ca,cooperbench,huggingface_datasets_task-6252-f4-f5@solo,v2/PLe,v2,PLe,1,eea8a9c424caad4c6b58c0d64a7299631dde7581ec40470862b809decde6a51d
v2PLs-ce7ba90fbd17b845,cooperbench,huggingface_datasets_task-6252-f4-f5@solo,v2/PLs,v2,PLs,1,8d2874f245c28d3c354cac2cbdfcec0392837ee922f067fb8b4bbbed0b743d47
v2MSm-bb0db0fd6085d810,cooperbench,huggingface_datasets_task-6252-f4-f5@solo,v2/MSm,v2,MSm,1,e4280ab97e63dca8375041218b39ed87d36c1eed7244199768b97fece9341d4a
v2MSc-4478040ad6c1f67e,cooperbench,huggingface_datasets_task-6252-f4-f5@solo,v2/MSc,v2,MSc,1,e17db784acd6265c0f2ad12f843a8ba436371289bfaa389022bfcdfa3ad21f2d
v2PLp-a453caeb198a925e,cooperbench,huggingface_datasets_task-7309-f1-f2@coop,v2/PLp,v2,PLp,1,0987062d03ba562a891d08c3110b347cba8e29d85f0aa633bd3b2206e4332e9f
v2PLe-783420e0219e565a,cooperbench,huggingface_datasets_task-7309-f1-f2@coop,v2/PLe,v2,PLe,1,05c4687a7e517a2969abca7824cede85c6b2bd99bed3ce04e9fc310a501dde5c
v2PLs-ed7376659d9523aa,cooperbench,huggingface_datasets_task-7309-f1-f2@coop,v2/PLs,v2,PLs,1,29e8660c1be9c0f488c4d0f9223cb56e577ada1e6460e0e565b6f743b16d6273
v2MSm-fbb84de62bb5795f,cooperbench,huggingface_datasets_task-7309-f1-f2@coop,v2/MSm,v2,MSm,1,c6e677e57fa8593df527dd7e0d7ace760dbd6db52f4a6b61e0e3d0cf778c0592
v2MSc-11cb606be26b43a8,cooperbench,huggingface_datasets_task-7309-f1-f2@coop,v2/MSc,v2,MSc,1,75010bc50e8e0240e8c12edbc6731ca48d553dc6962da8469b3645595902c08f
v2PLp-6e526a82f372a923,cooperbench,huggingface_datasets_task-7309-f1-f2@solo,v2/PLp,v2,PLp,1,728c9a55c3ff827b36934c23a6ae8b55fd2de3a03c06a3928bf96e19a7e8f57b
v2PLe-680e174399822f14,cooperbench,huggingface_datasets_task-7309-f1-f2@solo,v2/PLe,v2,PLe,1,fc5d3fe2f05d763397831b5e36845736608631d13e810db0e9b7995f44ec72b5
v2PLs-93c4f8ec9aefb3ed,cooperbench,huggingface_datasets_task-7309-f1-f2@solo,v2/PLs,v2,PLs,1,a25b7fb5a2881fb6d91b29cde2b5eb27b390c03875be2349a1b848260bd3d12f
v2MSm-c9d38fccd972318f,cooperbench,huggingface_datasets_task-7309-f1-f2@solo,v2/MSm,v2,MSm,1,9a4c12e976555ddde899136a5da551467dfd2d233407703d3807074c6fbbeed8
v2MSc-ea29fb4848088b97,cooperbench,huggingface_datasets_task-7309-f1-f2@solo,v2/MSc,v2,MSc,1,251aaed9329b982d4f58fef5b7ef2707cee81514351ebaaa57a0b2a261f2a35e
v2PLp-24d45c80308dcab9,cooperbench,llama_index_task-17070-f1-f2@coop,v2/PLp,v2,PLp,1,239fe675ad2c2f73cae0807b21ef72ac36a0e4fed5e7ac42e9d76ed2f21f8cfe
v2PLe-e52dcc3a238cd6fe,cooperbench,llama_index_task-17070-f1-f2@coop,v2/PLe,v2,PLe,1,0a55a9e0fa01314b811a5b1f3873c8850cfb23be73b8d11656e0a454f40636ed
v2PLs-0554ca3e9fec5094,cooperbench,llama_index_task-17070-f1-f2@coop,v2/PLs,v2,PLs,1,8ed2ec837eefd6736e33b786a7f976451df7f3abbd3d573ec485a94f36009579
v2MSm-1d7393a76055bcc2,cooperbench,llama_index_task-17070-f1-f2@coop,v2/MSm,v2,MSm,1,a5868d44131d36000d85616353d29f9ecba6a569137746880429d7c1d40eaf2d
v2MSc-a23708df79750383,cooperbench,llama_index_task-17070-f1-f2@coop,v2/MSc,v2,MSc,1,6befbe5ca88c3c1bbb859443ab33f694656c7b207a53a6aebb16da9fcdad4691
v2PLp-ebb5ac6cbc5ed202,cooperbench,llama_index_task-17070-f1-f2@solo,v2/PLp,v2,PLp,1,1450bd4579629c9134994c52741f58c4e32a2962e4a1d5f89214b76cd9b48e36
v2PLe-197848ddc6fb18f6,cooperbench,llama_index_task-17070-f1-f2@solo,v2/PLe,v2,PLe,1,4060ca76af4a367f04f03ec8eea88cfaa553f356710bf7de4fe64f064e6f9ba1
v2PLs-26ffacfd2c5f83ec,cooperbench,llama_index_task-17070-f1-f2@solo,v2/PLs,v2,PLs,1,b03dcea5bec93827525c70e823543bec4ff602b1671c9451d86d5ba6eb76a9cc
v2MSm-f26648d1968c1dec,cooperbench,llama_index_task-17070-f1-f2@solo,v2/MSm,v2,MSm,1,772a80fb255bc9f16ab4e57f7963daaec4fe5009ce8a523fb9549ddb0d4bb186
v2MSc-f8f4fc85a483f6f4,cooperbench,llama_index_task-17070-f1-f2@solo,v2/MSc,v2,MSc,1,a0a8fe2be48e548db11e4258764c5cdfcf749c9136df5c84908febf9a43c8277
v2PLp-4bfa2f897eae8179,cooperbench,llama_index_task-17244-f1-f2@coop,v2/PLp,v2,PLp,1,44e26c62fff8c9205ca3171c01111b74757b1934fa8a89275361bacfb2b000a9
v2PLe-3ddaac793396372f,cooperbench,llama_index_task-17244-f1-f2@coop,v2/PLe,v2,PLe,1,6ef1d584c754c7dda0cccee9485df2a0922da79a7ae035cddaea9dfc82803d13
v2PLs-ab7c29fe77da56d8,cooperbench,llama_index_task-17244-f1-f2@coop,v2/PLs,v2,PLs,1,7f9463c07c40afc6a09eaaadc9b5499cc934ecf53eeed3eab405f05d02cee297
v2MSm-a691405a5099f68d,cooperbench,llama_index_task-17244-f1-f2@coop,v2/MSm,v2,MSm,1,b375f4e1636b47c244514c7a8d86ac7e1b43c7d9ed7be77c6c31775191a8edfb
v2MSc-66aec97eccedc1e2,cooperbench,llama_index_task-17244-f1-f2@coop,v2/MSc,v2,MSc,1,3125e84222d35dd53ea477eb067b4d9b266e015d9d5353316b2c04d3e79fd32e
v2PLp-9d806a28bd6e5a74,cooperbench,llama_index_task-17244-f1-f2@solo,v2/PLp,v2,PLp,1,9b395a88297e09d0be850e33c1c4656f1307f4ed55c8fd7af647292a7d73347d
v2PLe-74cc6a899ee911e9,cooperbench,llama_index_task-17244-f1-f2@solo,v2/PLe,v2,PLe,1,377b12a4d881b228655dba23f0871b828905e56f1a383eb0ee126ef426601519
v2PLs-7ec09f48322531eb,cooperbench,llama_index_task-17244-f1-f2@solo,v2/PLs,v2,PLs,1,f099456ebaae57b480862756f53fbb5ecbf1b35009a04a799846d9c3616b0290
v2MSm-c84e193d604182d7,cooperbench,llama_index_task-17244-f1-f2@solo,v2/MSm,v2,MSm,1,37e3fb3bb54ec406400ca7987bdc3d6e03f353b0bceda6bec38f67a6da1917cd
v2MSc-a595de126290ea7a,cooperbench,llama_index_task-17244-f1-f2@solo,v2/MSc,v2,MSc,1,9a6f7d86f1a7c7b14fba9979de8c650cd45f625885b0795fe075f6a2a7cfd529
v2PLp-eb4e28fdaeba3eb7,cooperbench,llama_index_task-17244-f1-f4@coop,v2/PLp,v2,PLp,1,0c15da9baccaadef0db6ff4e4175384951b5f105ca32d8687edeee13bd6759e1
v2PLe-a6731dcb431b8261,cooperbench,llama_index_task-17244-f1-f4@coop,v2/PLe,v2,PLe,1,bb35462e262c5f3b9eacaf52519c32f6a47b4937f581963782710eaf8ae232b0
v2PLs-b9f173bc6af37c78,cooperbench,llama_index_task-17244-f1-f4@coop,v2/PLs,v2,PLs,1,a8a73d4c335af5beef08acfd85e8db54f5026986b3cc5313e6f05ade51e94dc0
v2MSm-20833f441eaa111d,cooperbench,llama_index_task-17244-f1-f4@coop,v2/MSm,v2,MSm,1,1b02c550b80dd7326240a41c8619b3830d39469496b1202859ec1b7b0902e59e
v2MSc-e652c7f6626f6992,cooperbench,llama_index_task-17244-f1-f4@coop,v2/MSc,v2,MSc,1,eb69204c936f7b5968ef280dc5f0cfcf0de793d39c93c96ad828bfe43302ce24
v2PLp-cdbe11210d394bfc,cooperbench,llama_index_task-17244-f1-f4@solo,v2/PLp,v2,PLp,1,bb56e7a2ef478a051b18bd78c8a798fcb18116eac70a8df04eed71b82643b3f0
v2PLe-9469e83b96f95003,cooperbench,llama_index_task-17244-f1-f4@solo,v2/PLe,v2,PLe,1,b15521a8ea2dd2bb17c772c4e565d04420f61fe0936cddd6e3f4ad0b294ee2ed
v2PLs-35b7a12a76fd33af,cooperbench,llama_index_task-17244-f1-f4@solo,v2/PLs,v2,PLs,1,6b7f0c1fad75f8738629230e0828795de12017e78f66e54cc4b209f6d7268a0f
v2MSm-0243b74f83f33752,cooperbench,llama_index_task-17244-f1-f4@solo,v2/MSm,v2,MSm,1,4e097832912ccdd8962870c5a02e0ea2c7aa5b1357b6e76f71b450a04bb882a5
v2MSc-340ee0466198b745,cooperbench,llama_index_task-17244-f1-f4@solo,v2/MSc,v2,MSc,1,ed668e3e2e1243a4af616cf911f640be283f3d3c982cd3fb5499e1350ca4a414
v2PLp-3a0b36eac52ee982,cooperbench,llama_index_task-17244-f1-f6@coop,v2/PLp,v2,PLp,1,72ac606bd5dacad6a770a836e6bbdf91f0bb0cd13d2f065cb54d0c189e67cc60
v2PLe-d4cc613749aaf5cd,cooperbench,llama_index_task-17244-f1-f6@coop,v2/PLe,v2,PLe,1,28f93af248cb4d0f4155fc3c23a7abc1cc0f0c215d4bf9451e5254d4c0fd1e4e
v2PLs-e3711f518daac6de,cooperbench,llama_index_task-17244-f1-f6@coop,v2/PLs,v2,PLs,1,559317ab076e0548a1bb128fe46b09b1de63552da46926a6a2f51e75c82caf10
v2MSm-b034f1c7eb307d5f,cooperbench,llama_index_task-17244-f1-f6@coop,v2/MSm,v2,MSm,1,2402ce1e348d22627facd142a9547add4f52a22d833140c2fcfbb70d8edcd2d6
v2MSc-8198599f7cf50014,cooperbench,llama_index_task-17244-f1-f6@coop,v2/MSc,v2,MSc,1,00591e32e87f0c57a3de55e62f2a2781dabc141fcb363c5f0b336eca47f7b985
v2PLp-b65a78bcf90a174e,cooperbench,llama_index_task-17244-f1-f6@solo,v2/PLp,v2,PLp,1,7cc4a283831c6a7f23a645c46149156bad4955be12d694f431f10566713d5fb6
v2PLe-4c99ba55601d42fb,cooperbench,llama_index_task-17244-f1-f6@solo,v2/PLe,v2,PLe,1,2f01aa107f2af3156feade5642f0d0edba071e300aa5b809e08b45b9bed48cce
v2PLs-e44adffeb8fa43d7,cooperbench,llama_index_task-17244-f1-f6@solo,v2/PLs,v2,PLs,1,14798e853ac3b637edac80bf0504eec2ed01d72838cd6ba69bf9906367b1f1da
v2MSm-3ed0bb6955923368,cooperbench,llama_index_task-17244-f1-f6@solo,v2/MSm,v2,MSm,1,6d10f8bafa996be6f2917ae65ac9dfdbf8710c741ec0ff0202f9d2680b509449
v2MSc-785c3933a1c12053,cooperbench,llama_index_task-17244-f1-f6@solo,v2/MSc,v2,MSc,1,5d7a999f26c49de85cdd1b34f4ba5191ab3de2db70e331cc30e7464d430c7aaf
v2PLp-420af13419058113,cooperbench,llama_index_task-17244-f2-f3@coop,v2/PLp,v2,PLp,1,4c8d740e75b171db3928bf11e330f558025975b85093f50edcafa757ab291ad1
v2PLe-7742295f5519b30c,cooperbench,llama_index_task-17244-f2-f3@coop,v2/PLe,v2,PLe,1,288f17c64fc39a476d72cfe40e4a4f34ea5dc53f47667010a4825c66aa512a84
v2PLs-0349c9d7636d98cb,cooperbench,llama_index_task-17244-f2-f3@coop,v2/PLs,v2,PLs,1,e54d29b88618e5cc408b673b08d37c9251002b57a73bc552ef209f69d1eb9b07
v2MSm-77f6145bd90493a0,cooperbench,llama_index_task-17244-f2-f3@coop,v2/MSm,v2,MSm,1,79fbaa751406c086c8e2569fd62d11b2f92fb6ffd85669a7f67ebe14fa73e60e
v2MSc-cd18820531c4d2e9,cooperbench,llama_index_task-17244-f2-f3@coop,v2/MSc,v2,MSc,1,b47fac26c76d2e1b51311ed2d6f5c7f7d802c0017d77a423d73baaaa351df05a
v2PLp-bb98e2eebce00a26,cooperbench,llama_index_task-17244-f2-f3@solo,v2/PLp,v2,PLp,1,885ae1cfce4d16d3230de28340abf8bb04f507b2adcc88a340e9af1f21ea5573
v2PLe-dc319931cb2411fd,cooperbench,llama_index_task-17244-f2-f3@solo,v2/PLe,v2,PLe,1,5d2f089cb1c5a899dab3a6784e033c22061d91a0b76f897632e6661d7649764a
v2PLs-4ef4d63b354cce1b,cooperbench,llama_index_task-17244-f2-f3@solo,v2/PLs,v2,PLs,1,ff3f3fa067cc53a7e291b09e613727068efffa9cd59e61ae11d9b20c94c667cb
v2MSm-2608a2c8ce89e81e,cooperbench,llama_index_task-17244-f2-f3@solo,v2/MSm,v2,MSm,1,2a6c77c9b1bec5bec5cdaae436c573e306f6edbae6631e7ff7cdf42eb0824cb2
v2MSc-a631bd1a8c30ca7d,cooperbench,llama_index_task-17244-f2-f3@solo,v2/MSc,v2,MSc,1,0039937bd7a2fc9f05957fa0a2c9698b9e9c85ce080e30182fab910e408f5fcc
v2PLp-e61de3a830e67be1,cooperbench,llama_index_task-17244-f2-f5@coop,v2/PLp,v2,PLp,1,0973e143daa0812e097dcf92a7488880fb6fd42119f732a35aa38893d4f9c889
v2PLe-053371a13e102a81,cooperbench,llama_index_task-17244-f2-f5@coop,v2/PLe,v2,PLe,1,b4a2c61b93bb1c3de0894b13b3805815681cf53b334302ebf3fb16ccf1df10f0
v2PLs-430a9439f5efe765,cooperbench,llama_index_task-17244-f2-f5@coop,v2/PLs,v2,PLs,1,1a3eb0efb9b0091af72223db8f2e498e574f6584da03b7c61167696bf54f3eea
v2MSm-5918456b72f99aa2,cooperbench,llama_index_task-17244-f2-f5@coop,v2/MSm,v2,MSm,1,8d886bf69ffb46771c5d91ecb755a1c73071c884457c0131fa36ae45221172cb
v2MSc-1b4139f310e58495,cooperbench,llama_index_task-17244-f2-f5@coop,v2/MSc,v2,MSc,1,179638aff74e05d3383411a750bf0cd8fda612823d26b450768441fda81fabc0
v2PLp-ef107000303b5709,cooperbench,llama_index_task-17244-f2-f5@solo,v2/PLp,v2,PLp,1,6a04079792a68c9c2f73498a790f60c89abfdf2be74136d2d70173294490fa55
v2PLe-a9f9b66a7936fef6,cooperbench,llama_index_task-17244-f2-f5@solo,v2/PLe,v2,PLe,1,4938ff511319271cf53418e94162635bc2685092f2277b59213c7fd4a30020be
v2PLs-95ea17e4062a6966,cooperbench,llama_index_task-17244-f2-f5@solo,v2/PLs,v2,PLs,1,132fce63fb5f412355f396a86adf47069189db0b4b3c2a8988a80e730368acd3
v2MSm-b5ba7b10e0ba529a,cooperbench,llama_index_task-17244-f2-f5@solo,v2/MSm,v2,MSm,1,e9acb99054c2854c2726296244b11f1d074f1b4fbc811e3a595bb847778f4832
v2MSc-aacf96ee15b40037,cooperbench,llama_index_task-17244-f2-f5@solo,v2/MSc,v2,MSc,1,d45781a9bdd6a899735e6d4acb5a0c6445016b3cab720dc96cd1e50e7754c412
v2PLp-51bd3142c3475d31,cooperbench,llama_index_task-17244-f4-f7@coop,v2/PLp,v2,PLp,1,54159c5399090bbdc3a416c9d79441794d1c8fe2d8f5a0151dc8d46934cb8a6f
v2PLe-a672dd54cb999fd3,cooperbench,llama_index_task-17244-f4-f7@coop,v2/PLe,v2,PLe,1,b8382c823e70177485f7079133f26d69bba0b14a44248cdb5c518c8e55c1177c
v2PLs-ca20de64356fecc2,cooperbench,llama_index_task-17244-f4-f7@coop,v2/PLs,v2,PLs,1,9c11abda6c8d09cd4d12b2132bcc853a5161d2a4e2ee1857964249047bc91506
v2MSm-1057d2ad8ad3b8c7,cooperbench,llama_index_task-17244-f4-f7@coop,v2/MSm,v2,MSm,1,31594409b5f1bdcba9b1ba00d1c317fa374f0c2eae8280b13f6acbe35e0609e3
v2MSc-535fdeedaf588467,cooperbench,llama_index_task-17244-f4-f7@coop,v2/MSc,v2,MSc,1,6f63997d8b6bd641cf7bc75649afab8cfd5e52843a0789ae6db2e9d4fa113e5f
v2PLp-3eab2c74a8f93e24,cooperbench,llama_index_task-17244-f4-f7@solo,v2/PLp,v2,PLp,1,8ac9573f34f8a7c9aa509fd2b3c00bf1a78f332ef13c82000933986a0257afcf
v2PLe-8934d632952da262,cooperbench,llama_index_task-17244-f4-f7@solo,v2/PLe,v2,PLe,1,1a06ac99dad7cd89e73504fc6089fb13c546a6262f904506fd4ff762d6251eae
v2PLs-34f56857205f16fb,cooperbench,llama_index_task-17244-f4-f7@solo,v2/PLs,v2,PLs,1,ebcc91b11f6a6827f911bab366e9b8f0e34a10598aa346c9ba3cf3bae3c56de0
v2MSm-1d21b3ed38b9b1e9,cooperbench,llama_index_task-17244-f4-f7@solo,v2/MSm,v2,MSm,1,f9895d4bf8a411935233fe6646a3e6cfd8aba0f9752c47a744ee64db698fe3e3
v2MSc-9b9c502c89caac20,cooperbench,llama_index_task-17244-f4-f7@solo,v2/MSc,v2,MSc,1,978de4819659960eeb5bffb2d27d83e164ad28877ee7b11a1f6e1ce40fd97f1b
v2PLp-97fcc753851a67bf,cooperbench,llama_index_task-18813-f1-f3@coop,v2/PLp,v2,PLp,1,5c2b06a6ddfddb26b9bd6e68b4ab1d3aa726097752ebeed3ea15069b54994e20
v2PLe-0b0fabc02c1d0f53,cooperbench,llama_index_task-18813-f1-f3@coop,v2/PLe,v2,PLe,1,815df480f38a3320e848885824248c3ee8d5c3f2d28fc6f06bc10ef2ee4c2328
v2PLs-53b9a526fc21ae01,cooperbench,llama_index_task-18813-f1-f3@coop,v2/PLs,v2,PLs,1,0b10a7287896948abad59546e7fb9d7aa70eb84630f1c24722584560b6e48835
v2MSm-1758f1fb90ba93d5,cooperbench,llama_index_task-18813-f1-f3@coop,v2/MSm,v2,MSm,1,8cfeeb224a05a573666df860121df35181a9fb4b8b452f394245df70626ef300
v2MSc-b0e68e3a447e13fe,cooperbench,llama_index_task-18813-f1-f3@coop,v2/MSc,v2,MSc,1,b73ad4d936d80467a3f683b399a6c85536d254a772cb6cebaab1d42e7e308164
v2PLp-47ddb08b9e34d2f1,cooperbench,llama_index_task-18813-f1-f3@solo,v2/PLp,v2,PLp,1,6fc57ca56bd7efb7e2faff43eaa73f1a9e93b746ebff42d7c4033f83dc480e43
v2PLe-d143a36fbd214c49,cooperbench,llama_index_task-18813-f1-f3@solo,v2/PLe,v2,PLe,1,d20b3df8dcaa02dda5660fae1d7ca8c2be44e3ea10f1ec51ef37b3af410ef899
v2PLs-4df0916f5ad65338,cooperbench,llama_index_task-18813-f1-f3@solo,v2/PLs,v2,PLs,1,254bc29c946d73ab2c7e95d2d3738c7bcb1e34aa8a868f1e8c34146d5d5ec56b
v2MSm-ba6379cfff8c6ec7,cooperbench,llama_index_task-18813-f1-f3@solo,v2/MSm,v2,MSm,1,c646b153c67eda393df85e9163eb3835de0bf2f0af3449510fbfb5d6982950c2
v2MSc-fe75c5d5c87094f2,cooperbench,llama_index_task-18813-f1-f3@solo,v2/MSc,v2,MSc,1,9f279e964cc1dd7b0191fa030aae681361e5c0f74eedb5427388080583fe2c22
v2PLp-76e9aa9f687ebb5b,cooperbench,llama_index_task-18813-f1-f5@coop,v2/PLp,v2,PLp,1,d8352a415999005582eb0a5858d425af2a905cc9d88af27a2bec401d5cb6f39b
v2PLe-6c45501c0bd387cc,cooperbench,llama_index_task-18813-f1-f5@coop,v2/PLe,v2,PLe,1,aabc0f6821fe99653729ed9777b0b1fc61f7459f3c5007242fd5fe8df40bbe16
v2PLs-7c4e1614243ce312,cooperbench,llama_index_task-18813-f1-f5@coop,v2/PLs,v2,PLs,1,1d8fdefa9db7cdc0688ec5e01b5b042a517f22d808a10e20fc283f60a398185c
v2MSm-e0ca0893cfeec1d6,cooperbench,llama_index_task-18813-f1-f5@coop,v2/MSm,v2,MSm,1,bf50870a93f027bd5ab00827a287bc099ea0ab5c8c12499b5ac7a74123eebe49
v2MSc-62a8d3db2b66a797,cooperbench,llama_index_task-18813-f1-f5@coop,v2/MSc,v2,MSc,1,7847df1cfad4fb24491fad44a99d58382a245266d2eade1dbe057d5efadd076a
v2PLp-27d42b74a69bf0e4,cooperbench,llama_index_task-18813-f1-f5@solo,v2/PLp,v2,PLp,1,2334455989b1c42bf1dc674bd2a23f1f4f286c29307fd59a6e518589b133aa5c
v2PLe-1359ffb21977de35,cooperbench,llama_index_task-18813-f1-f5@solo,v2/PLe,v2,PLe,1,74e58317f4b1da2bd45ad25a58afa9629a063bc418597b18d318fa26f2f29e36
v2PLs-76d42a54421073c2,cooperbench,llama_index_task-18813-f1-f5@solo,v2/PLs,v2,PLs,1,0722c2084049a1be7d88cf6ffe94906c3de8ee4360bc1cd9389f8110061031fc
v2MSm-5424fa5e2063fc74,cooperbench,llama_index_task-18813-f1-f5@solo,v2/MSm,v2,MSm,1,7ebb778add3944aeb50884e9271f6da907678f35f840ff981fd6e24790a4fccf
v2MSc-862f3e9ed6a47d15,cooperbench,llama_index_task-18813-f1-f5@solo,v2/MSc,v2,MSc,1,65b910ced288cff39cb94c7410514d287097b767adaed126cd265296809477cc
v2PLp-70bc34b81531d76e,cooperbench,llama_index_task-18813-f2-f6@coop,v2/PLp,v2,PLp,1,d507acc49574a50b708cd3bc72429586e52d90892df78aaf3c2cfc42aa6f977a
v2PLe-1d3a556f140237d8,cooperbench,llama_index_task-18813-f2-f6@coop,v2/PLe,v2,PLe,1,2b84adc944fe8bfcea100951e5a252c55fc964df7b661279b202d2a8f436a4f2
v2PLs-862cdc31fd5b1ae6,cooperbench,llama_index_task-18813-f2-f6@coop,v2/PLs,v2,PLs,1,7c27ce2ef49a4a7842175d884e2882e82925131c55c29e180d2552227efd62dc
v2MSm-91c2cbc626f6806b,cooperbench,llama_index_task-18813-f2-f6@coop,v2/MSm,v2,MSm,1,9469344ca80d805d3e4fd51a7a8585e0e7eeec36c775c6de0b84a682716ce486
v2MSc-a5d01dc78c97b5c8,cooperbench,llama_index_task-18813-f2-f6@coop,v2/MSc,v2,MSc,1,c31b41bd5320d967cd0442cdb29ce36ef56bc2fde17af5b07194bdb6ef55f64f
v2PLp-5da72a9b1067e176,cooperbench,llama_index_task-18813-f2-f6@solo,v2/PLp,v2,PLp,1,690dc44496597bedc16d59d43b6f2fab96b64f72828903c43cd7e5db173a5a49
v2PLe-69aeaa0a34166f44,cooperbench,llama_index_task-18813-f2-f6@solo,v2/PLe,v2,PLe,1,58f67bc3a776e74f296cbf0399e78b36567c634e5fe49ea9bee3e30e08c77af4
v2PLs-dbe37a5913dc6526,cooperbench,llama_index_task-18813-f2-f6@solo,v2/PLs,v2,PLs,1,5651601644c221a2fddf866c6930056ec981442d7c956c5c6cf641aea26609cd
v2MSm-aa08e0db015909ef,cooperbench,llama_index_task-18813-f2-f6@solo,v2/MSm,v2,MSm,1,523e17ebb3b8891c5ed926db46dfc461f1a4828c270469f59066a6cb6be5dd5e
v2MSc-543b803fe8ecc10d,cooperbench,llama_index_task-18813-f2-f6@solo,v2/MSc,v2,MSc,1,4bad08b7753ec7e7bf11878446e41a892a70aa6e1081c8d1d980e8d6a7c00b74
v2PLp-a6c1c4d9564f5745,cooperbench,llama_index_task-18813-f3-f5@coop,v2/PLp,v2,PLp,1,12e95c391a5a7f14312919c71dced1a0818e5e1a8539afa68accb4019e218e9d
v2PLe-f032ebe81331b63b,cooperbench,llama_index_task-18813-f3-f5@coop,v2/PLe,v2,PLe,1,1030b3cbc073da84dbda2d7970dbd7fc41514c822fa1edfb2c0e33ea76ae9d85
v2PLs-764e8be078ae0dc4,cooperbench,llama_index_task-18813-f3-f5@coop,v2/PLs,v2,PLs,1,67a6a42b49d5bfdb49ce4556f7ae21656c994be89855fc244ad0b521e3a48a56
v2MSm-7660b874ce16a594,cooperbench,llama_index_task-18813-f3-f5@coop,v2/MSm,v2,MSm,1,56cd1f122ecfa827eb44c3f49c3aad73e8ecdb913d7821c6cf5e69a5b386af12
v2MSc-2498c81567940f94,cooperbench,llama_index_task-18813-f3-f5@coop,v2/MSc,v2,MSc,1,2b148dfcbcec248c8e6c2f25981491bb575f455530a65123a0303ea99014deb2
v2PLp-bc8f4caeab968fa7,cooperbench,llama_index_task-18813-f3-f5@solo,v2/PLp,v2,PLp,1,dcdea22683ba17888417ee9645ac12700a6ef8e29b3c7754e156ca8e84e686ad
v2PLe-8de4b5ffb0ef82f5,cooperbench,llama_index_task-18813-f3-f5@solo,v2/PLe,v2,PLe,1,05b63954f6ce9f77626f08220180b3574b5994f3f4de54a431aa03d3b1b8eaec
v2PLs-e8112c4e31cb666f,cooperbench,llama_index_task-18813-f3-f5@solo,v2/PLs,v2,PLs,1,ed52927aec5bfae6f84cb0b3569c6c2edeaaffa186876c2fc4bb8280288c3662
v2MSm-c313f17f44f29588,cooperbench,llama_index_task-18813-f3-f5@solo,v2/MSm,v2,MSm,1,76ac415846e1cce1ef0ad3c776809959a724b659566592e4989fa6712844b1e0
v2MSc-5fb36bc65d398655,cooperbench,llama_index_task-18813-f3-f5@solo,v2/MSc,v2,MSc,1,924bbf58b42e7aafb571b72a0db37184c67f0c5f46a4bc958b049cef8e8114a5
v2PLp-d042c5b77587b59f,cooperbench,pallets_click_task-2068-f1-f2@coop,v2/PLp,v2,PLp,1,6235c782a708667f0290b2cd5a239b4040f8ddb7c22f0328bff8d18ef418cf8e
v2PLe-982a98bdee4a3673,cooperbench,pallets_click_task-2068-f1-f2@coop,v2/PLe,v2,PLe,1,cf007e79086871fdc6533daf720eb571d0404ab8049f5a4d8e3df316f319397a
v2PLs-8c5360b3372d0309,cooperbench,pallets_click_task-2068-f1-f2@coop,v2/PLs,v2,PLs,1,7156a6e21dfb65a00e00fef45ecf768a15049b752882d71ebfb4b45456a8a6ca
v2MSm-d773258a554ec57e,cooperbench,pallets_click_task-2068-f1-f2@coop,v2/MSm,v2,MSm,1,5462669e08f69009e923ceefc34e9eba81473dc5072a1963d861b57502547132
v2MSc-295bb209b77ed6b1,cooperbench,pallets_click_task-2068-f1-f2@coop,v2/MSc,v2,MSc,1,52090b71093c385df37a937c4a3dc33a8baead6ff6f80a6760926d56aaa981f3
v2PLp-7f530cb44be84db4,cooperbench,pallets_click_task-2068-f1-f2@solo,v2/PLp,v2,PLp,1,ec16858511d95c93fc0e510e754a83a7ca3c330fa13d8e96ec107594f9ec2a39
v2PLe-db40dbdd89adbd61,cooperbench,pallets_click_task-2068-f1-f2@solo,v2/PLe,v2,PLe,1,09784f4b578cb62df2ab6ffad859924a04d835544a8246af120906bc00e1d430
v2PLs-579e3335f4dbe161,cooperbench,pallets_click_task-2068-f1-f2@solo,v2/PLs,v2,PLs,1,658cfb1454bcaaaae3c271f225998c5372151b100edb6f034441afbb1cbedb09
v2MSm-38034ecdd84e27a6,cooperbench,pallets_click_task-2068-f1-f2@solo,v2/MSm,v2,MSm,1,6ccc74382bc192bd724d5a9e0c4a51013b72fee1e9fb50c2af38f965894bc72a
v2MSc-cfac3dd26c424c09,cooperbench,pallets_click_task-2068-f1-f2@solo,v2/MSc,v2,MSc,1,91b97812cedeaafe306f8d696c350ca28cc4d5987033ce5783abd5b73061cefc
v2PLp-62a2beafbfb24caa,cooperbench,pallets_click_task-2068-f1-f4@coop,v2/PLp,v2,PLp,1,0b9b7355580971ad00ab8c5654241c86cb1d207802934660c8d14d2316ae8ac4
v2PLe-6b455646997be2a6,cooperbench,pallets_click_task-2068-f1-f4@coop,v2/PLe,v2,PLe,1,f6289e9868f10bc2fe2e2e5f8ba91ea7add2df51ec3e7c42c1e1897201d8b96b
v2PLs-ee19ad2c501abdef,cooperbench,pallets_click_task-2068-f1-f4@coop,v2/PLs,v2,PLs,1,51865454d87e6ea5a148ee2ef913122a8a18677d6bea6b4ac934cdd887070795
v2MSm-ff605fddfbcacf4e,cooperbench,pallets_click_task-2068-f1-f4@coop,v2/MSm,v2,MSm,1,b1145d24224d9e21ab10e2505df0a76a308c6b3cffa90ee9c453113d94935a06
v2MSc-4b8c37d40cee53bc,cooperbench,pallets_click_task-2068-f1-f4@coop,v2/MSc,v2,MSc,1,3d5698199139bbfe53a24d2b417a066589ec48e7b6dedf877bcc8fdec57ae071
v2PLp-0338b3a1558cf54b,cooperbench,pallets_click_task-2068-f1-f4@solo,v2/PLp,v2,PLp,1,d936fe442c78f21edebf6789bcc676996b4f390123a3797d856e028802392997
v2PLe-47e95881e512da1a,cooperbench,pallets_click_task-2068-f1-f4@solo,v2/PLe,v2,PLe,1,58042490612def61c294894571b04106f0f2df08fb72834930d221a2ddf2448e
v2PLs-57fa8b47f1a7b80a,cooperbench,pallets_click_task-2068-f1-f4@solo,v2/PLs,v2,PLs,1,5a52aabf8c6a9608d9d1956905074d7d529efc710e50d94b59f565821739b0c0
v2MSm-1041d1f238807db0,cooperbench,pallets_click_task-2068-f1-f4@solo,v2/MSm,v2,MSm,1,088e352ffe3976e9972d45557d735aedcdd1417edf732e56c6faff55f433f42c
v2MSc-a19092d3315d692e,cooperbench,pallets_click_task-2068-f1-f4@solo,v2/MSc,v2,MSc,1,d8df38d496b5b2adf2d11a553bc7be75ae271699b9a75354d48c7cfbd084ae9e
v2PLp-6b330f382d89e13e,cooperbench,pallets_click_task-2068-f2-f12@coop,v2/PLp,v2,PLp,1,d1e94c72e3cc7a38062f35a499a67470b17c601204824f917e38b68cd4309749
v2PLe-ccf2147bb7a8f45c,cooperbench,pallets_click_task-2068-f2-f12@coop,v2/PLe,v2,PLe,1,76822beb6705c3cd47a568a157ea9e06f019e3472526ffce623beb6983f95efa
v2PLs-94608893e2d22cf8,cooperbench,pallets_click_task-2068-f2-f12@coop,v2/PLs,v2,PLs,1,40fdb26866994df597563ef4c4cd18b1af8c767a82108e7b4237da62a54317ad
v2MSm-ba3407e722246b5a,cooperbench,pallets_click_task-2068-f2-f12@coop,v2/MSm,v2,MSm,1,9398939d54157455ee0fa8f20a4a550dc766aecfce16b424e27051522483ad82
v2MSc-40cb7f72e08c46a7,cooperbench,pallets_click_task-2068-f2-f12@coop,v2/MSc,v2,MSc,1,a5d5631b68a9f860ef4bf953645fe30c88a1c767808ea612d7324a6d880b27c8
v2PLp-bb326830cb322153,cooperbench,pallets_click_task-2068-f2-f12@solo,v2/PLp,v2,PLp,1,882e101b6461c1347756ab090a6212e60f3bc99b332cdeda9c82844bccbf800b
v2PLe-1e4c1137316eda56,cooperbench,pallets_click_task-2068-f2-f12@solo,v2/PLe,v2,PLe,1,b4042eae1fe712e41c8399093f35a6ce7a0f382f1fa5a716bcf68ee34c5449ee
v2PLs-f0e79166a85485ae,cooperbench,pallets_click_task-2068-f2-f12@solo,v2/PLs,v2,PLs,1,5aaf08930fb9e93357632c22947a7db2e03310ac80d282455f39bf295215fd85
v2MSm-a6300a8cce19e392,cooperbench,pallets_click_task-2068-f2-f12@solo,v2/MSm,v2,MSm,1,3c1b8686c753cde288a5b03844b134db33ba636840c2061515ed5659c65846e4
v2MSc-697d54ad563503c8,cooperbench,pallets_click_task-2068-f2-f12@solo,v2/MSc,v2,MSc,1,163db6eaf0bcb1430ee048b416d57b07e35c9f6642bb0c215931852ba200e9b8
v2PLp-311a681f1dfe86a2,cooperbench,pallets_click_task-2068-f2-f3@coop,v2/PLp,v2,PLp,1,014341de7356f7f23b278ebe255ea2011de3b93ab42db56c87333cdfabb8fd8e
v2PLe-3ed27b917efe0fc8,cooperbench,pallets_click_task-2068-f2-f3@coop,v2/PLe,v2,PLe,1,20c5ad220283f9a911482d82a6a1ca9b36c0b968509884fc5fa337a4a2b89805
v2PLs-398e74eeb5372149,cooperbench,pallets_click_task-2068-f2-f3@coop,v2/PLs,v2,PLs,1,8d0992b534438baa269260f4f7e9eebfb30cc5fecdefef615fa40d23167df216
v2MSm-dbebf36d765f95e5,cooperbench,pallets_click_task-2068-f2-f3@coop,v2/MSm,v2,MSm,1,54bd700cb8d11abdbcecb0b9e8d3b59d728ad20810a6740314c026f29c7ec986
v2MSc-912dbf009c47605b,cooperbench,pallets_click_task-2068-f2-f3@coop,v2/MSc,v2,MSc,1,9ba8d52c4deba9a999ffcbeebedb099239a729a903cdf76a5df8ac3780f24e88
v2PLp-192557a9cda6cf5f,cooperbench,pallets_click_task-2068-f2-f3@solo,v2/PLp,v2,PLp,1,049439a9a67091c05d3768f9756565751ba14c664a212879c1c96ca0689aa5bb
v2PLe-2c274553913a512e,cooperbench,pallets_click_task-2068-f2-f3@solo,v2/PLe,v2,PLe,1,117f68d7a993200f588183e19e85d0effc3d81c6a29723322a3c7ee401f271c8
v2PLs-f03080650bf9c90a,cooperbench,pallets_click_task-2068-f2-f3@solo,v2/PLs,v2,PLs,1,f1194187cd305ded5bad364309636c2e3751bd77a85cdb6415daee2a20b1ec83
v2MSm-fdfb551d6472688b,cooperbench,pallets_click_task-2068-f2-f3@solo,v2/MSm,v2,MSm,1,af801092ec1b8231aafcf3649bc0f1dfda2d87405b56caf1d652ebd93895e36e
v2MSc-dd1ba6629f108765,cooperbench,pallets_click_task-2068-f2-f3@solo,v2/MSc,v2,MSc,1,78751044e598bd0a6d610755310cc421df883bcc6755791173862391c97f6c65
v2PLp-b681f7efa60f70f9,cooperbench,pallets_click_task-2068-f2-f4@coop,v2/PLp,v2,PLp,1,87b80ff9d6918baa041ed8189c10bf60b540c0a526968510e5b741db4d36a367
v2PLe-b0e42052afb5364a,cooperbench,pallets_click_task-2068-f2-f4@coop,v2/PLe,v2,PLe,1,17ee99b61ef41c6158c36f6b3c20ebc8eb52c9232acf29405973916866057297
v2PLs-9ad7fbff1aa6138c,cooperbench,pallets_click_task-2068-f2-f4@coop,v2/PLs,v2,PLs,1,642ebcbcdaecb7a276dff9f2e48d51598baef2e6953369abaf369503d45a1f68
v2MSm-e4dfeec474600553,cooperbench,pallets_click_task-2068-f2-f4@coop,v2/MSm,v2,MSm,1,ef43dffb147d38cb50bb4ce0435d7ba541d7e5ece815ccc741296e3196739607
v2MSc-bf68fc24998a04dd,cooperbench,pallets_click_task-2068-f2-f4@coop,v2/MSc,v2,MSc,1,3c610c5a1dc69fd01ce71b320232cdfeb2f2828758aceb08df3e3718bbbbd18d
v2PLp-514c6ad7b65fbfcf,cooperbench,pallets_click_task-2068-f2-f4@solo,v2/PLp,v2,PLp,1,c558be125d5a5b98a7865a41613263240ea9677ea753e312342cc8a786cd0f13
v2PLe-6e9cbf3d83f06d00,cooperbench,pallets_click_task-2068-f2-f4@solo,v2/PLe,v2,PLe,1,7c93ed76c5cdaa4aaa2ed2e85dab928d639c518f976e4a516eb4e851777efea7
v2PLs-f28b9035fc2e67ad,cooperbench,pallets_click_task-2068-f2-f4@solo,v2/PLs,v2,PLs,1,c4435fc8dd78199aefae42da4fce72614b06207db061dd104216a08be7eea919
v2MSm-56e2e18c0208d65c,cooperbench,pallets_click_task-2068-f2-f4@solo,v2/MSm,v2,MSm,1,fc916b61d21091ac34b7baf6225fb83b02839e3883b9aadc8e427ad064abec9d
v2MSc-6a1278c0785fe914,cooperbench,pallets_click_task-2068-f2-f4@solo,v2/MSc,v2,MSc,1,eab4f70e1048d34123b69481b74c5757614bec3ac39ba3093c19687915f085f5
v2PLp-1644fe1868f7ef2a,cooperbench,pallets_click_task-2068-f2-f6@coop,v2/PLp,v2,PLp,1,f7d94cb2f0226ff5054099a96d24b34ea212182254642a305b4a19a04cd0cfbb
v2PLe-963b8329a6e6aaad,cooperbench,pallets_click_task-2068-f2-f6@coop,v2/PLe,v2,PLe,1,3b6ebb717f72cceabc6229e57ee5ffab81e8ec58c6d2eab73e9f4d155f119016
v2PLs-120a1ae00d8d0d6a,cooperbench,pallets_click_task-2068-f2-f6@coop,v2/PLs,v2,PLs,1,47973a10f6b659223f8012112c5199947001cbb58cc25f1e3967d4abcabb51ea
v2MSm-20469e725094befb,cooperbench,pallets_click_task-2068-f2-f6@coop,v2/MSm,v2,MSm,1,576cfcc3952b1ae443bdf2a3585779e0a6f771414913c650b4c32f95c76ca424
v2MSc-9955f51d5bf2b71f,cooperbench,pallets_click_task-2068-f2-f6@coop,v2/MSc,v2,MSc,1,b485c4d9af446db2b525a0b94002cca71c16bb74e952612096bc10b75f37a374
v2PLp-bf451633f21c7889,cooperbench,pallets_click_task-2068-f2-f6@solo,v2/PLp,v2,PLp,1,56aaeec96c4118c4e1fcd5103e8441c6ddf87a5d53bd791d3378fbb837898542
v2PLe-1d282122312b6323,cooperbench,pallets_click_task-2068-f2-f6@solo,v2/PLe,v2,PLe,1,d506a64420dc27ac5ee73d506772aeb5c9cc42a164532ef173eb8c84f214f1ab
v2PLs-915898a57a1ca009,cooperbench,pallets_click_task-2068-f2-f6@solo,v2/PLs,v2,PLs,1,7c8d32b5994c3cd6dc4ebfe7b0b3590d4c0b5907a1af0a7e0df19c38db69189e
v2MSm-5ca7231fd7b517db,cooperbench,pallets_click_task-2068-f2-f6@solo,v2/MSm,v2,MSm,1,c18c2001987bef9ff39c21aaf1f9dd03792524359e1eaa55917c26038c579d37
v2MSc-e1c67370aff15a18,cooperbench,pallets_click_task-2068-f2-f6@solo,v2/MSc,v2,MSc,1,a2541c870d34cf37acfe22287fe4e37336ae7817d9c73c21f7831713a5ee5d7a
v2PLp-2399d6b86a81ed45,cooperbench,pallets_click_task-2068-f2-f9@coop,v2/PLp,v2,PLp,1,cfba4f7fab703c3f6905ae611d1f0ad6c5828d5df4df4fc74067256d22eee6c1
v2PLe-e44ad9fe36d703d4,cooperbench,pallets_click_task-2068-f2-f9@coop,v2/PLe,v2,PLe,1,0370ef02057bb349ae9576e60c9147097e264e11d33a790a5ccb20557fe0f032
v2PLs-cd449ec849fd9851,cooperbench,pallets_click_task-2068-f2-f9@coop,v2/PLs,v2,PLs,1,e2049ef41cfb41a53840c4636216cb5a4ca03ccc526e1ce9aadc8960783395eb
v2MSm-75c419e78b75a4a3,cooperbench,pallets_click_task-2068-f2-f9@coop,v2/MSm,v2,MSm,1,d51751b962749b3cca48f77e3404a508ed02b9d1397a516e2a4db686add30213
v2MSc-1cbbae3e198d83e5,cooperbench,pallets_click_task-2068-f2-f9@coop,v2/MSc,v2,MSc,1,49184cdee23010b636fa94d951b13977c472d9a96dee00edcfbc6917fb55fd56
v2PLp-0e7b9925ae881541,cooperbench,pallets_click_task-2068-f2-f9@solo,v2/PLp,v2,PLp,1,5bb8c69dfb920b70b73965edf0e6de7f95666eb88c6a317facea0e144ef72e7a
v2PLe-40095936679698af,cooperbench,pallets_click_task-2068-f2-f9@solo,v2/PLe,v2,PLe,1,c31c85374d1475d26c899b94a9962aaa34582fe93b4e7558d36e279064fe5139
v2PLs-48c0f77005310f9e,cooperbench,pallets_click_task-2068-f2-f9@solo,v2/PLs,v2,PLs,1,337c6e6bf8cc8af1dfe9a7adcc784a8b7fd81d4a41542595f276149c3934cf39
v2MSm-31217784bd4cf2f9,cooperbench,pallets_click_task-2068-f2-f9@solo,v2/MSm,v2,MSm,1,9386411e70111c6def3e9d9daee44011f9610353e343239f79c1ce57f4a92701
v2MSc-8a751ddaf8f9af43,cooperbench,pallets_click_task-2068-f2-f9@solo,v2/MSc,v2,MSc,1,7c2d12e460c9b8a26bb2bfb920852a2293d3016db398302eb2d91cc52e422443
v2PLp-ee9939ac39b2b0d2,cooperbench,pallets_click_task-2068-f3-f12@coop,v2/PLp,v2,PLp,1,51113a1637091b95f0de438a5ea01b758b188c5a03ba146d917abd130583e4b0
v2PLe-f2374b2e95d9e977,cooperbench,pallets_click_task-2068-f3-f12@coop,v2/PLe,v2,PLe,1,10249f4cd6c9c9f3cc44a6023612a3b79aec695e6119176d006ec8ed6dc0f2c9
v2PLs-de1b5fabfcc9a5ed,cooperbench,pallets_click_task-2068-f3-f12@coop,v2/PLs,v2,PLs,1,bc7ffa1149f4f4e6a06656e57438f0acc6cda517b0e017d3c406e3b9ec4f97a9
v2MSm-0796ea0ce627a37f,cooperbench,pallets_click_task-2068-f3-f12@coop,v2/MSm,v2,MSm,1,ab096835a704296a6ef3eaa241d8b0d7cdbe1f7ddf9d7ecddeac735879d8fe6c
v2MSc-3c1e4b43f677e81a,cooperbench,pallets_click_task-2068-f3-f12@coop,v2/MSc,v2,MSc,1,6260a8fee8c687f1ef145e0cb6f1727cb6e975b070e227a1734885326e0e0855
v2PLp-40b018c1ebde2b7a,cooperbench,pallets_click_task-2068-f3-f12@solo,v2/PLp,v2,PLp,1,1af4b10abdf6220f78610c7b67ef55f75503b77c0213f352cff69646888d0052
v2PLe-7c3648f46abcd59b,cooperbench,pallets_click_task-2068-f3-f12@solo,v2/PLe,v2,PLe,1,734f71e54ec3e449b6251f9aafc06e2dc5ee3f052667752dd2ec9fd3feed860d
v2PLs-3e1a6749458bbb5b,cooperbench,pallets_click_task-2068-f3-f12@solo,v2/PLs,v2,PLs,1,225547112ff5c689c2ca2d5cbc9114c127788421acdc7dbf50907565a06d66cd
v2MSm-cd1ae4072cf392c0,cooperbench,pallets_click_task-2068-f3-f12@solo,v2/MSm,v2,MSm,1,6c6913a1007b6ef12ab66f65d51b729613fb7459f21bec97655d865f4ca7e9bc
v2MSc-2d752ee071c9788c,cooperbench,pallets_click_task-2068-f3-f12@solo,v2/MSc,v2,MSc,1,2f25e001ab0d3476674fbc565b68f2f3288d46eb5a2a843dcee29e4cf9ff7c03
v2PLp-67aca04cfd664cba,cooperbench,pallets_click_task-2068-f5-f6@coop,v2/PLp,v2,PLp,1,5450268b448eb702baafcc6e97700332332bc4a048b9d040b6f437af31e929e0
v2PLe-376ba084cab1019b,cooperbench,pallets_click_task-2068-f5-f6@coop,v2/PLe,v2,PLe,1,d972e06ae708cc627547580c51b2093e7eb6bea940cb5154d7a567b400efeb90
v2PLs-5b5feeaee4996eee,cooperbench,pallets_click_task-2068-f5-f6@coop,v2/PLs,v2,PLs,1,7cff3110750e96b6d18359503dc8a2d579f45acc413c942a637d2cfca6acb618
v2MSm-5b376bd775b96c6b,cooperbench,pallets_click_task-2068-f5-f6@coop,v2/MSm,v2,MSm,1,6de7aaeab13bd0daa1895962582b8c9fd21c92af89e576c024272b33f079245a
v2MSc-9aab8619f8fdf6b7,cooperbench,pallets_click_task-2068-f5-f6@coop,v2/MSc,v2,MSc,1,3ec1c0ce9ab1d876ad6c9e9d41dfacec12ac593d51e1e53ccbe4f19a014dfc71
v2PLp-c97862589e868c67,cooperbench,pallets_click_task-2068-f5-f6@solo,v2/PLp,v2,PLp,1,7bb7287e5b2b2403e719e109ad62e067c9594dacfe648780eeb4fb5b9df33ef8
v2PLe-6c6bf7d16980805c,cooperbench,pallets_click_task-2068-f5-f6@solo,v2/PLe,v2,PLe,1,e6a8975533e08c46292fc4e72811180775a3c89e76d3030cc26ef87bdee32c73
v2PLs-c77094a11ca970c6,cooperbench,pallets_click_task-2068-f5-f6@solo,v2/PLs,v2,PLs,1,ae0a982298b4f408739cd5025707bd6dac0b5190bbd1c80938bd3cf755c4e087
v2MSm-3319ed93e6e18889,cooperbench,pallets_click_task-2068-f5-f6@solo,v2/MSm,v2,MSm,1,7e8efc9fe79656a88f758dbcc997f16f453f2da33aa0b417b4b035cbaaf463d4
v2MSc-07743f4808cc38e1,cooperbench,pallets_click_task-2068-f5-f6@solo,v2/MSc,v2,MSc,1,0efcc7ad11da8f7d7b9608946c7576f197c3932886cadd6f8e7e5b2cf2641a98
v2PLp-035c1b0d43854b6a,cooperbench,pallets_click_task-2068-f6-f11@coop,v2/PLp,v2,PLp,1,c96581268f8fe69957385ee04f1bc5487aef217038a20a1578efb50048963f89
v2PLe-7e4263a70be3dce8,cooperbench,pallets_click_task-2068-f6-f11@coop,v2/PLe,v2,PLe,1,5d0627d5abe4c749c9ab8021afe78e0206a173292ecd4071a6f2b150985cf739
v2PLs-cf484eb850b8be1d,cooperbench,pallets_click_task-2068-f6-f11@coop,v2/PLs,v2,PLs,1,b88fa418627cddfb6897e60e026868419936a9300ee2a14a6f86a1ab22b4021b
v2MSm-3486ce3fb972280c,cooperbench,pallets_click_task-2068-f6-f11@coop,v2/MSm,v2,MSm,1,8a1300b09155d8f9eb49f53213321a0d31c433648569d9e338e72ceb75ed82e8
v2MSc-cba4518cd0732d19,cooperbench,pallets_click_task-2068-f6-f11@coop,v2/MSc,v2,MSc,1,848bfc684df55efa3d03cfc50b0b5af42f9ff26790fc11651857982082365fa4
v2PLp-94774d285f56d758,cooperbench,pallets_click_task-2068-f6-f11@solo,v2/PLp,v2,PLp,1,43f207b44b3e102fe9a32686e6a2ed76389e1f7649348a5013531533bf11abe2
v2PLe-e381bd3a69942ec8,cooperbench,pallets_click_task-2068-f6-f11@solo,v2/PLe,v2,PLe,1,ff643cce413b0b45793ca5af64b45f88a0e947ab4057b6e9ef527d2b43776c7b
v2PLs-013c0fe8caf6b14c,cooperbench,pallets_click_task-2068-f6-f11@solo,v2/PLs,v2,PLs,1,c287181d1ed0369a1e87cc8f7327fae06021af7a9211526c3083e5d226519304
v2MSm-1e668927ca273930,cooperbench,pallets_click_task-2068-f6-f11@solo,v2/MSm,v2,MSm,1,bef2363c104161584be046231377170fd94f619543a767e1647a8660ce4821e7
v2MSc-901a9243219fc7ee,cooperbench,pallets_click_task-2068-f6-f11@solo,v2/MSc,v2,MSc,1,368537e22b1afbc83dfb4a58ec180d4233ba874cf0318077cc7193ed6a5beb41
v2PLp-05722e610324d384,cooperbench,pallets_click_task-2068-f6-f12@coop,v2/PLp,v2,PLp,1,3d12893f852209cfe7373ff228650d1b752a67beacef27871c45d0bce85d2ac3
v2PLe-d53f0e1b0afdc0bf,cooperbench,pallets_click_task-2068-f6-f12@coop,v2/PLe,v2,PLe,1,e4d0a3c9efb88be756935c9c3ea55a3df83305ce3c343ea759a2dfae9ce2bacd
v2PLs-1c92122f91e090a6,cooperbench,pallets_click_task-2068-f6-f12@coop,v2/PLs,v2,PLs,1,e1fc150b8665f555fee5dda03b48b85215feeca08af4f55b9db28bace434915c
v2MSm-017e9786c93453cf,cooperbench,pallets_click_task-2068-f6-f12@coop,v2/MSm,v2,MSm,1,4c3b2c82e55eb50af7484a2347a514e47d8d6c740f3c30cd9246899ed9f746f7
v2MSc-1b7eb2880e6b0246,cooperbench,pallets_click_task-2068-f6-f12@coop,v2/MSc,v2,MSc,1,88950cbbcd128aada7252cb1442a0781ede55eba2069a841876152c10db868b3
v2PLp-fa07cfbb501931f7,cooperbench,pallets_click_task-2068-f6-f12@solo,v2/PLp,v2,PLp,1,89ac4cfe02eaaf243b9c6c206612b684adc2d63261d8d326dab31a4407285aab
v2PLe-40c0d3f892def363,cooperbench,pallets_click_task-2068-f6-f12@solo,v2/PLe,v2,PLe,1,c7826d0d3fd45e40ff7e468409f5e82b2a0488c45f235fec178ecbbb8c93dff0
v2PLs-810aeb42a54c8704,cooperbench,pallets_click_task-2068-f6-f12@solo,v2/PLs,v2,PLs,1,0fa9df32eaac4494c7d3f0fe0646ce0b5e434eb10a98ba26fb7e538db98138e9
v2MSm-1466c10f74c063ee,cooperbench,pallets_click_task-2068-f6-f12@solo,v2/MSm,v2,MSm,1,766d0af763dc62f75a077d3027841491a6dd4a59b8cf814b7be2bdf2fd42211e
v2MSc-8c0a136f0352e197,cooperbench,pallets_click_task-2068-f6-f12@solo,v2/MSc,v2,MSc,1,ed3eebb6422b5d155fe97c777d9740359819c759fae371b9cf5349fe4ddf30f1
v2PLp-07455b80c9c5ef22,cooperbench,pallets_click_task-2068-f7-f8@coop,v2/PLp,v2,PLp,1,36dcb162223279c6de421b36d5f53c6eb8696a0553093f0b19892fb7b0ede33c
v2PLe-980ad06fe1eaec07,cooperbench,pallets_click_task-2068-f7-f8@coop,v2/PLe,v2,PLe,1,d1cc8f855db0667de9c6cfc172cce4ab2f79b2f3c39cfea74988bbbe3e64e185
v2PLs-2608ce5c504d4f8f,cooperbench,pallets_click_task-2068-f7-f8@coop,v2/PLs,v2,PLs,1,c1e8a722a6542b9bc94493a5bd20bf5e7d1d1dbe204c28916ee61d90de44f831
v2MSm-9d1966fa1b418e33,cooperbench,pallets_click_task-2068-f7-f8@coop,v2/MSm,v2,MSm,1,8a8d27d7829a02b973ee1ae34e98537d700379ec7b8294306eae509ba890a640
v2MSc-085f91c800124765,cooperbench,pallets_click_task-2068-f7-f8@coop,v2/MSc,v2,MSc,1,f9da91b64339e6bd3ca93d1d85b0c4dace91334939c22c4a819e8f73363cf27d
v2PLp-f27d1d5e2ddbdb90,cooperbench,pallets_click_task-2068-f7-f8@solo,v2/PLp,v2,PLp,1,6159cab3013add261174f822a9b3ca3cf1f3b407ce2a5021e05d6a972d7ce965
v2PLe-cdfaa423126ed7fa,cooperbench,pallets_click_task-2068-f7-f8@solo,v2/PLe,v2,PLe,1,0d1add5478802d9dbf203e4bd759e6c683f66443c95a58ddf9e0b196f0531ed9
v2PLs-951feab767b84560,cooperbench,pallets_click_task-2068-f7-f8@solo,v2/PLs,v2,PLs,1,febb41dff48587e62d6d9021fbe34d3192ba783dc5c8fc1ae1d707463dd210b7
v2MSm-c5b74d35468cb051,cooperbench,pallets_click_task-2068-f7-f8@solo,v2/MSm,v2,MSm,1,70eb48b61e2c9d6b4230c9c0c8791cea08a7f3380f0ab1ee16d982130cc9ac9d
v2MSc-e89e41ea4000d1bb,cooperbench,pallets_click_task-2068-f7-f8@solo,v2/MSc,v2,MSc,1,693d0d7a73656b87494ea7aaad8c75a786ae6440654a8d6c5a65bb438b71b392
v2PLp-006f26cbf16a5552,cooperbench,pallets_click_task-2068-f7-f9@coop,v2/PLp,v2,PLp,1,e967193b2ec3f901c66cbacb0e96757ecbd0e28e1dca997d1bbc66434a0163c6
v2PLe-ff24d5363b596e34,cooperbench,pallets_click_task-2068-f7-f9@coop,v2/PLe,v2,PLe,1,be1a6c0f72cd29590a75e78cc19e62cc08eaac1a29a13520a2a4edb22b9e202b
v2PLs-3bf6b6c91f7808b4,cooperbench,pallets_click_task-2068-f7-f9@coop,v2/PLs,v2,PLs,1,dcc20c0f6a45931f435c7792c4beef3ad9c23a113a1be6124c9b1b7bb084efc6
v2MSm-88615513423ff9fb,cooperbench,pallets_click_task-2068-f7-f9@coop,v2/MSm,v2,MSm,1,e04e78d991e7fe2ba1d4443e7fcf627e83fd80236ce68e966b0955567bf1f9f4
v2MSc-274474951b2a5f2a,cooperbench,pallets_click_task-2068-f7-f9@coop,v2/MSc,v2,MSc,1,d56ba2133e979bce87d3b9ae1bf4630a557216b3e6692080bb672dcdbc9a047b
v2PLp-6fbc68b81336eea4,cooperbench,pallets_click_task-2068-f7-f9@solo,v2/PLp,v2,PLp,1,8b0d7d4ce7488daa776938bb661a413f82fe9e643ead2687bc5f7caf59971eb9
v2PLe-15bf78a72e45c184,cooperbench,pallets_click_task-2068-f7-f9@solo,v2/PLe,v2,PLe,1,512334796af619cb23107b3c2ce14c4c2131d96dd74d5df7625c43faa07515f6
v2PLs-47d1a6de8d4919ef,cooperbench,pallets_click_task-2068-f7-f9@solo,v2/PLs,v2,PLs,1,43824ab8ed9410f781e45c5ff7eb1a8aa25883db8b90e325ff4279389734aaf3
v2MSm-1807d3ad554f524f,cooperbench,pallets_click_task-2068-f7-f9@solo,v2/MSm,v2,MSm,1,194dcbf849639a8d4bad542f4a1ce07eac1f38c353972f5e891fbf2cc58ea502
v2MSc-f7f42d4d67583e3c,cooperbench,pallets_click_task-2068-f7-f9@solo,v2/MSc,v2,MSc,1,611f924c32427adce16e837487ba01d5cbba29856acd4a32e131babb398d421b
v2PLp-0d2d74da113a5b3e,cooperbench,pallets_click_task-2068-f9-f11@coop,v2/PLp,v2,PLp,1,63c54e1061b5b921d4dc1e2d9e30c079ae876b028181e2b4765b46bc9705d71c
v2PLe-dd0b226541803071,cooperbench,pallets_click_task-2068-f9-f11@coop,v2/PLe,v2,PLe,1,bbab715db494b7055ea587fc526e05de56fe46938431d7f4244a1db860e25182
v2PLs-5e1503af823d11df,cooperbench,pallets_click_task-2068-f9-f11@coop,v2/PLs,v2,PLs,1,c669e9d29c58519ac743164a2ea60a60fa634b4415bf5f7136fab9154e404ce0
v2MSm-8fae7e7ec3cfc40c,cooperbench,pallets_click_task-2068-f9-f11@coop,v2/MSm,v2,MSm,1,b72429f74ea30a0a1748115c020a6d3a2e8d9a50b2901a7b74cb1c3e0481c4bf
v2MSc-3dfabf982793ca6e,cooperbench,pallets_click_task-2068-f9-f11@coop,v2/MSc,v2,MSc,1,9e4a25a59300c3a22ddd4099a2a19f6f89f6b2969c9cdd10ae8076a5fbfe7aeb
v2PLp-395fa565c2b172e5,cooperbench,pallets_click_task-2068-f9-f11@solo,v2/PLp,v2,PLp,1,296e761461d211d471a15092f939f176b338fd12e5cb2e0a6919bc0295882878
v2PLe-4e1409a12706e10a,cooperbench,pallets_click_task-2068-f9-f11@solo,v2/PLe,v2,PLe,1,092f8647f6c7fc03312e43ce30d22134a321bd12ef850636055714b2d15c48be
v2PLs-f91c5fd9bf926a30,cooperbench,pallets_click_task-2068-f9-f11@solo,v2/PLs,v2,PLs,1,127ac8335e33e07d652e29824ae3bfd15089e0bb130d90f63bc924a14c8917ea
v2MSm-ecc0547fbb5a11d8,cooperbench,pallets_click_task-2068-f9-f11@solo,v2/MSm,v2,MSm,1,bb64f9c9356584a7f866c115f7139657c02fe6f65b9b748c6a9e32fda46aca36
v2MSc-55ee27604eae6878,cooperbench,pallets_click_task-2068-f9-f11@solo,v2/MSc,v2,MSc,1,f0b385b3b9e764674b7292dc60fa563e2b962aff108f3157900b43a427a4ffa9
v2PLp-0cd540efe13b96e4,cooperbench,pallets_click_task-2956-f1-f4@coop,v2/PLp,v2,PLp,1,d2c5112b51154bfac3d6845354ca2f926fb8dc17122f3016953862434c749fad
v2PLe-30c97e20d32f6fbd,cooperbench,pallets_click_task-2956-f1-f4@coop,v2/PLe,v2,PLe,1,04c2c329965fca2e85adda445f71b99382780784b6804ba17f390305c594eb34
v2PLs-686b0aefa5fe8dd2,cooperbench,pallets_click_task-2956-f1-f4@coop,v2/PLs,v2,PLs,1,8f50f6c42968d84180ecdfc4f485a927a9f77be9859d4c193bbf0c9532ed4e70
v2MSm-7fbe0fb0e6fa138e,cooperbench,pallets_click_task-2956-f1-f4@coop,v2/MSm,v2,MSm,1,958c056af35b3b140b0287fce9993704e6ed5e963b6d96c9bad3efc5e6482590
v2MSc-56a51a2a54fac9a6,cooperbench,pallets_click_task-2956-f1-f4@coop,v2/MSc,v2,MSc,1,47855bcc23341f5cd8d66e7b2d642f459d79945bea2a015284cfd5e2eb3646be
v2PLp-4e836eeec6b10afe,cooperbench,pallets_click_task-2956-f1-f4@solo,v2/PLp,v2,PLp,1,604e6fcf7173fbf625d4dfc1d4b2214104866ae8d15e1a5661439d859c648e50
v2PLe-5d212e6f6cc66f53,cooperbench,pallets_click_task-2956-f1-f4@solo,v2/PLe,v2,PLe,1,6a780cbe07c8f2d6b5376ee6c8e2b27578b91daaa0d0b8d04ac45689426f7b41
v2PLs-a3d17fe65acdbe1d,cooperbench,pallets_click_task-2956-f1-f4@solo,v2/PLs,v2,PLs,1,b09ce8f75d4c224e7e2224965a6b62163197b04504536590bdafa8563e80511a
v2MSm-bffa67a76d940658,cooperbench,pallets_click_task-2956-f1-f4@solo,v2/MSm,v2,MSm,1,78e81ff990309acc6bb763c2797df6aa7bb877ffde8e150341d55ee820ea5b36
v2MSc-5bdae606b534a096,cooperbench,pallets_click_task-2956-f1-f4@solo,v2/MSc,v2,MSc,1,42eb0b095618d1dd5488ea08143b6d5e7018934d1b070e281b429c8959c7b888
v2PLp-c15721d3261e0c1d,cooperbench,pallets_click_task-2956-f1-f5@coop,v2/PLp,v2,PLp,1,8f2ae8b5d0114694f4be270a99a35ee2562e6fb49c34109ad46192e745a27af4
v2PLe-00a3e97530f82662,cooperbench,pallets_click_task-2956-f1-f5@coop,v2/PLe,v2,PLe,1,6c0dc6853fc46af6cf625c8394658c3ded7fc04b7ee07f95b495fbbe43cfa35c
v2PLs-dbe40b30517cb8b4,cooperbench,pallets_click_task-2956-f1-f5@coop,v2/PLs,v2,PLs,1,a12f51c67526a4e7e6d210d1b326a5201a03c36b98aaeb910b2099673b9d266a
v2MSm-e5c200ed1c3baf29,cooperbench,pallets_click_task-2956-f1-f5@coop,v2/MSm,v2,MSm,1,59e76a73366c0449f9165204428230123ab9fb1784d5e5d48d4ce713b54f9a47
v2MSc-06c156fbddcc111c,cooperbench,pallets_click_task-2956-f1-f5@coop,v2/MSc,v2,MSc,1,b0fd45d79876579779bcd03dd46d9295fac77ca866bd27cb2b2c4b92ed70b3cc
v2PLp-0e001459295eb5b5,cooperbench,pallets_click_task-2956-f1-f5@solo,v2/PLp,v2,PLp,1,7deb70c7df45204e0a899e190bbfcda63628e898e14112fc8ceb7b26a6b97bdf
v2PLe-907b16cb20d5185f,cooperbench,pallets_click_task-2956-f1-f5@solo,v2/PLe,v2,PLe,1,ea32b72efa50d18e3e41676690e0791842a82f5393a671a4ff2bbea75b9ea220
v2PLs-229a5018dabd1e0b,cooperbench,pallets_click_task-2956-f1-f5@solo,v2/PLs,v2,PLs,1,4dda3926bf7eb591b0b901f2e93724458ec67dac386fd9d5343d266e4a091092
v2MSm-aef113340c3984c6,cooperbench,pallets_click_task-2956-f1-f5@solo,v2/MSm,v2,MSm,1,4da81ec41e3c1917b077549ec96be1437fcb2ee8255a251a11bce22cc1d1493b
v2MSc-018ca027f0448347,cooperbench,pallets_click_task-2956-f1-f5@solo,v2/MSc,v2,MSc,1,b31631aba6c6aef140967a053e86ad85827f84d9c3c0520ac6618e72b5b8594d
v2PLp-4a692393388879cd,cooperbench,pallets_click_task-2956-f2-f8@coop,v2/PLp,v2,PLp,1,5c5de72fc468d1888d41fbdb567e483775a9fc0ac4b6c385ea764eebf37e5a96
v2PLe-5eb32f4436fb67dc,cooperbench,pallets_click_task-2956-f2-f8@coop,v2/PLe,v2,PLe,1,9bb29c5567b25e5ae0ebac99c2f96651e767ef65489b307406cd9b9f0a5262ce
v2PLs-4ccf819423b24c93,cooperbench,pallets_click_task-2956-f2-f8@coop,v2/PLs,v2,PLs,1,4bc993fea1a738f32ed83934e0a10af4e4527ed2c81807fbb7e2970ac1151640
v2MSm-7a8597fb3eb51ab1,cooperbench,pallets_click_task-2956-f2-f8@coop,v2/MSm,v2,MSm,1,9a13b539fc0ea8b9495d1b0aa9ee594d4c01afd5b531562e86b4afcbd2aade30
v2MSc-78a7b9d2d163d43e,cooperbench,pallets_click_task-2956-f2-f8@coop,v2/MSc,v2,MSc,1,b89e675632d0e50fb31895933e0659569078e2ce8280ec725f59b9a1cc829a65
v2PLp-7b45fb682ab538c2,cooperbench,pallets_click_task-2956-f2-f8@solo,v2/PLp,v2,PLp,1,2ac05240e5625f02029e292f16a656f1aeee3499c1ec3ca3fa0d4d4aecc6835f
v2PLe-f902a1d3c88a531d,cooperbench,pallets_click_task-2956-f2-f8@solo,v2/PLe,v2,PLe,1,ca344564614298a75aefe574b916bfefc896038a4666ff2448c894ff396c2522
v2PLs-5044a1f37b668193,cooperbench,pallets_click_task-2956-f2-f8@solo,v2/PLs,v2,PLs,1,d0aa8dc367d52536201a10cefd065565ab5530bc7b7a0083074f09b547a2ce63
v2MSm-00b66a9cc6d55beb,cooperbench,pallets_click_task-2956-f2-f8@solo,v2/MSm,v2,MSm,1,b467f595cdec7fa91eff7074ed5c579d197736c11496d1116c6c80561277abf1
v2MSc-730e4f7699476b6b,cooperbench,pallets_click_task-2956-f2-f8@solo,v2/MSc,v2,MSc,1,2f6d6893577984b692e6aca984046953d9df7c796cc6868bc32c33e96ef3d716
v2PLp-63f255256dea579c,cooperbench,pallets_click_task-2956-f3-f6@coop,v2/PLp,v2,PLp,1,f7c1b510074e7e1aeb42c8862e85a8c29cc1c380650a1abec7db8f464ec4036c
v2PLe-2f7ba39e512a906a,cooperbench,pallets_click_task-2956-f3-f6@coop,v2/PLe,v2,PLe,1,c1129a07bcc4548a6316feed28196f5ea5248c9b7607db66d1d9c5cef34a784c
v2PLs-90aa6787ba2fca9e,cooperbench,pallets_click_task-2956-f3-f6@coop,v2/PLs,v2,PLs,1,7754668a10cc410a465c7d6fcde09f256b6abd1972d79a411695c7c75b1a5b51
v2MSm-68032221d990f8f5,cooperbench,pallets_click_task-2956-f3-f6@coop,v2/MSm,v2,MSm,1,2be0bbe5895266ebec265870de12891d138b5032e6ae84d5b7623abf65cb1f06
v2MSc-38158bee8cd0d3df,cooperbench,pallets_click_task-2956-f3-f6@coop,v2/MSc,v2,MSc,1,ee8cc2dd4177a6268ee2498b3708eed478c7cdc28abd9d7058f6b56518d2206f
v2PLp-665621e565276734,cooperbench,pallets_click_task-2956-f3-f6@solo,v2/PLp,v2,PLp,1,52b5730fe3c538fc98dd215bbf2aa1ba1ab7943450fcbeb00df8616cfcd181db
v2PLe-6442fa840c320414,cooperbench,pallets_click_task-2956-f3-f6@solo,v2/PLe,v2,PLe,1,d92598fcee6250e82afd06dec8d6809ad8c711ebe05fc9c546a7ad8eacab99ce
v2PLs-c2d8dd76325b448f,cooperbench,pallets_click_task-2956-f3-f6@solo,v2/PLs,v2,PLs,1,2ea6c5b61d62d857365fd911bc792c10ac288a7357a9abc0ca290df2faafff7a
v2MSm-bc9b7e6486c0c096,cooperbench,pallets_click_task-2956-f3-f6@solo,v2/MSm,v2,MSm,1,28478d5c2e121d882eedfb48493c93c0078f00878a525e44c569e95462f96b7b
v2MSc-39c32eebe15f8d01,cooperbench,pallets_click_task-2956-f3-f6@solo,v2/MSc,v2,MSc,1,d57c85f42288f655a2f04b8c45e789f9ca2172eee5131359796956c20f49ac9a
v2PLp-72550c6bb45557f0,cooperbench,pallets_click_task-2956-f4-f6@coop,v2/PLp,v2,PLp,1,f97f976f20e88155d564565d65b2f5cd3e6905c1191dc58f1fb0a13bcf515fe0
v2PLe-4c6ab96e67d49755,cooperbench,pallets_click_task-2956-f4-f6@coop,v2/PLe,v2,PLe,1,eca376a839a0c504dc713ee06f3b2d3717f8cc8ea85d69d1cc635e14ce5cb9a1
v2PLs-2d2fa5cbc7b6980a,cooperbench,pallets_click_task-2956-f4-f6@coop,v2/PLs,v2,PLs,1,724dfe2eae421402d08d671b6d2976cad108d0a5af21bfc7266fa73e70a5e38b
v2MSm-97a840f1b8f5dc12,cooperbench,pallets_click_task-2956-f4-f6@coop,v2/MSm,v2,MSm,1,ce06fde3c0ad4ffd8c16d395a3cbebb81aa354b001e69048f6f05a378ef81240
v2MSc-69045823c7ee8294,cooperbench,pallets_click_task-2956-f4-f6@coop,v2/MSc,v2,MSc,1,5a54ff9666d4578612cb27dd50f40fe86fba48723d558d50830559fe43f23910
v2PLp-5b9906abd496b17c,cooperbench,pallets_click_task-2956-f4-f6@solo,v2/PLp,v2,PLp,1,9740940fec1ff9c2a3bde8a0b1be6da1eb0c4de067e232e9b4f6ac039aa68c1f
v2PLe-b3e6a63b1dbc2dbe,cooperbench,pallets_click_task-2956-f4-f6@solo,v2/PLe,v2,PLe,1,5abe74c3a3860faa646d15669f1d5fe9b9bdcfd2a44d73a09af86322a8f1be2e
v2PLs-d55cf7b6f268bf5b,cooperbench,pallets_click_task-2956-f4-f6@solo,v2/PLs,v2,PLs,1,04142419f159bef46a535701782d35d03ce52693cb6f9e0d3fbcc7ae4d02d624
v2MSm-c44da88f1b19d7e3,cooperbench,pallets_click_task-2956-f4-f6@solo,v2/MSm,v2,MSm,1,dd79dd6674826042d7ace06a69381e549c16341a44d8ad8507087f34faae378c
v2MSc-098107e29b907221,cooperbench,pallets_click_task-2956-f4-f6@solo,v2/MSc,v2,MSc,1,5fa5475a61b0c6ad236034318f41204d9449c6551cfa34592763e3f4a6a14ff5
v2PLp-a3e51355b7a01fc4,cooperbench,pallets_click_task-2956-f5-f7@coop,v2/PLp,v2,PLp,1,0ce1baf5226669cf616862fc199ed22767aa681a3e5c5b58b08c17b477d06f3b
v2PLe-e2bbd4d6b822529d,cooperbench,pallets_click_task-2956-f5-f7@coop,v2/PLe,v2,PLe,1,fe75de405816380af4add43788d1d1322c7529336139923f8c26a15bf5d5d7b6
v2PLs-21bdd268f72261f3,cooperbench,pallets_click_task-2956-f5-f7@coop,v2/PLs,v2,PLs,1,d0da87dc47779101a939882f1621d373d7d66af43404062de5a2287b95c73f2f
v2MSm-5644fd633af0814c,cooperbench,pallets_click_task-2956-f5-f7@coop,v2/MSm,v2,MSm,1,da7d4bf0baffe1cd0e6108112a01e3855c363788d1c04da83ed586e8a74a3779
v2MSc-d053803088f809d0,cooperbench,pallets_click_task-2956-f5-f7@coop,v2/MSc,v2,MSc,1,7e2088190b5cbd1e2c69410f679111d0e95e69ca68ce3ce590303ccc6931bd36
v2PLp-f2fe55f9aaf437a0,cooperbench,pallets_click_task-2956-f5-f7@solo,v2/PLp,v2,PLp,1,fa02292af05e6c9aa4e1f74f3c9e755e71b7875642af49cae370c09c41a39588
v2PLe-01c4ffcbb5aa7bae,cooperbench,pallets_click_task-2956-f5-f7@solo,v2/PLe,v2,PLe,1,7b1ae941571a2866932f2b815ae412aeb15d4fa67ed466a23ba8d6ed1a5c8617
v2PLs-ad69b67f0e3afede,cooperbench,pallets_click_task-2956-f5-f7@solo,v2/PLs,v2,PLs,1,541d17c4854b032b8a2c66bf3aacdfe4a5d5d07f29bcda414b477ea931b4b1af
v2MSm-d12e12783d885d74,cooperbench,pallets_click_task-2956-f5-f7@solo,v2/MSm,v2,MSm,1,1b3f238d1774b44d1e6a2454f43ba8b172db6909241ff9eec6ad2a5bdda62d25
v2MSc-7c94ed2bf8dd121b,cooperbench,pallets_click_task-2956-f5-f7@solo,v2/MSc,v2,MSc,1,fcea926ed524f53d93437fdd152acf1a446b8d330379bc81f2c8db11e7b620f5
v2PLp-662c59533cb35ce9,cooperbench,pallets_click_task-2956-f7-f8@coop,v2/PLp,v2,PLp,1,090ed319a7f73a597ae0f32e676b30241373fd6e865237ea3ff918749e0ba654
v2PLe-a814363bb5ef7579,cooperbench,pallets_click_task-2956-f7-f8@coop,v2/PLe,v2,PLe,1,0785a890a6cbc99589e392e40581080931e74c09532f0695945fd5bccd5754d8
v2PLs-a7e68f9f2a42907e,cooperbench,pallets_click_task-2956-f7-f8@coop,v2/PLs,v2,PLs,1,0744a70f1c4bdd7cf46693bb1e271f526a7a226b7e7fd02d0ae987d9d8cc16af
v2MSm-1273ce54ae07e0e4,cooperbench,pallets_click_task-2956-f7-f8@coop,v2/MSm,v2,MSm,1,fa79cca0e9ce496808ba37ce9bf6eb2d2d5936d5ebca55b9d5c6067cf9bc31a8
v2MSc-ea0dd1cd476833a1,cooperbench,pallets_click_task-2956-f7-f8@coop,v2/MSc,v2,MSc,1,fab04433550962a9ad569872000bab2aab4ea17520599cd92c85b10c4ad8b105
v2PLp-d51a37ff03258a4d,cooperbench,pallets_click_task-2956-f7-f8@solo,v2/PLp,v2,PLp,1,cf27acfd7fcc2b1d68b0eddb8e1ae55ce7cf721c6072a47912a8caf17aef3977
v2PLe-68bb62ca06e2eb8b,cooperbench,pallets_click_task-2956-f7-f8@solo,v2/PLe,v2,PLe,1,a4370e49c7857ee52b10286e58b8398020a3c35e5dc380054a28bc15d76940c2
v2PLs-e214f34ff42c21e8,cooperbench,pallets_click_task-2956-f7-f8@solo,v2/PLs,v2,PLs,1,88c8ace6d68c136e5431c08f9396158d470cdc89a23ad3fb2b40154cd185833e
v2MSm-48c838dcbb78d043,cooperbench,pallets_click_task-2956-f7-f8@solo,v2/MSm,v2,MSm,1,51c950caf2ba76440199a06cf224b6c74d85987a04db74c6eaac4a6ef7d4d213
v2MSc-613dcab591924805,cooperbench,pallets_click_task-2956-f7-f8@solo,v2/MSc,v2,MSc,1,800742792e6d6d416b66bdb50216f34be800fb7f542f7ab3d7014aa3d3ee9a45
v2PLp-ed36733cfee915fb,cooperbench,pallets_jinja_task-1465-f1-f2@coop,v2/PLp,v2,PLp,1,435c605992104d4e5dbd3ba5fbadfbee16ec011c11012ba28aed144238eff0a0
v2PLe-ccf889c1e48649ca,cooperbench,pallets_jinja_task-1465-f1-f2@coop,v2/PLe,v2,PLe,1,040dd0be9e15eb8cad0513ef07c849513f3dc1b225ac4ea8411e004e5307af73
v2PLs-fa5dfc951dae6de1,cooperbench,pallets_jinja_task-1465-f1-f2@coop,v2/PLs,v2,PLs,1,142949858c5a4627e40d797682540440a0f50501f46470cdd839ca4e4c3dfc83
v2MSm-ed12ea0b5894166c,cooperbench,pallets_jinja_task-1465-f1-f2@coop,v2/MSm,v2,MSm,1,c6b924ed17a03bdd622e74a7a2dfaacbcf400ff4daf6732e8d7b6087d233170f
v2MSc-7c62fc068b0ce243,cooperbench,pallets_jinja_task-1465-f1-f2@coop,v2/MSc,v2,MSc,1,d22a49f7c1bb731ce96a1dd4d33b154db14ef671d8b0b3a7f00f2852d794b1f3
v2PLp-711edab34829ae93,cooperbench,pallets_jinja_task-1465-f1-f2@solo,v2/PLp,v2,PLp,1,c6c35b5e4c57d62a0b3c2ac7801c8cbf996f74efc51c46b55e34246e38cdc996
v2PLe-39cd26a41a306dff,cooperbench,pallets_jinja_task-1465-f1-f2@solo,v2/PLe,v2,PLe,1,63108d7ef650487c7572749510df20664da419074b42d117c7b66fc139c2680a
v2PLs-527f56f7cbbd0339,cooperbench,pallets_jinja_task-1465-f1-f2@solo,v2/PLs,v2,PLs,1,9f02ae9cc764658d1f01af7b1d94058b2046530ac147018a7a09fca3c35f67ee
v2MSm-137963bbd1d3d6cf,cooperbench,pallets_jinja_task-1465-f1-f2@solo,v2/MSm,v2,MSm,1,7bf5c5e5fa290b1bba5c98afd26be543426cc54cae1fb9ed180168d941b22f4b
v2MSc-aa6d2e7fd3212711,cooperbench,pallets_jinja_task-1465-f1-f2@solo,v2/MSc,v2,MSc,1,7c0ab26a014f26a8b052f8346c981700a31753edc7bf3d0016e35b8e79a7dc4a
v2PLp-ee38022b11f49a5a,cooperbench,pallets_jinja_task-1465-f1-f4@coop,v2/PLp,v2,PLp,1,7dd793a903eeb13d870ba95d35e614e8fb07505d7222a2ece4825fc35eba4a6c
v2PLe-2d7f5077beb4722a,cooperbench,pallets_jinja_task-1465-f1-f4@coop,v2/PLe,v2,PLe,1,85065d175aae637435bc9232b09b82c596c076c314e6705c6877a4580c37c678
v2PLs-32e0f7b29a395881,cooperbench,pallets_jinja_task-1465-f1-f4@coop,v2/PLs,v2,PLs,1,ad6739a8a29f74a186a1117525f4dfa96b294502cc3f7ae5a06d07d62e04340b
v2MSm-f9d8473e54baa698,cooperbench,pallets_jinja_task-1465-f1-f4@coop,v2/MSm,v2,MSm,1,802bb0eb7073434e4152354932c8e73d34d9cbaa72c610279082ab17ed587cc3
v2MSc-7bed8fed5a26a36a,cooperbench,pallets_jinja_task-1465-f1-f4@coop,v2/MSc,v2,MSc,1,85977cadd861e6626c83eb7540e051ec7cdf8f069f197ca50797d2d6020ee8ec
v2PLp-b3fbdaca9e7df2b4,cooperbench,pallets_jinja_task-1465-f1-f4@solo,v2/PLp,v2,PLp,1,9db2a5a59ced384c68fd3389f5e3c0fd1aacab955750cb1983523201d2ec22d5
v2PLe-11bea5c55215b3f5,cooperbench,pallets_jinja_task-1465-f1-f4@solo,v2/PLe,v2,PLe,1,b781030dbdff5d493936ce4bca6f3dc0981bfb3a1f5b410692d82355c6756190
v2PLs-7dbf96842a7e088d,cooperbench,pallets_jinja_task-1465-f1-f4@solo,v2/PLs,v2,PLs,1,cf61b949c29d747d5d0059c8d9b4b15e0bf3cba0d9f9d43a3aa5a171041ac441
v2MSm-a858db0a6fc93d40,cooperbench,pallets_jinja_task-1465-f1-f4@solo,v2/MSm,v2,MSm,1,801db22ba6384bafdb270ca9e730616979510f7cb0f2c388a384c62d8d77ef41
v2MSc-119a980ab11b95dc,cooperbench,pallets_jinja_task-1465-f1-f4@solo,v2/MSc,v2,MSc,1,cb558de8e2948050ca171a6d33511ebdae65f1ad4c5372e9a54bc3df1c43a793
v2PLp-3a3b54119b807bea,cooperbench,pallets_jinja_task-1465-f1-f5@coop,v2/PLp,v2,PLp,1,9a703923cd300cc600b00dc1ea1778d29509137848fa01bc672cc3590607d5ba
v2PLe-c7f45372ac29b726,cooperbench,pallets_jinja_task-1465-f1-f5@coop,v2/PLe,v2,PLe,1,e7ed8b2238b55a6d5fd01889dc8d4588871617675362e0d2d92daa0a541b9bdb
v2PLs-1230895fe5b50d62,cooperbench,pallets_jinja_task-1465-f1-f5@coop,v2/PLs,v2,PLs,1,1247cf9c848ae34f5ed5cd22d444ee49d5fbbe54f2f481472a10a536fc99ec57
v2MSm-ce6e0574196d8546,cooperbench,pallets_jinja_task-1465-f1-f5@coop,v2/MSm,v2,MSm,1,4b3365047ec2c1c22f03f89efdd930f017abeadf9d3d0a1377e0847707fa448f
v2MSc-7f95ba2e2d28eb83,cooperbench,pallets_jinja_task-1465-f1-f5@coop,v2/MSc,v2,MSc,1,04a1ee3e77d0c5103b8bc3ae6f25e3793204f965c82c5774baa120936a47e8cb
v2PLp-c65024f75af0fc84,cooperbench,pallets_jinja_task-1465-f1-f5@solo,v2/PLp,v2,PLp,1,66c9d5a51c4b64e941abdc484c4392fae7e83daad928a576ff6e9744cbbef217
v2PLe-cd9d6d8c1e47036b,cooperbench,pallets_jinja_task-1465-f1-f5@solo,v2/PLe,v2,PLe,1,9c848849bc75a412ad82baf275d3fb5bfb0f97013b46591ee9afaf709464770f
v2PLs-ca60c758979f6254,cooperbench,pallets_jinja_task-1465-f1-f5@solo,v2/PLs,v2,PLs,1,c12ad91f04636bfefc4b21012cfcd29109326d6ec926c54f1178d277a9d816d2
v2MSm-c238964ef0c7770d,cooperbench,pallets_jinja_task-1465-f1-f5@solo,v2/MSm,v2,MSm,1,751da035e187d11fc9ad4a06bf802ebc31db9f62cac0fe65e2a87ecca8b69ecb
v2MSc-dcb41653b3317bc1,cooperbench,pallets_jinja_task-1465-f1-f5@solo,v2/MSc,v2,MSc,1,cdfc277fc24f8d86ff790c25c6294a538b159acb75bf22eba30c005b53f0dd4b
v2PLp-0f410e88ef54ee9a,cooperbench,pallets_jinja_task-1465-f1-f6@coop,v2/PLp,v2,PLp,1,5603a36b5ad564250d9a470c6d285f6860f5e8a2687160c99c548b913644d95c
v2PLe-15d87179d42be4ae,cooperbench,pallets_jinja_task-1465-f1-f6@coop,v2/PLe,v2,PLe,1,97a554e4c016ec3b2cbebd6a029ab31d642e03a7c6d723b817b38208a5d7d8ad
v2PLs-955beabbb2409f98,cooperbench,pallets_jinja_task-1465-f1-f6@coop,v2/PLs,v2,PLs,1,0b1d4f9d6af8cecdefcc3337092553a8321a01a5d7b16d8ce285a6897883c194
v2MSm-c8660db24e0723db,cooperbench,pallets_jinja_task-1465-f1-f6@coop,v2/MSm,v2,MSm,1,1fc4ebcabe0a86eaa6ecaebf8c34475faaf7d78ccf70288dfe8d69d725b22275
v2MSc-0ac1fd825e8102f0,cooperbench,pallets_jinja_task-1465-f1-f6@coop,v2/MSc,v2,MSc,1,66877f42160c8fdaa9db6d7aa47796ebbdff89601c91fb983d2a800c63e0d7a4
v2PLp-a1de6bdf657b24c8,cooperbench,pallets_jinja_task-1465-f1-f6@solo,v2/PLp,v2,PLp,1,bde553ff0e9c01d32e39db9b784cb38f5841b1db7499d3e0d4898f1021a670f6
v2PLe-bdeceda82fa96153,cooperbench,pallets_jinja_task-1465-f1-f6@solo,v2/PLe,v2,PLe,1,31826cddb5436f836f429b124f564900c601fc0ab459001e4f42e6fa300ad8ed
v2PLs-9f68c2db18fb8219,cooperbench,pallets_jinja_task-1465-f1-f6@solo,v2/PLs,v2,PLs,1,5befd33a9526f66d546974e7e1fe71192b3ea3368c5f736e168e7a25a326f34a
v2MSm-2f2abf9d5c3df260,cooperbench,pallets_jinja_task-1465-f1-f6@solo,v2/MSm,v2,MSm,1,30761a72d491216830faeca1db89e7de09b273e0ae95b57cb663df780ad07691
v2MSc-499824667a96b1a3,cooperbench,pallets_jinja_task-1465-f1-f6@solo,v2/MSc,v2,MSc,1,1246ac3e45d3ae0204de8d48bd8f88c10680ebe3d31ff879b146b77d7df16a41
v2PLp-04b8f3367364f10a,cooperbench,pallets_jinja_task-1465-f1-f7@coop,v2/PLp,v2,PLp,1,92a8c73411b53ed7ee756e0e1d539c671d1be776b970fa52f344d4c251f36dfb
v2PLe-a9baa4ea5ee4655a,cooperbench,pallets_jinja_task-1465-f1-f7@coop,v2/PLe,v2,PLe,1,1991bc792a1c9108cb6034d926e95541c56a2fa6d6e3f8da8f4654a311f6a00d
v2PLs-83e6242f86187a63,cooperbench,pallets_jinja_task-1465-f1-f7@coop,v2/PLs,v2,PLs,1,487bd471513f2fede69fd80585306c95722f10b3798ce74e9ae2fba6635969f8
v2MSm-84eb47eb901a2cc7,cooperbench,pallets_jinja_task-1465-f1-f7@coop,v2/MSm,v2,MSm,1,d637ffea15364e3ac61fcf2b4e44a91beb16e441b4d619e0eb7e9c3b0d49a1aa
v2MSc-97c17b6b0128b823,cooperbench,pallets_jinja_task-1465-f1-f7@coop,v2/MSc,v2,MSc,1,e5c2d407f35fa635155cb9744cfed5e9450e0a6a28ca3e9a41b98bcef57dbb42
v2PLp-f5fe7c9c12cbb459,cooperbench,pallets_jinja_task-1465-f1-f7@solo,v2/PLp,v2,PLp,1,fb96cea47207aa92f62130b23b2752a730650698c4170d7fb836321a7430cab3
v2PLe-3bd99fe7d7afcac6,cooperbench,pallets_jinja_task-1465-f1-f7@solo,v2/PLe,v2,PLe,1,4ef6431215e269efd1d5a5816d95761344b9cd5712abea3169b7de866c9d2661
v2PLs-d652bc2d8d531c15,cooperbench,pallets_jinja_task-1465-f1-f7@solo,v2/PLs,v2,PLs,1,738af5f7517a1397e11b70839d9daecfd73fd4f6066b052a3c90144b05078a71
v2MSm-6d33cfc7be1aa61c,cooperbench,pallets_jinja_task-1465-f1-f7@solo,v2/MSm,v2,MSm,1,62e356b092be0074cbca8a4544317a906fdbb8ddec471fd2208ea55e03db894f
v2MSc-d24d2f5e38907787,cooperbench,pallets_jinja_task-1465-f1-f7@solo,v2/MSc,v2,MSc,1,2d72312091b82a950f7d952449d1430a2cccba942640bccbe8bfa8807467fbad
v2PLp-8040d9c21a2882a0,cooperbench,pallets_jinja_task-1465-f2-f9@coop,v2/PLp,v2,PLp,1,234b3664171e4230f96ed0c2b352c7f6590ca5cb066eae8c0a884643749bdb8d
v2PLe-13767c4c03559621,cooperbench,pallets_jinja_task-1465-f2-f9@coop,v2/PLe,v2,PLe,1,d1b23a2cd15b1fcbc293b4a423de5eb7859b0eacc76b36fc54e04bbfffb571c5
v2PLs-811b41004498b369,cooperbench,pallets_jinja_task-1465-f2-f9@coop,v2/PLs,v2,PLs,1,c18205d95d61d60c372c7af69999f408272f591e8d7c706dcfdc85742edee75b
v2MSm-9123c69bc6dccff5,cooperbench,pallets_jinja_task-1465-f2-f9@coop,v2/MSm,v2,MSm,1,9b451aac44e665201d369084c610dca8ecba2c598da494c324c93d7a94a7af77
v2MSc-6e0693f93b03a748,cooperbench,pallets_jinja_task-1465-f2-f9@coop,v2/MSc,v2,MSc,1,7128035ad1d2b9adfad7485437cb372c240814e5752dd73492e3fbebccad0cdd
v2PLp-8401303876057338,cooperbench,pallets_jinja_task-1465-f2-f9@solo,v2/PLp,v2,PLp,1,56fc2805eecae50630338747a2f647273b51c9a5b60f99dae9fd0f94e76c7f77
v2PLe-3b42b2f4805b1566,cooperbench,pallets_jinja_task-1465-f2-f9@solo,v2/PLe,v2,PLe,1,7c031a7a62912893ce89b3b1d2678ffb6ee9ebb21e353d2dc78757d60813c897
v2PLs-660b018eac74b4ac,cooperbench,pallets_jinja_task-1465-f2-f9@solo,v2/PLs,v2,PLs,1,17ebdff749a872513548fb3eb4628fad629e797265489490e6b4dd2452b7730c
v2MSm-058dbe47b53cb9e4,cooperbench,pallets_jinja_task-1465-f2-f9@solo,v2/MSm,v2,MSm,1,aefad2c447a4b9cc0f9d3c601e5c5a4392ad811b2138dbeae3125c805b0b47e2
v2MSc-c6608886bb4e83c3,cooperbench,pallets_jinja_task-1465-f2-f9@solo,v2/MSc,v2,MSc,1,f5b0c9542bf17b356516053ba29decba92961005aea50678d9ee309d8270f1ec
v2PLp-a3ce50b981d52350,cooperbench,pallets_jinja_task-1465-f3-f4@coop,v2/PLp,v2,PLp,1,823dc516cb6e041cc8e59adb3fff296850b44fa20193b2c946fa993ddfdfbc88
v2PLe-a2a9a9e27fbe5505,cooperbench,pallets_jinja_task-1465-f3-f4@coop,v2/PLe,v2,PLe,1,68bb01d671fc227aaad3d5caa00f625e2a0d262b7e72e1b543272c811a61e238
v2PLs-6138e7960b54b116,cooperbench,pallets_jinja_task-1465-f3-f4@coop,v2/PLs,v2,PLs,1,7818ea5b9013cf6f7e69611376ca792110a9730318ac40372b5667b95076af87
v2MSm-c3e77c5817b8c8c5,cooperbench,pallets_jinja_task-1465-f3-f4@coop,v2/MSm,v2,MSm,1,6e9285114c79a35063f38efb0c4662aa0d3b4704b2c2a71b5f4cd7f01735cb05
v2MSc-99df6d9fac9bdcef,cooperbench,pallets_jinja_task-1465-f3-f4@coop,v2/MSc,v2,MSc,1,ae2321ad2d33e121bbf67e8640cce62d53e9edc1fe55ed27cc62276d919edb92
v2PLp-e919f5a7a8f3a868,cooperbench,pallets_jinja_task-1465-f3-f4@solo,v2/PLp,v2,PLp,1,00e619d21e192af5ea78c46919f9f3889800735a1d97296e0cac6e3d0859f4d6
v2PLe-01279423f8f0c346,cooperbench,pallets_jinja_task-1465-f3-f4@solo,v2/PLe,v2,PLe,1,5083ebe2c6ec39f0517224023c740e6538be26697bda3989a23d29d29416580e
v2PLs-2a27d82fa122dc18,cooperbench,pallets_jinja_task-1465-f3-f4@solo,v2/PLs,v2,PLs,1,3e241d02d56c7e15cfbb686d05c0e0a643ef12cb5b3de639a133b8df8f0303b4
v2MSm-9312e5fdf069a7b6,cooperbench,pallets_jinja_task-1465-f3-f4@solo,v2/MSm,v2,MSm,1,9e6129114d4823993f92c26ee5016c5c57e6dab62a4fd8236384628dc0738288
v2MSc-a9e75660b1577ff5,cooperbench,pallets_jinja_task-1465-f3-f4@solo,v2/MSc,v2,MSc,1,8f61af66f7be66b734fd73cdb1d601a4d35b856118ed90fdba19a2ec17cf9ad0
v2PLp-a9baee54d88d65d0,cooperbench,pallets_jinja_task-1465-f4-f10@coop,v2/PLp,v2,PLp,1,06e421732ffe1bf2e1faebbf11cc8326f85003cf33b26769dbc45f5a118df83c
v2PLe-80d371131db968de,cooperbench,pallets_jinja_task-1465-f4-f10@coop,v2/PLe,v2,PLe,1,a7c12be07a20a81101c2eabc832216a15f46e24791ec2aedc148dc0bf115415b
v2PLs-2ab00729a61d6616,cooperbench,pallets_jinja_task-1465-f4-f10@coop,v2/PLs,v2,PLs,1,929363679107595d0725876a9a07125feb9fb5ea676fc5853222c45745327478
v2MSm-687c300555e95fe9,cooperbench,pallets_jinja_task-1465-f4-f10@coop,v2/MSm,v2,MSm,1,9c22b04e4d57c6a9c5dbda9be4555e55aad113fcbaee28011717dd751fff6aa2
v2MSc-4bdea74e3a6e2b0c,cooperbench,pallets_jinja_task-1465-f4-f10@coop,v2/MSc,v2,MSc,1,c10143933520d64333c8717a07031c3bd2f8439dd7e617f6e1b5d67428474f97
v2PLp-c4b9dd9d8c7f4853,cooperbench,pallets_jinja_task-1465-f4-f10@solo,v2/PLp,v2,PLp,1,598bf9cd65c963a2803bac676270dbfaab2bcef48e198ee0658b07046cc56bcb
v2PLe-5c4b01bf1e4b3c14,cooperbench,pallets_jinja_task-1465-f4-f10@solo,v2/PLe,v2,PLe,1,b5be60b04a04db88b0e6bab1b14992f28e9061f1bc40e9eeee64e0e3d96ee712
v2PLs-5c74c4bdc19c6c1c,cooperbench,pallets_jinja_task-1465-f4-f10@solo,v2/PLs,v2,PLs,1,98e3f489f47b1810cb27549cbd8b67602b48e22f1b2b415374c5c3542c10f10e
v2MSm-371e2b455ade56be,cooperbench,pallets_jinja_task-1465-f4-f10@solo,v2/MSm,v2,MSm,1,7266ca1305a613dc7ffa4b9d08f0c3a1c82ed5d4101c383c60dc385814550e9d
v2MSc-278689d0cbdb16cc,cooperbench,pallets_jinja_task-1465-f4-f10@solo,v2/MSc,v2,MSc,1,9c1ff403ceb41ffe9c1368c088f809da6d86a18938a40129cde9f09c18d0fe39
v2PLp-68e3c5325e3af1c3,cooperbench,pallets_jinja_task-1465-f4-f6@coop,v2/PLp,v2,PLp,1,2c3330002123ad6807d51a17a6fa377d40189f96dff06dce5454e7cc5b1c10b0
v2PLe-212b299e4530934e,cooperbench,pallets_jinja_task-1465-f4-f6@coop,v2/PLe,v2,PLe,1,4c25661c5e827169f1db9bafab7d81ac4f4764919f3dbf5534a940645f1c87b3
v2PLs-66793034238ead98,cooperbench,pallets_jinja_task-1465-f4-f6@coop,v2/PLs,v2,PLs,1,0c6ea252262a1b33f1e05ff1fa612451b79b7f849ab80bdb5a7e3ad2dfb2fb66
v2MSm-a3875b911329292a,cooperbench,pallets_jinja_task-1465-f4-f6@coop,v2/MSm,v2,MSm,1,9718b25c2524bebfb89a6f9498907171d7262df746e8dc9b7669f8df9fc3fe2f
v2MSc-8a19cbb497c3c753,cooperbench,pallets_jinja_task-1465-f4-f6@coop,v2/MSc,v2,MSc,1,5daa862c7affdec9c4530116642160dce4f5e471f4d4814518e9218c7e02e889
v2PLp-a471519fb46b40f4,cooperbench,pallets_jinja_task-1465-f4-f6@solo,v2/PLp,v2,PLp,1,54b6cc6a2eb71726906fd991d2e12eeaab12e4d0f9843a3a470d0e72d6a35ef5
v2PLe-23114a6a10ccfe56,cooperbench,pallets_jinja_task-1465-f4-f6@solo,v2/PLe,v2,PLe,1,b10c98426d993bf88ea0d3ec2005905b23107d9dca80cf170be312b7114faf87
v2PLs-4690a927165b6bb5,cooperbench,pallets_jinja_task-1465-f4-f6@solo,v2/PLs,v2,PLs,1,62c159650fdb72af3c104021871e5537ab43a07ef7506bf51de5c7910ad3c38a
v2MSm-40bd6555f436af85,cooperbench,pallets_jinja_task-1465-f4-f6@solo,v2/MSm,v2,MSm,1,d75aaae0799e2677fd7efd844fa39926f4f9f79723f0c56fad5921670e92b570
v2MSc-61fbf32c6f4caa2a,cooperbench,pallets_jinja_task-1465-f4-f6@solo,v2/MSc,v2,MSc,1,9c68a6fdc540e44f62229ccb975d6194da701e90e89b08be192fe5640eaa07c7
v2PLp-54a06e57d2248ba8,cooperbench,pallets_jinja_task-1465-f8-f9@coop,v2/PLp,v2,PLp,1,f4648ff246b1b17b1095f5ec424ccb2d263082147cb0ba55a47f4e13d274b733
v2PLe-7a9a3a1a1986ee40,cooperbench,pallets_jinja_task-1465-f8-f9@coop,v2/PLe,v2,PLe,1,9183f18f2d066db4ba67f773364856c7c09a76e32179866215b001b41e023e29
v2PLs-c112f24104e93a62,cooperbench,pallets_jinja_task-1465-f8-f9@coop,v2/PLs,v2,PLs,1,e6fd464671e856af095f065a6dc548e87adc1a8298c0a13b311f460c20756639
v2MSm-43fdf8853700a902,cooperbench,pallets_jinja_task-1465-f8-f9@coop,v2/MSm,v2,MSm,1,a77d5e687600fdcfb5b41a832b7b28a951f1f2bd30ea49ceef9317f3bad1678c
v2MSc-8d9d458173ee501a,cooperbench,pallets_jinja_task-1465-f8-f9@coop,v2/MSc,v2,MSc,1,7fc8345b65bd8feba30577115664fed999b41b1a511f243d1309228e4de12ce9
v2PLp-a815fdaca4e09785,cooperbench,pallets_jinja_task-1465-f8-f9@solo,v2/PLp,v2,PLp,1,313d8704715e02f4da0ffb7552a7613cf97397c76ea6ed0474d082530dd2a10b
v2PLe-f795e5798b9873fd,cooperbench,pallets_jinja_task-1465-f8-f9@solo,v2/PLe,v2,PLe,1,491b46342b3fa81edf371ca46e6dd9951260efd187eb891c9212844b223c4335
v2PLs-55f6339f840b48f4,cooperbench,pallets_jinja_task-1465-f8-f9@solo,v2/PLs,v2,PLs,1,904dcf9cef377cefdfc330004ac24848b34633fe5ff3454cdaac63104cf7456f
v2MSm-018eed978db13027,cooperbench,pallets_jinja_task-1465-f8-f9@solo,v2/MSm,v2,MSm,1,1cd907634527d1f92101f73742f26b83a66efa45238f00752fef6db18bcef4f3
v2MSc-19fe7bd305aaeba0,cooperbench,pallets_jinja_task-1465-f8-f9@solo,v2/MSc,v2,MSc,1,40bc2db22403bd7fa8dddf10af0d978208cad6acb2759c99632ada40472cab79
v2PLp-071f0b7e30c3b07a,cooperbench,pallets_jinja_task-1559-f1-f10@coop,v2/PLp,v2,PLp,1,e3586fc30232ad0a077f50116822baa683346f744236f2057cd3718e5a99b202
v2PLe-b65dfb6c3c7ab9e5,cooperbench,pallets_jinja_task-1559-f1-f10@coop,v2/PLe,v2,PLe,1,87fc0f194eeaf9f753bcbba3f6cc13bac0a7f7f33dd9f8121243045f4752509a
v2PLs-2ba01a5ccd48c0a4,cooperbench,pallets_jinja_task-1559-f1-f10@coop,v2/PLs,v2,PLs,1,ac67caee755d276fa2a8ba86295f26a6c3168272f0c9bb7bc4329a20060e28b0
v2MSm-2c4f1ac0f8a61664,cooperbench,pallets_jinja_task-1559-f1-f10@coop,v2/MSm,v2,MSm,1,4f70cc68c05fc647f237a6bf4f6fd7f0e81b4af5513f83246114b49527b7b12c
v2MSc-a31e9cfaebf4d1d4,cooperbench,pallets_jinja_task-1559-f1-f10@coop,v2/MSc,v2,MSc,1,c8ffea6cfb4de5f70b596c62c46aa4fdfd01620562d74de33db1ba391e5c963f
v2PLp-caca112c261a430b,cooperbench,pallets_jinja_task-1559-f1-f10@solo,v2/PLp,v2,PLp,1,63698140029d1a4d1115c40b8c9b927ee33fed28ca8a3b9e19b753f433592153
v2PLe-57f9bcfa97069a76,cooperbench,pallets_jinja_task-1559-f1-f10@solo,v2/PLe,v2,PLe,1,1984f31a8e1777a1eb8d237a466d9d0cde118188085726d4def6b33244416f60
v2PLs-384717e2f4525d13,cooperbench,pallets_jinja_task-1559-f1-f10@solo,v2/PLs,v2,PLs,1,b46f9a6cb82acf36639738bbe043ad284e2bbef328ebacf32871c5ced4e351b2
v2MSm-af6b92d0785402e2,cooperbench,pallets_jinja_task-1559-f1-f10@solo,v2/MSm,v2,MSm,1,80e3208a77f30c63e9e9cf51a6e61ee50484b4c92a98da8ff7c4e7f82d663e02
v2MSc-c707680b216c874f,cooperbench,pallets_jinja_task-1559-f1-f10@solo,v2/MSc,v2,MSc,1,9794b058df25263c94a149101797b61e8da79471774e55dba7c85aa6a601669f
v2PLp-63228688335c540f,cooperbench,pallets_jinja_task-1559-f1-f3@coop,v2/PLp,v2,PLp,1,9677869ef85d2cd2670479eddb952625ec1b1ac6093e4bcd71fc02e2922bbb12
v2PLe-84368a38ecbf30fb,cooperbench,pallets_jinja_task-1559-f1-f3@coop,v2/PLe,v2,PLe,1,b055e9aaa1fb2520dd68dca7e5c7b15874b530a0afad8819ed4666764387d4ec
v2PLs-8d5173bf51fae42b,cooperbench,pallets_jinja_task-1559-f1-f3@coop,v2/PLs,v2,PLs,1,8b915584a38ed6ecc98fa31483b83b93c256c2cb4e3c9e29e89eaa69c4cc376a
v2MSm-b93618b1083284cc,cooperbench,pallets_jinja_task-1559-f1-f3@coop,v2/MSm,v2,MSm,1,463f9ba4b58502bed7c612471148f5303c1065e97bac8079b6c55b3516e3fd82
v2MSc-0b59735e1ede05eb,cooperbench,pallets_jinja_task-1559-f1-f3@coop,v2/MSc,v2,MSc,1,71f458cd43313ec96f19269285bb4cfabc5cd48f6bc91e92cc451aabddd0b8b5
v2PLp-c74c2d3332321612,cooperbench,pallets_jinja_task-1559-f1-f3@solo,v2/PLp,v2,PLp,1,4018a632da1793f4ddddfbc3af3e1ccc66bcd51068123db1f57e10500a766792
v2PLe-d086a495888e99d5,cooperbench,pallets_jinja_task-1559-f1-f3@solo,v2/PLe,v2,PLe,1,a55d5b934dc66f6e111a87553e1f4784d8bea1fce655ae611a841a76f2255fe8
v2PLs-53b745e3fdcbb411,cooperbench,pallets_jinja_task-1559-f1-f3@solo,v2/PLs,v2,PLs,1,a8886dc4bce09f886e4e720e76e678f80439c69a7677e8880cc3a60d22189b29
v2MSm-769c31d8c611efe3,cooperbench,pallets_jinja_task-1559-f1-f3@solo,v2/MSm,v2,MSm,1,456620b5f7a0c62fc344ada0feba075f2fac00c41b4ee18992bd25b03bc58178
v2MSc-0374b482582405f9,cooperbench,pallets_jinja_task-1559-f1-f3@solo,v2/MSc,v2,MSc,1,2f1eb10d89410ecb5915e063c37cf728eef7c51cb7987477034225ade7a29f85
v2PLp-aec0181705398c6c,cooperbench,pallets_jinja_task-1559-f1-f5@coop,v2/PLp,v2,PLp,1,bddcfd6e1cf24b747b7ae4ad060d3b66f74bbcb67c6e08e6561206f38b9127a9
v2PLe-7594ddd251585aad,cooperbench,pallets_jinja_task-1559-f1-f5@coop,v2/PLe,v2,PLe,1,9a1cee73e8d301fa14059d2d5d8887b0a2815fbb747e20997f611df0dc113a14
v2PLs-3dd6c283645cf205,cooperbench,pallets_jinja_task-1559-f1-f5@coop,v2/PLs,v2,PLs,1,0d5ca8798e77ffa51ce1c811c86543d95cfa7cfd99776f02b8389d3a0f9ead32
v2MSm-6ac2e4fb40b562cc,cooperbench,pallets_jinja_task-1559-f1-f5@coop,v2/MSm,v2,MSm,1,5da1b99b30853e0ef4c7a7a7bb028f2a1533b6d4207b9ddcef46158eb4ed8fbd
v2MSc-0fc83674122af1cb,cooperbench,pallets_jinja_task-1559-f1-f5@coop,v2/MSc,v2,MSc,1,ef4365c04beca8aa958cba2bc6c044f1c79212393a34fbe036e42c3acbcd18fc
v2PLp-c441dcfcc9770553,cooperbench,pallets_jinja_task-1559-f1-f5@solo,v2/PLp,v2,PLp,1,c7d51942c29720eb31726bcb0e07f291ced3c405118ffd6783be80b1950beb4e
v2PLe-eed12b3c546eb111,cooperbench,pallets_jinja_task-1559-f1-f5@solo,v2/PLe,v2,PLe,1,d3e28aac49fec3e70f62b3261e337590b7673b2576d7600bb10cc4eb425956bd
v2PLs-9b3e3aa9bad9861a,cooperbench,pallets_jinja_task-1559-f1-f5@solo,v2/PLs,v2,PLs,1,30b26421f6f4bdbb2b94701a0f1a41ac0c0c3d181cf8da56ab525e1acdbe0505
v2MSm-7ac8d5c904f9ebe0,cooperbench,pallets_jinja_task-1559-f1-f5@solo,v2/MSm,v2,MSm,1,06402c238faae5cfaceb19e13875f5ffc95c23438c416a529499b11d39761dfc
v2MSc-823507806fea198d,cooperbench,pallets_jinja_task-1559-f1-f5@solo,v2/MSc,v2,MSc,1,7eeccad71bde8148e6239679722add00dfc46326e274f77137c8a7dc939079c3
v2PLp-fd04a3e26f55d8bc,cooperbench,pallets_jinja_task-1559-f2-f7@coop,v2/PLp,v2,PLp,1,b53fb398838f15067afd0876b31c01e64ad96c4892ca995b796a50265037d05c
v2PLe-589ed63921b601cd,cooperbench,pallets_jinja_task-1559-f2-f7@coop,v2/PLe,v2,PLe,1,a58f8217c86f68e5275bf9922e18ab83484a66a044647bffb5acc0d137f38172
v2PLs-be19274e81035402,cooperbench,pallets_jinja_task-1559-f2-f7@coop,v2/PLs,v2,PLs,1,df8a59b2f8a46ade7e01f41ae0378559bf08df4dcfd27217466e8e86c0a77e4d
v2MSm-83e4abeb403fc7e5,cooperbench,pallets_jinja_task-1559-f2-f7@coop,v2/MSm,v2,MSm,1,44010445e085eaef2e49e77cdbbd79118c1dbb79b1e6b65c032b69341a6d836e
v2MSc-1e41573b06cd7295,cooperbench,pallets_jinja_task-1559-f2-f7@coop,v2/MSc,v2,MSc,1,01ad2848e0128a84694af9ec08f8f8c064e6a7da0776bd485f5325e7b34843c9
v2PLp-8b7e9ceda7d44229,cooperbench,pallets_jinja_task-1559-f2-f7@solo,v2/PLp,v2,PLp,1,896a5d52695f6cecf5d74f7ca462b4394899ab94064b1a819cca853c6f403622
v2PLe-1f877055cde32693,cooperbench,pallets_jinja_task-1559-f2-f7@solo,v2/PLe,v2,PLe,1,b288ad8dce499490b1b0ec5489d93d761ddc062b67532089408da0afa53bc36c
v2PLs-05915bafc51587aa,cooperbench,pallets_jinja_task-1559-f2-f7@solo,v2/PLs,v2,PLs,1,d408b136542767d375473714e400328c0ae2cc3fccdb0bf1539efe27ee751616
v2MSm-18ffd0f5a8dbb1aa,cooperbench,pallets_jinja_task-1559-f2-f7@solo,v2/MSm,v2,MSm,1,55f7b87c858355c6e388f48e898ad8b9fc8a4d48c70148fc34dd785cf1bc8753
v2MSc-bb1bcb2182a6194d,cooperbench,pallets_jinja_task-1559-f2-f7@solo,v2/MSc,v2,MSc,1,6e5e7cb3e84ce7ae8ea3b0d2eeafd39ad3d8c8fbe154fcaf7271179c5292b9c1
v2PLp-deb8684f8d80daea,cooperbench,pallets_jinja_task-1621-f1-f2@coop,v2/PLp,v2,PLp,1,7c3cae938d3b4109735ab017398dd74e81464d106113f98054d10b26a4e57be8
v2PLe-5c2f07ae3d9b88f3,cooperbench,pallets_jinja_task-1621-f1-f2@coop,v2/PLe,v2,PLe,1,facc90c97aca445a7ca2754044f688171cc7116ac5bb80386b5c9145b4655696
v2PLs-edfd8d9d802baaab,cooperbench,pallets_jinja_task-1621-f1-f2@coop,v2/PLs,v2,PLs,1,0a618f3a4c14b2f3a3ff8a686b7bae468a8aacf2b5ddf3cfad337a88056fb728
v2MSm-88a898b0dd399e87,cooperbench,pallets_jinja_task-1621-f1-f2@coop,v2/MSm,v2,MSm,1,dc14263e489add3dc59310635769439e2230c84ba2c67bcebb63cb0668f0641a
v2MSc-1163f00fe7a03235,cooperbench,pallets_jinja_task-1621-f1-f2@coop,v2/MSc,v2,MSc,1,bfb4f84a5324e560947c137f1337bddbae76bf4dd6b1648df332a07ab6e436a4
v2PLp-f0b48a8c6057abc2,cooperbench,pallets_jinja_task-1621-f1-f2@solo,v2/PLp,v2,PLp,1,4544bcfd9a6f267ff8c19e1e1d6dff374aa94b8f615089c6476941516aea792b
v2PLe-a452e5301f354230,cooperbench,pallets_jinja_task-1621-f1-f2@solo,v2/PLe,v2,PLe,1,d7b3ab4edffa9c0ffd01b993e7dac0b95545ecdda4c3ccabb585c6beed6d1b8b
v2PLs-df07426bb0301c6e,cooperbench,pallets_jinja_task-1621-f1-f2@solo,v2/PLs,v2,PLs,1,1039d0bbda5a7b452d3a0b26246a6e6495e6f9c35bf778e95a8b3c9a65a4782e
v2MSm-ad26073b2c540cbd,cooperbench,pallets_jinja_task-1621-f1-f2@solo,v2/MSm,v2,MSm,1,325e74331f983ef8cf3e1a80fc0c297e461cf62afbba9ccd23c6ca25f8d798d3
v2MSc-948777562a48d217,cooperbench,pallets_jinja_task-1621-f1-f2@solo,v2/MSc,v2,MSc,1,61bcc7a18313a4e31ba8b15979aa57ca97db8a016bec16b80f87207a8236dd9b
v2PLp-8460fe7239c61625,cooperbench,pallets_jinja_task-1621-f1-f4@coop,v2/PLp,v2,PLp,1,6e47e075e0dba1a1a15a071a0f5fcdf1616ceb5cb8f9e817c527bc176ff8af1f
v2PLe-963780c739e627b9,cooperbench,pallets_jinja_task-1621-f1-f4@coop,v2/PLe,v2,PLe,1,cd3c660bb0c0875ddd4df88a9806a34399a3bbe5a1a56d072445ebf4611cdf62
v2PLs-3313775924488d85,cooperbench,pallets_jinja_task-1621-f1-f4@coop,v2/PLs,v2,PLs,1,57f7eaf7c73d12f2e11ff39964f3cb6c4d643c177d63e1521e83039de662a766
v2MSm-f876f9222f1b6f9b,cooperbench,pallets_jinja_task-1621-f1-f4@coop,v2/MSm,v2,MSm,1,ea5f1bbab1ddb83a67a24db7e92589b6e8ba8cba902ee3ccd5bf92446cb214cc
v2MSc-1ea0db66120a3948,cooperbench,pallets_jinja_task-1621-f1-f4@coop,v2/MSc,v2,MSc,1,eee57aa0c8f8200354aa831062f9338819791060be781d901aac9e9888a91e7e
v2PLp-e8e09f8c847f0d1e,cooperbench,pallets_jinja_task-1621-f1-f4@solo,v2/PLp,v2,PLp,1,1384ba4ea26ce306402f8ff3eace7edc3a995079c0027b63cb613ab82acfabb2
v2PLe-1db74c806ec549c2,cooperbench,pallets_jinja_task-1621-f1-f4@solo,v2/PLe,v2,PLe,1,60d177874a6badd576a0defa6c63c1acbfcc1585d6d94afc8f63d99a61655a85
v2PLs-01630ab3487d582f,cooperbench,pallets_jinja_task-1621-f1-f4@solo,v2/PLs,v2,PLs,1,06ff91cb49388cb100a7632e03a25d843d8bcf6c3e3b0f44d8463752f96819fb
v2MSm-8795934a48c50b4b,cooperbench,pallets_jinja_task-1621-f1-f4@solo,v2/MSm,v2,MSm,1,3d1787a7966d4ecf2681db6430285d2ba0ec02cb4a676fa0f47ba37f69a79f46
v2MSc-cc5a60b3e151ba66,cooperbench,pallets_jinja_task-1621-f1-f4@solo,v2/MSc,v2,MSc,1,f45934c6fbdac2058524104e652b7a0645daba5a2cc63e0c5e1d156c23eed5e1
v2PLp-341d57d25f79be5f,cooperbench,pallets_jinja_task-1621-f1-f9@coop,v2/PLp,v2,PLp,1,1175e93e7ad622f27b0b671d70d1684efa6f7b2717653d6be583ca3f0672cb91
v2PLe-3fe757465dad3171,cooperbench,pallets_jinja_task-1621-f1-f9@coop,v2/PLe,v2,PLe,1,655decb385043d92ec83c24bd7a1f627489ff225124eba50e08b6659bb28b4dc
v2PLs-46bbf98475450158,cooperbench,pallets_jinja_task-1621-f1-f9@coop,v2/PLs,v2,PLs,1,b4fe1206c6f1602893be6b906eb7e145f37b7133c6a5f51c4e0abbde38de0507
v2MSm-f4fb45e3f570c8bb,cooperbench,pallets_jinja_task-1621-f1-f9@coop,v2/MSm,v2,MSm,1,d71bce769a275abf6bf9d888015c6dd9960c6b2d1172fd86b3331007cc958ae4
v2MSc-e3864b55d1a399a6,cooperbench,pallets_jinja_task-1621-f1-f9@coop,v2/MSc,v2,MSc,1,2dfb5ae62382c729e282c69cbd844ce8b0def05c2de5c6fa8ba3c6deab21fa9d
v2PLp-818e305be03f6b93,cooperbench,pallets_jinja_task-1621-f1-f9@solo,v2/PLp,v2,PLp,1,4373cb3c48c1ca406c4b365f3bf4e7ebcf65878321862b31be69a93eaf171ee6
v2PLe-b19e7e1123d39bcd,cooperbench,pallets_jinja_task-1621-f1-f9@solo,v2/PLe,v2,PLe,1,4a62f78e69c7fac61955d1f338f3c39e0b960dfedbb27a46e156c6a88cf5c801
v2PLs-c628bfc9cd72231d,cooperbench,pallets_jinja_task-1621-f1-f9@solo,v2/PLs,v2,PLs,1,c6517f691309ec8f650c4db73d8510fdae66a53d19b5418800efae7e4bb8cc9e
v2MSm-01095a760cb2f7c1,cooperbench,pallets_jinja_task-1621-f1-f9@solo,v2/MSm,v2,MSm,1,6ff0bb677b0f2ddc7afaa445f6d63ff3b3c7ef6139734830594dac251c772703
v2MSc-9c2859373e6fcc29,cooperbench,pallets_jinja_task-1621-f1-f9@solo,v2/MSc,v2,MSc,1,166663dc1e1e1fe206ba5d428b9c7d4e1bb4c0883c272059a0ad97f36bb1cb7e
v2PLp-9bc8d1fda557f9d7,cooperbench,pallets_jinja_task-1621-f3-f7@coop,v2/PLp,v2,PLp,1,e135ad651561a16810889e10bde7a0956969e8392d2ee01a88a7d96fd70e5c06
v2PLe-56fe5a6be677ce0f,cooperbench,pallets_jinja_task-1621-f3-f7@coop,v2/PLe,v2,PLe,1,6bd386dfd1e7ae2cb07a6731502defc66da1de3397c48b06563ca506979b801d
v2PLs-3bdf9f7ea3c8f52a,cooperbench,pallets_jinja_task-1621-f3-f7@coop,v2/PLs,v2,PLs,1,b36cea04d85483ac3670c6ba135eddcaacfb7590cb362624cd97c7823bfba125
v2MSm-9984dab666e49765,cooperbench,pallets_jinja_task-1621-f3-f7@coop,v2/MSm,v2,MSm,1,55e59e56da99f85632e136976f87184e5eb1fe7c87681db7c09d96f7b2de4f77
v2MSc-5e5ec1504b2a1cfa,cooperbench,pallets_jinja_task-1621-f3-f7@coop,v2/MSc,v2,MSc,1,7fdfae5e062bdde063d438f94594ee39120c6a92e3472808d5c44ace29550780
v2PLp-f8818ea7cc304489,cooperbench,pallets_jinja_task-1621-f3-f7@solo,v2/PLp,v2,PLp,1,3a63c621c87c5d217a9acd387f98b040a8801e41d81e095706c94549fb401b2f
v2PLe-8ebbe0e23d0545c9,cooperbench,pallets_jinja_task-1621-f3-f7@solo,v2/PLe,v2,PLe,1,1f5e49e9c0288c867bdd6c7681d142b80b2c2662a61053507d16a7029b96523c
v2PLs-0a024fda6c52e51d,cooperbench,pallets_jinja_task-1621-f3-f7@solo,v2/PLs,v2,PLs,1,b399ac43f9cb226db78f3079a72d09130ea80eecc316ba39216cff1f2f68646b
v2MSm-93816c04c84992f9,cooperbench,pallets_jinja_task-1621-f3-f7@solo,v2/MSm,v2,MSm,1,68729e4c0b299c112b5f3d0646fe48e2a96effaccc00de4fee3d2835b7043119
v2MSc-9f3e26d580e44b4f,cooperbench,pallets_jinja_task-1621-f3-f7@solo,v2/MSc,v2,MSc,1,b634887fa886bec448495a7ad037deeef4f304d5441937e13ebcdee367ef72ab
v2PLp-f3e679e2f7607516,cooperbench,pallets_jinja_task-1621-f4-f7@coop,v2/PLp,v2,PLp,1,b2215c36e676d4d0696735288d31c001a16ba421eec1b9c4d380a05157ad4f83
v2PLe-dad0c66a19893fe9,cooperbench,pallets_jinja_task-1621-f4-f7@coop,v2/PLe,v2,PLe,1,78db2e0be63b938eb4f733421655f63c04f26780304ceb3e8e8b550d3aa5ffd5
v2PLs-15c2f1eae8da9e55,cooperbench,pallets_jinja_task-1621-f4-f7@coop,v2/PLs,v2,PLs,1,75042db579ff0930a6b99d9eafdc775cf96f0a449e341d1178207c0c44218081
v2MSm-912e4e6e7ef0c2ca,cooperbench,pallets_jinja_task-1621-f4-f7@coop,v2/MSm,v2,MSm,1,fcfa7ec7115164ff0cf8999226b1e3a51d58a0e1f06c5fb39b1600aca339e24c
v2MSc-21fce24a38754586,cooperbench,pallets_jinja_task-1621-f4-f7@coop,v2/MSc,v2,MSc,1,fbaaafcd91028d8f8254a63797bdeaa0884521c39e0f74df7c53b745a49017ab
v2PLp-e76c63b608490103,cooperbench,pallets_jinja_task-1621-f4-f7@solo,v2/PLp,v2,PLp,1,8d8f8c921b6d3d91b2a6e6310d435f47e299032c19c7c00ef690ecf50c5e3dd8
v2PLe-70ca3ea62e527442,cooperbench,pallets_jinja_task-1621-f4-f7@solo,v2/PLe,v2,PLe,1,2415134bb9f3eca62ef97a4a19a36e5c10d0dbfad3e5cea397490fdfd5ce5298
v2PLs-9fa4ce8becbd6d5a,cooperbench,pallets_jinja_task-1621-f4-f7@solo,v2/PLs,v2,PLs,1,38bdd00870d5340da9951f98e961ddc18ab7cf49b9b13c2cca2168962f0559f3
v2MSm-fa73f5ecaa08e4e2,cooperbench,pallets_jinja_task-1621-f4-f7@solo,v2/MSm,v2,MSm,1,ffbed7c739d68c22e6f12c2f041714b5c4a81a34d90bd279b816acd3d58a98b7
v2MSc-3acdb47d62933a6c,cooperbench,pallets_jinja_task-1621-f4-f7@solo,v2/MSc,v2,MSc,1,8cdfc544256754882c8a56f06581ccb5071e458cb853d7ce74965832ee1de453
v2PLp-074641f9ec6c2f39,cooperbench,pallets_jinja_task-1621-f5-f10@coop,v2/PLp,v2,PLp,1,02901b70a91ed6e45ad82d8b782885a0fe6df3c8583a92cf0dc9ce9d95e6760d
v2PLe-a4337d58227e872a,cooperbench,pallets_jinja_task-1621-f5-f10@coop,v2/PLe,v2,PLe,1,6259546ecdfce4a4897717364e190fabf2f2148e000741a3de33e19f9c162892
v2PLs-c0bb87ae7a86f574,cooperbench,pallets_jinja_task-1621-f5-f10@coop,v2/PLs,v2,PLs,1,5177cc8106e7926783cfcc86bdb9661cee861b7341cad173baae919dcb01a7c1
v2MSm-fd6652e6e7c47f51,cooperbench,pallets_jinja_task-1621-f5-f10@coop,v2/MSm,v2,MSm,1,a601b110ac71f51cbb8a3ac576bbca176e29782f63f5b63025d64246d98e347c
v2MSc-0420e73a1dd92e0e,cooperbench,pallets_jinja_task-1621-f5-f10@coop,v2/MSc,v2,MSc,1,e4dc379ebb9a67514273d38a50e143816161b93267a1d5d21fd7c61221de93fc
v2PLp-fe1afde1115f8d66,cooperbench,pallets_jinja_task-1621-f5-f10@solo,v2/PLp,v2,PLp,1,f23b0385cd9bb2a96410a0f9d9b3a211f838e673730bb235c7cbb039183ad8e5
v2PLe-4360f7a7e7db4d16,cooperbench,pallets_jinja_task-1621-f5-f10@solo,v2/PLe,v2,PLe,1,3e2bd5ff3b0fa67d4024a7a6301a32f9362b2a03dd19ebc6f2f1729b146bb3ad
v2PLs-23db0cd890907468,cooperbench,pallets_jinja_task-1621-f5-f10@solo,v2/PLs,v2,PLs,1,b2bcd8710e9014ac69e17655c3bc4549c347a03c9a71862846a54c5d2b46541d
v2MSm-c0cf9427c9362f91,cooperbench,pallets_jinja_task-1621-f5-f10@solo,v2/MSm,v2,MSm,1,42508ccffc2886e1cf8ba576e54ffb3980ec8ba1c1184dc58f295f15cbcaa158
v2MSc-693bfaf782abde6e,cooperbench,pallets_jinja_task-1621-f5-f10@solo,v2/MSc,v2,MSc,1,272510ee4a084272c1f186d34846f4057278beaf4a668a5bebcae2c9db552142
v2PLp-4b30dfb317fac4dd,cooperbench,pallets_jinja_task-1621-f5-f8@coop,v2/PLp,v2,PLp,1,f0f021b8c3b9d66a7d0a20137a23c1ee30088be7d64feee25a728bab804db4cd
v2PLe-e5c4061685b1d472,cooperbench,pallets_jinja_task-1621-f5-f8@coop,v2/PLe,v2,PLe,1,f0b7697e1734886186e7e1a558bf451fea59d00f58c7563c98dad33490a52268
v2PLs-fda03ec8bc2949a9,cooperbench,pallets_jinja_task-1621-f5-f8@coop,v2/PLs,v2,PLs,1,24abd52f71b7f19c585cac272111a189ba31aa521d8579e20afcd08b60c0f83b
v2MSm-624b76840a888a9e,cooperbench,pallets_jinja_task-1621-f5-f8@coop,v2/MSm,v2,MSm,1,7c902eb110d43604baa05564bb5b013ba640dee1a30ea3722920c38df5841bac
v2MSc-5a61f458201ab227,cooperbench,pallets_jinja_task-1621-f5-f8@coop,v2/MSc,v2,MSc,1,60baa215deed94a21f9a6c77989e051709c53ba7c89af8821c8af82eb04b8c2c
v2PLp-91acaacb745eb4f0,cooperbench,pallets_jinja_task-1621-f5-f8@solo,v2/PLp,v2,PLp,1,0179ed9a2a78b8ed955e824131dc4c76da5b0f8603dfbb5756c8cb5fdb8f9515
v2PLe-049ae1036a649dfd,cooperbench,pallets_jinja_task-1621-f5-f8@solo,v2/PLe,v2,PLe,1,d6b567b460dc20491487c77271b98257ab8037338ba75ebfe7eaf204f010d521
v2PLs-0e454cd388e0b59c,cooperbench,pallets_jinja_task-1621-f5-f8@solo,v2/PLs,v2,PLs,1,1e952ece14de83f33030a17d6e5a8f6071ff010239cc35d5ec0e154483a1ce85
v2MSm-a88cd825ed6c5f17,cooperbench,pallets_jinja_task-1621-f5-f8@solo,v2/MSm,v2,MSm,1,6031b4b2ee6c5c93f86a024450f10b34841250106493616c75dec9bb6be59267
v2MSc-13128d79e7ebb8f5,cooperbench,pallets_jinja_task-1621-f5-f8@solo,v2/MSc,v2,MSc,1,dc0a00d444f2a22e74a4bbb22c2f9193bee4e7efadfa17cd7712ab6f46221a4a
v2PLp-d5288a859fca701d,cooperbench,pallets_jinja_task-1621-f6-f9@coop,v2/PLp,v2,PLp,1,fdd7a9117ef08c92522157976ee22ad0e7048985f36aab1413a1b80d5d4b8936
v2PLe-2581f22da935c868,cooperbench,pallets_jinja_task-1621-f6-f9@coop,v2/PLe,v2,PLe,1,136d33d5ad0cc37744080b0a7f06bf375a1406ade2498ec01c751261e6d75100
v2PLs-99fe5816118130e1,cooperbench,pallets_jinja_task-1621-f6-f9@coop,v2/PLs,v2,PLs,1,52dc3399403171767e92a05cdb4775309b0a160b83bd85fb71000beb08bfd5dd
v2MSm-a1d982b2d1389d2d,cooperbench,pallets_jinja_task-1621-f6-f9@coop,v2/MSm,v2,MSm,1,bb0c6b11567d6f258fbb36ac1543c9cb890a99fdd71153c7c8772ffd03309d0e
v2MSc-1fd563fb8e474fdc,cooperbench,pallets_jinja_task-1621-f6-f9@coop,v2/MSc,v2,MSc,1,bb1739a9991c9f9575d6a6ade5a9b8fc0bb49c3c2e6498c6caca273ddb412c6b
v2PLp-88bba285154b10c8,cooperbench,pallets_jinja_task-1621-f6-f9@solo,v2/PLp,v2,PLp,1,ac214ee2bcab13d233d0e9080813f0ae00914745cd7cee058ff21ad37351a216
v2PLe-ebcd9d439149633b,cooperbench,pallets_jinja_task-1621-f6-f9@solo,v2/PLe,v2,PLe,1,3a88115de34d70f90aab2e1da72364a36508b02bc8c160dc6c13996ed969e29c
v2PLs-ccd244f4bbe658ae,cooperbench,pallets_jinja_task-1621-f6-f9@solo,v2/PLs,v2,PLs,1,0c0958e43b703ab9083b2f27e78f415b77d2f0a1d9295e48187d689063c9b5c0
v2MSm-aafa203eddc76246,cooperbench,pallets_jinja_task-1621-f6-f9@solo,v2/MSm,v2,MSm,1,657f239ec01b342c7cfd0b647eda2cfb6d1c479a516fec6119429e0987c4564f
v2MSc-2de2aa7c924f9eee,cooperbench,pallets_jinja_task-1621-f6-f9@solo,v2/MSc,v2,MSc,1,474da033fbf208ee3ffdf9437682bc6d588e3f80393fe9218a9f0af62c919d6c
v2PLp-d2fc87eaa8f82be2,cooperbench,pallets_jinja_task-1621-f7-f10@coop,v2/PLp,v2,PLp,1,fb40d1b68800c7e9febe86fdee13bb4b25758552575478fddf25035686a31689
v2PLe-c44cc0a4a4fe9617,cooperbench,pallets_jinja_task-1621-f7-f10@coop,v2/PLe,v2,PLe,1,59f080f0a3c4781f50f4a06fdd64cbbf35e0bee2a0f529bab0a2bd227f26d295
v2PLs-836816b47a5f3a6c,cooperbench,pallets_jinja_task-1621-f7-f10@coop,v2/PLs,v2,PLs,1,659f38cf1b89d4be22f10f09e9cb03ebedca751234d21b81a47fec76d7af38d1
v2MSm-19b9e5cafac41ff5,cooperbench,pallets_jinja_task-1621-f7-f10@coop,v2/MSm,v2,MSm,1,1a2874f70df85199198229ddaf741e9e1bf80dfa6721186f79c3d1e6c809daeb
v2MSc-77c3885ede8153d2,cooperbench,pallets_jinja_task-1621-f7-f10@coop,v2/MSc,v2,MSc,1,72bef0fad5dff1f718b4497be5460fa8e9bcee47c002e22b9ae21589488a1113
v2PLp-e49849a5eb7777f1,cooperbench,pallets_jinja_task-1621-f7-f10@solo,v2/PLp,v2,PLp,1,29cd39ab58926063fa137c7d53b6d3fe17fc99896a4af0b08f544e3969553334
v2PLe-31a058bbe8bd1de6,cooperbench,pallets_jinja_task-1621-f7-f10@solo,v2/PLe,v2,PLe,1,e6deaa7ee5ca201ce630b76d37e3703faa7a7e084682ba22b9c91c2932dfc687
v2PLs-7edee8d06c954cb6,cooperbench,pallets_jinja_task-1621-f7-f10@solo,v2/PLs,v2,PLs,1,78225523e752a4878e30906d2d6cd510ccead5e401db3d6b8e109226e00c1e1d
v2MSm-ed3d2415dc90050c,cooperbench,pallets_jinja_task-1621-f7-f10@solo,v2/MSm,v2,MSm,1,8653b5801f27f035a458080123f609d8ce442da17dbd87f7c420a8003f9f3a39
v2MSc-3fedd8676fcf1ef3,cooperbench,pallets_jinja_task-1621-f7-f10@solo,v2/MSc,v2,MSc,1,d7bf381766be43ee2273e9cd08d493e0e1b044b69bc34ef81fca25c3cfca804e
v2PLp-e262f726ed17c017,cooperbench,pallets_jinja_task-1621-f7-f9@coop,v2/PLp,v2,PLp,1,bf936f06f14979bcf4e1bb1b89b48173dc247e00db753ed37890360349d3155f
v2PLe-d1798b3c5fb54711,cooperbench,pallets_jinja_task-1621-f7-f9@coop,v2/PLe,v2,PLe,1,a5c507339a192ab2aaf5e4c6da1cf911bf0d5c1b38c217aa9e5ccd235655a083
v2PLs-4e9c441a09b6e93b,cooperbench,pallets_jinja_task-1621-f7-f9@coop,v2/PLs,v2,PLs,1,16ecfc92f663f35fbe0975c6cad6e352d97c026ccebf5fbec70ac2034242df7f
v2MSm-0e8c623878cd30b6,cooperbench,pallets_jinja_task-1621-f7-f9@coop,v2/MSm,v2,MSm,1,b792399dbab682758f89c03b088f599841fec6c7e8b85dfa5ce1a6e535213623
v2MSc-991514371cf8a441,cooperbench,pallets_jinja_task-1621-f7-f9@coop,v2/MSc,v2,MSc,1,4b59ee749d87cee7e5e8483c9d4ed612b23d5d118cdbcfc52cf82dc9bc507bb6
v2PLp-7ea7fc4127c15b14,cooperbench,pallets_jinja_task-1621-f7-f9@solo,v2/PLp,v2,PLp,1,307010448580a918b991b8dd9428517c01dd02fc4997f185ff2bce9b446447a4
v2PLe-9b8a1fdfa22c84e2,cooperbench,pallets_jinja_task-1621-f7-f9@solo,v2/PLe,v2,PLe,1,f55c5abc2b2bf7011aec16b39dd38945a9d6af94a2e26bf8e42636c6cd3b7616
v2PLs-5ced1c9f15cb2d8c,cooperbench,pallets_jinja_task-1621-f7-f9@solo,v2/PLs,v2,PLs,1,80c847caeff0c1b9d8defc0e2b963cffa3061d3df5da6bfbe91778a5e4207163
v2MSm-87174eafec209827,cooperbench,pallets_jinja_task-1621-f7-f9@solo,v2/MSm,v2,MSm,1,23dde0dd59c4a6c0c3e20c4c249e061d1b858bf180f222066bf1da95797a0ad7
v2MSc-d06fa58e52ab7c69,cooperbench,pallets_jinja_task-1621-f7-f9@solo,v2/MSc,v2,MSc,1,5e81127ea51258a9bd6a64e7af8f9fd13c78c52e775057dc1fe8d67475654a0d
v2PLp-dc3192536807b5fb,cooperbench,react_hook_form_task-153-f1-f2@coop,v2/PLp,v2,PLp,1,4856bed4d47c50a3d9c3c11dc068472f976c902fec1d6939927b6b1fa7a8aff1
v2PLe-0a0417e26b2049a1,cooperbench,react_hook_form_task-153-f1-f2@coop,v2/PLe,v2,PLe,1,8ede6a60b0dd2deb8bd214e96747997d69f5d64d615fe244756d7680598dd0d0
v2PLs-8e568a772995b2c1,cooperbench,react_hook_form_task-153-f1-f2@coop,v2/PLs,v2,PLs,1,7ab4749cc7a6cadf2e1ebffb48569ff3d6d0c85a1402fb86520908acd424e0ef
v2MSm-7f0b555569f56abb,cooperbench,react_hook_form_task-153-f1-f2@coop,v2/MSm,v2,MSm,1,f079b9e4b633177be5191c51d4ee26541ee588af26477cd325ebd2ca27ac80ac
v2MSc-20e6a3ff52fa0195,cooperbench,react_hook_form_task-153-f1-f2@coop,v2/MSc,v2,MSc,1,4dbbc4fcbd5a50008ab139fe65c4e1cfb28b696f6d26b798d807d9e053260328
v2PLp-ef12ade57aa549d6,cooperbench,react_hook_form_task-153-f1-f2@solo,v2/PLp,v2,PLp,1,234f56c2dbb8ac806b84b652b49eab2b0f9206ef03c8978082e27b08f9e9c952
v2PLe-1b2fc773500bc6e8,cooperbench,react_hook_form_task-153-f1-f2@solo,v2/PLe,v2,PLe,1,53412cf2f7b58a79ba643d62cfac7ae23470b3aa980f9b26751032f6cf5deedb
v2PLs-da7ea7cabf35e631,cooperbench,react_hook_form_task-153-f1-f2@solo,v2/PLs,v2,PLs,1,eeb9d6b08f8a542abf994d72936d3455eac94edb9d3b901d1df6bf249eb3421c
v2MSm-b5e44feb5a229440,cooperbench,react_hook_form_task-153-f1-f2@solo,v2/MSm,v2,MSm,1,1aea425b91c53502a2efffe6054a960f9395efad42fa821e96d603f94817beb3
v2MSc-39aa04bd45df5f4e,cooperbench,react_hook_form_task-153-f1-f2@solo,v2/MSc,v2,MSc,1,daf026855029a4ac4a467defed09c8e83b47840c8a3dc5f8030cc026c1ab6f42
v2PLp-3f071b04abaf018a,cooperbench,react_hook_form_task-153-f1-f6@coop,v2/PLp,v2,PLp,1,e586238e32064337c46b7cd55fb39bc5814610970ddf38daa77d197ff60ed287
v2PLe-a2bd721a43f1d905,cooperbench,react_hook_form_task-153-f1-f6@coop,v2/PLe,v2,PLe,1,2dd8959c59d91ed4cda401e476220a986b7dedf8d440021c2c20cd9fba1337dd
v2PLs-3e03ac0b93158240,cooperbench,react_hook_form_task-153-f1-f6@coop,v2/PLs,v2,PLs,1,1fc303c897168ca4d5a9bb510ec4443a92d6d073528e084dbd865a15043eec00
v2MSm-5de388e90987f1fb,cooperbench,react_hook_form_task-153-f1-f6@coop,v2/MSm,v2,MSm,1,7f771d4a64bc345286e463c5607ea9e2d3b372a8ea2dcbcdc0b1d08e660d779e
v2MSc-21a25b894d9adc28,cooperbench,react_hook_form_task-153-f1-f6@coop,v2/MSc,v2,MSc,1,f075ecc063f02d81635b94dfbbfa1285aabdb8552a2f19a88f7f723fc0247263
v2PLp-169dcf5f64603109,cooperbench,react_hook_form_task-153-f1-f6@solo,v2/PLp,v2,PLp,1,629e1f8eac2e4db3c411d9d462d9762bd2aa701e2e2647d586143984aaf40d5c
v2PLe-18a1dca999843aff,cooperbench,react_hook_form_task-153-f1-f6@solo,v2/PLe,v2,PLe,1,d6286cd0721d58d683752bde0d6a8a65cf48a7c66042689fb669b9f792682a09
v2PLs-e437c5383eb512b9,cooperbench,react_hook_form_task-153-f1-f6@solo,v2/PLs,v2,PLs,1,dc6e75f62614af462fc366fdc5a97222ca5e277ea6b8388dceac5ba073f039e0
v2MSm-c2fa263f7c55d81e,cooperbench,react_hook_form_task-153-f1-f6@solo,v2/MSm,v2,MSm,1,de0e5a66aaa4a2384d6cc2f1d04fb50f0f993454996b8738a94cf80096667e82
v2MSc-4d80fb0779ff7f40,cooperbench,react_hook_form_task-153-f1-f6@solo,v2/MSc,v2,MSc,1,6228f967dc6536d137f0d75eb349124c3e41dc12d0addeb49ea410730cefb6b3
v2PLp-545f763bfc0fc5ae,cooperbench,react_hook_form_task-153-f2-f5@coop,v2/PLp,v2,PLp,1,0170b14b27f69efd6378e13793225aab9c8db670d5ea6b83a7d6a1301def6944
v2PLe-57910f8e3ade91cf,cooperbench,react_hook_form_task-153-f2-f5@coop,v2/PLe,v2,PLe,1,cd2e5488e8d5582623853426ae7d9f1ca21112b9081a7cf2a44b3b0c5654b383
v2PLs-7104f0030ee44175,cooperbench,react_hook_form_task-153-f2-f5@coop,v2/PLs,v2,PLs,1,9b94e6094b57fa4ec47332dddf2d16d410ebd1e18db72f2aa813c509588ab893
v2MSm-8d4ac8f8c3bb9f70,cooperbench,react_hook_form_task-153-f2-f5@coop,v2/MSm,v2,MSm,1,052e44b3051876dca10d6e949ae7e41563f3578bc53fb8cda31be1803fcfc6a2
v2MSc-2a19ea1b6648b000,cooperbench,react_hook_form_task-153-f2-f5@coop,v2/MSc,v2,MSc,1,fd03ea3f94628f770aa90fdbbf05c38b416733aba5cf59b2c81358329af580e9
v2PLp-60a6124cdf9b95a6,cooperbench,react_hook_form_task-153-f2-f5@solo,v2/PLp,v2,PLp,1,5a7719d651d7535881e6b8ebf6f73a916caebbeb08044a0c9e9c91cf3a38ab20
v2PLe-8936031bf8c86aa1,cooperbench,react_hook_form_task-153-f2-f5@solo,v2/PLe,v2,PLe,1,8a208a63c94ba8e1f5973f9cd31c4e3dd84b0f9601d063be0fc9ea3e4f1da31b
v2PLs-6763a8e10a7960c6,cooperbench,react_hook_form_task-153-f2-f5@solo,v2/PLs,v2,PLs,1,65f5e2ae718c2881e916207d95a8acfb4fdc438923946323d5bf6299b09b3dba
v2MSm-10e2756575d1014d,cooperbench,react_hook_form_task-153-f2-f5@solo,v2/MSm,v2,MSm,1,411f12cd110485cd5a091b476a7e20f9266cb3463f892eb65de5092aee16b981
v2MSc-90f2ae7f861b2a14,cooperbench,react_hook_form_task-153-f2-f5@solo,v2/MSc,v2,MSc,1,eef0a288c4fa049b9e3c2a918fb736b6fba7b80f47c80fb0c26011dc173052b0
v2PLp-a44cd5f720680051,cooperbench,react_hook_form_task-153-f3-f4@coop,v2/PLp,v2,PLp,1,c7e3a597ca2aa1fd1f0040160749229ababb9e25eaef01f8ad4b116efcdf5fd8
v2PLe-f630bcafe8f10b88,cooperbench,react_hook_form_task-153-f3-f4@coop,v2/PLe,v2,PLe,1,990783321d1d7d4926de10753bc11c81c2d125eea9e54f87f7ee2163cfae53ce
v2PLs-b3b27d97f295467f,cooperbench,react_hook_form_task-153-f3-f4@coop,v2/PLs,v2,PLs,1,229139feaa68c072677714935d444c25672d1b8a14ab8c43c8530bd9536963f1
v2MSm-2ed751dc59766774,cooperbench,react_hook_form_task-153-f3-f4@coop,v2/MSm,v2,MSm,1,d09deada94772e0a1413e8c9462ff32741049a50cd3fd2e48053d3968b5af8f7
v2MSc-4d3ca2288a050131,cooperbench,react_hook_form_task-153-f3-f4@coop,v2/MSc,v2,MSc,1,a0a23f09117fb38127b348c1330a30656b4245d6cd75453f0b5531ca504fe60a
v2PLp-3389c04d20e081e1,cooperbench,react_hook_form_task-153-f3-f4@solo,v2/PLp,v2,PLp,1,03f631100a1851f6b313f9399a5a8ac09b66ca99c3e10731f5862d63ca7b92dc
v2PLe-db47f4d1e079e80d,cooperbench,react_hook_form_task-153-f3-f4@solo,v2/PLe,v2,PLe,1,b720b8f56bece5e25991eb8a0e43a60a3692f92d1e531dfa5209901e3282e724
v2PLs-f9d38878cf980e01,cooperbench,react_hook_form_task-153-f3-f4@solo,v2/PLs,v2,PLs,1,609ab0edf8a668d1dbbe8551ac3c421f4485b5c50585a7e5cd4c1d10acec76a0
v2MSm-426fe0b15d413716,cooperbench,react_hook_form_task-153-f3-f4@solo,v2/MSm,v2,MSm,1,072b9b5f68ad04303bc9a51015ade14289b074259895d21989547607fa627db8
v2MSc-0f2837218a796f79,cooperbench,react_hook_form_task-153-f3-f4@solo,v2/MSc,v2,MSc,1,d44868678066147345d1ee0172ee25d14879bbb4f72f62bd7d1d742ddbe1cc0f
v2PLp-4fa2505bef8f6eb3,cooperbench,react_hook_form_task-153-f5-f6@coop,v2/PLp,v2,PLp,1,1dd00565577b5268f91a1697c8875d32f06b91ebc9bde07b63bc8b13afdd6009
v2PLe-f9ca5b55deb6d77c,cooperbench,react_hook_form_task-153-f5-f6@coop,v2/PLe,v2,PLe,1,3f4feec99c804424f0556922f95b55dafbad86b64cceea51ba70b1998bec4f38
v2PLs-2fd8ead73f3deb93,cooperbench,react_hook_form_task-153-f5-f6@coop,v2/PLs,v2,PLs,1,2d91cb57e9066e3f62387e75aedec3009c704d13e14d588c7f7df94a3f589b0d
v2MSm-0e1fba1d5092dc5a,cooperbench,react_hook_form_task-153-f5-f6@coop,v2/MSm,v2,MSm,1,859934461e4da4b607acd3fddc33d6f78ef902cf20f8b1ac280a24cb9e37b799
v2MSc-c0fb667f83e517ed,cooperbench,react_hook_form_task-153-f5-f6@coop,v2/MSc,v2,MSc,1,8c285baac21f5ab824b403f8e167817b9fc18864795ac4f35443b51d9ff1db74
v2PLp-59c6c594744ceb97,cooperbench,react_hook_form_task-153-f5-f6@solo,v2/PLp,v2,PLp,1,6a816b7c5dae143157707a50941e8d02d242f1e9f6595dbd621a165f0af7c9d3
v2PLe-358a9b8e2f7339c1,cooperbench,react_hook_form_task-153-f5-f6@solo,v2/PLe,v2,PLe,1,69eed68883e7c48330a818ab0e06f954d0620fc972f554e0ba9891c0604dff47
v2PLs-712beda8d2204cfc,cooperbench,react_hook_form_task-153-f5-f6@solo,v2/PLs,v2,PLs,1,976f64ae0a3d9f1f0c185a373abceba908fff3a1faf94cf511f61127e6944ecc
v2MSm-ef400bad569d8b00,cooperbench,react_hook_form_task-153-f5-f6@solo,v2/MSm,v2,MSm,1,e18e90646fc1758e0c47a8dbb0f6718a16f74d84bf88043f3a55852262ab63ed
v2MSc-36a9ad3355d67bc3,cooperbench,react_hook_form_task-153-f5-f6@solo,v2/MSc,v2,MSc,1,64c2173a410ccef672ac58f67f0ae8ebfe3021240f32d865140848b71ea331e7
v2PLp-7cac1c886925e7d6,cooperbench,react_hook_form_task-85-f1-f4@coop,v2/PLp,v2,PLp,1,9330fd184d9bcf07e5b16ed6bd95a35218b86080be7b42051d2969f8a928646d
v2PLe-c3bfb5e80518cb25,cooperbench,react_hook_form_task-85-f1-f4@coop,v2/PLe,v2,PLe,1,4f32affe50bdebc48c68f1ee7fb95c8f7f46c3628f148d2efe2d183efaa6d55c
v2PLs-cc01316683a0417e,cooperbench,react_hook_form_task-85-f1-f4@coop,v2/PLs,v2,PLs,1,945406ae59c9b78ded3abf6803b4d097a397cc3aa0521ae73d28076ad32ca811
v2MSm-32309feea46e5afb,cooperbench,react_hook_form_task-85-f1-f4@coop,v2/MSm,v2,MSm,1,d25bcd33e73feb8ef380f9452c27c9e6be8044424ed37917ff7488cfea520dc5
v2MSc-afa6ebcb96065641,cooperbench,react_hook_form_task-85-f1-f4@coop,v2/MSc,v2,MSc,1,e016c385822730cbbbae0866fb8471e01bceb6754ac57e4c7ac3ba9418576f4a
v2PLp-3c336ee91b78c8ff,cooperbench,react_hook_form_task-85-f1-f4@solo,v2/PLp,v2,PLp,1,51bc03ef110e96708aedae1e946e7f31f8fc8d18eefa7adf13ed8dc7dee81465
v2PLe-c5128d05d18b1784,cooperbench,react_hook_form_task-85-f1-f4@solo,v2/PLe,v2,PLe,1,c1e55514ddc8ba97268c4d45eabe9cf3f8481683e58860f5fc523fe3bfdfdc03
v2PLs-6c978944ceaf3039,cooperbench,react_hook_form_task-85-f1-f4@solo,v2/PLs,v2,PLs,1,3fffcea9fdde21e1e3f2b399835592c65fd9e2fd500de21ef6bd1cf75a5e4819
v2MSm-2b172e2296886c6f,cooperbench,react_hook_form_task-85-f1-f4@solo,v2/MSm,v2,MSm,1,06ee33313f243249f6b582040750c3c2fc53749dcf9f80cb912c2f8de35bc9fc
v2MSc-df7d4789ca8f817a,cooperbench,react_hook_form_task-85-f1-f4@solo,v2/MSc,v2,MSc,1,a2ee80a7706addebe230217096e67fbd57173a51fe44a42d28fd292aca8a81c3
v2PLp-128e5fe846c4c7bf,cooperbench,react_hook_form_task-85-f2-f3@coop,v2/PLp,v2,PLp,1,b04580522150d38827e21f955b1576a35704e1aff2d8802610a33c94da6c7b3c
v2PLe-fcc6a47eb3534eb7,cooperbench,react_hook_form_task-85-f2-f3@coop,v2/PLe,v2,PLe,1,f92da41843729455f78c3fee121e9b93f701cb22002d0a093955a7e8baea089d
v2PLs-dfcf0485568391d0,cooperbench,react_hook_form_task-85-f2-f3@coop,v2/PLs,v2,PLs,1,0e4c5b645fbfeff731cfd763e9df21350f2821e27253d5cd8f19e9adda5cd08e
v2MSm-3f2c6e35ce846258,cooperbench,react_hook_form_task-85-f2-f3@coop,v2/MSm,v2,MSm,1,fe48faeed08a3aeebdba79d5cf41afcf1f2cc25ca70cf4e5463657181aa43327
v2MSc-3c86efd55eb45838,cooperbench,react_hook_form_task-85-f2-f3@coop,v2/MSc,v2,MSc,1,6cac63c7bc548a03d40c03186d37406523ecb936d6378aad0414af0f66f2743a
v2PLp-588c8457bc726fa4,cooperbench,react_hook_form_task-85-f2-f3@solo,v2/PLp,v2,PLp,1,2a8cddb8c4402302fdff3add9a18a99151400901103b57e8d054ed9b2ce11da8
v2PLe-8f2d7f0dbc62b095,cooperbench,react_hook_form_task-85-f2-f3@solo,v2/PLe,v2,PLe,1,b7912526b77fe81eba9a54ca58939805d46d41802f8f68a8eaf9765eddcdcd3a
v2PLs-77e17d2dfae1905a,cooperbench,react_hook_form_task-85-f2-f3@solo,v2/PLs,v2,PLs,1,b4ab7521579ee65b28132d4391baf1b50ce56ba06efb194d6208035606b7385e
v2MSm-758ec664066e8122,cooperbench,react_hook_form_task-85-f2-f3@solo,v2/MSm,v2,MSm,1,1adadb90cd16d2d124242403a422efe084a02e85a9123f7ee8c8e605af2f4865
v2MSc-85587d4939ab473a,cooperbench,react_hook_form_task-85-f2-f3@solo,v2/MSc,v2,MSc,1,01bece777b296a628ff90777c61cc2d610cd0f6b55e22f671f7ac0d5c81fa375
v2PLp-66fd925a9a862a57,cooperbench,react_hook_form_task-85-f2-f4@coop,v2/PLp,v2,PLp,1,e2c47a9b0d0c1d58a76a76088a09dad89444ed8699520e08935fd5c5fe1aa50f
v2PLe-c9f370d24b7ad108,cooperbench,react_hook_form_task-85-f2-f4@coop,v2/PLe,v2,PLe,1,9bc046f88498c7415c94e68d5f77d86d1aadcfb0b914f7b40fc2c405d24c2cfa
v2PLs-9d4a1907bbb51989,cooperbench,react_hook_form_task-85-f2-f4@coop,v2/PLs,v2,PLs,1,53eaaa400c639efeccecd7c356a965406061e9b98dcbca08d2d9d16bf5bca3b7
v2MSm-0004d8ef2157aa06,cooperbench,react_hook_form_task-85-f2-f4@coop,v2/MSm,v2,MSm,1,6137eea2728f21559edd354286e8f5937aca4c53a7dcf7c45e8f4e2f688067c7
v2MSc-bc288094a1c59865,cooperbench,react_hook_form_task-85-f2-f4@coop,v2/MSc,v2,MSc,1,ce22366f3a35b1198f939fee3d4884531f6f8c1b2efc2aa821ecc3297d76dd28
v2PLp-89b0370a9d1522af,cooperbench,react_hook_form_task-85-f2-f4@solo,v2/PLp,v2,PLp,1,b2d145103a37823fb40163f4f705433798fb98dc09a8198b416e8389d8f95981
v2PLe-a24b97ef40f55c53,cooperbench,react_hook_form_task-85-f2-f4@solo,v2/PLe,v2,PLe,1,e0459936a757611c12b689ed75889f7eeac4d173ffeb18e0764c56ec0f088cf2
v2PLs-0229d1b8eacab203,cooperbench,react_hook_form_task-85-f2-f4@solo,v2/PLs,v2,PLs,1,d3d7a46ad662fe1f4d09eae0f7e32ff9e11887f901b8cddc6211d29ce24398c6
v2MSm-e81a61bc6fae94bf,cooperbench,react_hook_form_task-85-f2-f4@solo,v2/MSm,v2,MSm,1,c1573927d81e62900f3716b659134d0b7e60768f5c849e888d2a356783dc3eda
v2MSc-6c7583d4c2e35dc5,cooperbench,react_hook_form_task-85-f2-f4@solo,v2/MSc,v2,MSc,1,56fa942772c805dd68e0a3b2b9258fd503ada1c8155ddc8e7f1ef34114658da3
v2PLp-9471dc5f66368428,cooperbench,react_hook_form_task-85-f2-f5@coop,v2/PLp,v2,PLp,1,4a2ecf65456fd7429e58ab5844620257184c7f63a9a379832bebc2016a7f4e9b
v2PLe-1500bc8093d9fa71,cooperbench,react_hook_form_task-85-f2-f5@coop,v2/PLe,v2,PLe,1,a0f4f5089666aca16fe328df5665caf45d5da2fe5748d807e64489bb8148e155
v2PLs-f9d4edad73486d41,cooperbench,react_hook_form_task-85-f2-f5@coop,v2/PLs,v2,PLs,1,bec8e97eb9f496af951d46dc01e298d5a92b29aad51305c02e5d7d3603628c55
v2MSm-4c11b8adfd5ec6e5,cooperbench,react_hook_form_task-85-f2-f5@coop,v2/MSm,v2,MSm,1,dedebe0f5f10ad83ac39cd91f64d83acd6a535b405e87ee30b6b198379318182
v2MSc-489eda4250eb3575,cooperbench,react_hook_form_task-85-f2-f5@coop,v2/MSc,v2,MSc,1,3e0f54cab57bb3f5e6a0d5aec482bf827c89a055237abc62424db66f695e02f8
v2PLp-7cece956ad96be21,cooperbench,react_hook_form_task-85-f2-f5@solo,v2/PLp,v2,PLp,1,296c49977be7cdd39d58153eed4fe245477e9d2e6b733ea0e035c2591bf877b4
v2PLe-75b56146e4ba9adc,cooperbench,react_hook_form_task-85-f2-f5@solo,v2/PLe,v2,PLe,1,b0be7b059a14b032ce4a4283e32e42e08c62c17920be4f9f498393d30442f70b
v2PLs-bbcf3816dafe3ed5,cooperbench,react_hook_form_task-85-f2-f5@solo,v2/PLs,v2,PLs,1,8e889e66139717256203ccb80ec345ecbd8755c593a7339b3eed4f17b7c2b0c8
v2MSm-7e2f7e29c3e86b94,cooperbench,react_hook_form_task-85-f2-f5@solo,v2/MSm,v2,MSm,1,4674bbf0575bfc6399970b0508d5a248080d200423c7a7e6533e2538100908b4
v2MSc-b1627475c3d80ca1,cooperbench,react_hook_form_task-85-f2-f5@solo,v2/MSc,v2,MSc,1,bd528222b4046d16ff879857914ca5f69974ddfe531b54707770cabeff7be593
v2PLp-0484a906b9673c79,cooperbench,samuelcolvin_dirty_equals_task-43-f1-f4@coop,v2/PLp,v2,PLp,1,7e54764f7caa497ca2d57496926035aa2a75aa2d9ba07e757c07772d5787952f
v2PLe-cc98666ff9882bd3,cooperbench,samuelcolvin_dirty_equals_task-43-f1-f4@coop,v2/PLe,v2,PLe,1,03d766d6fa0d8d8eb94ff41e6e74e7efa03cf82a3b26912d85e8666d187e3634
v2PLs-7ebeaeb2813d9bba,cooperbench,samuelcolvin_dirty_equals_task-43-f1-f4@coop,v2/PLs,v2,PLs,1,0b28f2b91ca976ecb678ae1c30e4cba771a869bf032ce6b7a5530abbfee0a631
v2MSm-ffb8a06b43b6a5c0,cooperbench,samuelcolvin_dirty_equals_task-43-f1-f4@coop,v2/MSm,v2,MSm,1,fcbb810c603f52997e788b5f0069321e6ec428b42e5c2d4a65b41085e1ec5f68
v2MSc-8f1c2ac3df36e94e,cooperbench,samuelcolvin_dirty_equals_task-43-f1-f4@coop,v2/MSc,v2,MSc,1,e39325e83f82671f5ff96c408d29995d3af5d6e22972b6df58972171a2dc57b6
v2PLp-a59eb07e957ae8bc,cooperbench,samuelcolvin_dirty_equals_task-43-f1-f4@solo,v2/PLp,v2,PLp,1,ba130fe3de6eede4f515b711958a3b86ffb3c1a3cb67b82f5a5b0b8e4fb948e2
v2PLe-91fac843da8a6f71,cooperbench,samuelcolvin_dirty_equals_task-43-f1-f4@solo,v2/PLe,v2,PLe,1,757acba81b4101aeaea4a0a00cc43588be9933293498c24db206599edda1f602
v2PLs-70f07d9be79110b3,cooperbench,samuelcolvin_dirty_equals_task-43-f1-f4@solo,v2/PLs,v2,PLs,1,4957c034b5e4f76d7f3b7803005a08efa2fb8d760c04bebe2fb9878ea4bfa019
v2MSm-9cbcd6723484bc75,cooperbench,samuelcolvin_dirty_equals_task-43-f1-f4@solo,v2/MSm,v2,MSm,1,837946462d3a15cfe6b3066909ce2142fd97e8658b96b4a45a013c0993c6603b
v2MSc-715a40cd007d1e72,cooperbench,samuelcolvin_dirty_equals_task-43-f1-f4@solo,v2/MSc,v2,MSc,1,05fe23de0e169e9876920e193f5c2d3316194316b577221c1514c25c71df0371
v2PLp-0917bc35ff8fd628,cooperbench,samuelcolvin_dirty_equals_task-43-f1-f8@coop,v2/PLp,v2,PLp,1,7f3426fb537e62ca2a1f252c6968cdbdb19038d0a93c92d94c0ad160e6041eaa
v2PLe-c3c14eeddc06c54a,cooperbench,samuelcolvin_dirty_equals_task-43-f1-f8@coop,v2/PLe,v2,PLe,1,9f6f6e6f0c0ae43f6b34e02e92531de51d7624fedff1e1d06cbdca53bda87679
v2PLs-27b72b905e1869ef,cooperbench,samuelcolvin_dirty_equals_task-43-f1-f8@coop,v2/PLs,v2,PLs,1,9d984513316214257d2cda96428bad8def52337430131407d35105c5661c58b4
v2MSm-f91434c5b6c992ce,cooperbench,samuelcolvin_dirty_equals_task-43-f1-f8@coop,v2/MSm,v2,MSm,1,1fe1432f3650c4b435fca49a3acc139211e8232068c71a668dbf3a622b67cb57
v2MSc-e29fbb9841906d4e,cooperbench,samuelcolvin_dirty_equals_task-43-f1-f8@coop,v2/MSc,v2,MSc,1,5430dd7f9c861854b853ea253421e13bdadcd31875b5ab606bbcf5b3f601c4c5
v2PLp-f28ff861896d6256,cooperbench,samuelcolvin_dirty_equals_task-43-f1-f8@solo,v2/PLp,v2,PLp,1,57f74cea915531d735199258f421a4114c267c83a83285463161f80644aed39d
v2PLe-5edc348a18622a94,cooperbench,samuelcolvin_dirty_equals_task-43-f1-f8@solo,v2/PLe,v2,PLe,1,26c842814bc3287a2c28d47a78b4c47b3024ea019ef4f62c2da5ace897f16a04
v2PLs-8c75d902ee40bd87,cooperbench,samuelcolvin_dirty_equals_task-43-f1-f8@solo,v2/PLs,v2,PLs,1,eb4a39218f6b9de3ff019a142eceedf57aa67ca524dfd0224142d2c79780fc35
v2MSm-d92807d3b0490463,cooperbench,samuelcolvin_dirty_equals_task-43-f1-f8@solo,v2/MSm,v2,MSm,1,260e5a7a4bb7668ef48bfc4ab3b499a590c0c9ddc0ef1b180888d6a0fcca9e99
v2MSc-ab3f339930875eed,cooperbench,samuelcolvin_dirty_equals_task-43-f1-f8@solo,v2/MSc,v2,MSc,1,9eda4fe4bb406901a7ae8b0433836ce69901984ffc006408433630e23b4a22a7
v2PLp-d59807ac87cd0d03,cooperbench,samuelcolvin_dirty_equals_task-43-f3-f5@coop,v2/PLp,v2,PLp,1,6b015aba538711876c64a89a07fe0483d72491ac59b902df0fd4ce3f35edbc10
v2PLe-f3be0f6cf365b4f2,cooperbench,samuelcolvin_dirty_equals_task-43-f3-f5@coop,v2/PLe,v2,PLe,1,1a99b215a181e77908f62a23748ed6f141e66d53732436f1e724489ecd2452b7
v2PLs-d8bfad8109862c46,cooperbench,samuelcolvin_dirty_equals_task-43-f3-f5@coop,v2/PLs,v2,PLs,1,af1986e92c0d2ca3d5a41ef72d3408889b97df29277554f1199b471599903979
v2MSm-c2875da83f90f635,cooperbench,samuelcolvin_dirty_equals_task-43-f3-f5@coop,v2/MSm,v2,MSm,1,dadcefc10ade81ac1651597ec61319fc71b977c1204247636e7af9ceb8a91ada
v2MSc-e40c8dee7ca96d4e,cooperbench,samuelcolvin_dirty_equals_task-43-f3-f5@coop,v2/MSc,v2,MSc,1,cae9c5a63a1ba80b2429f55ec90c3d33922c348aceae951fdd47790230badf45
v2PLp-bc58f9ea4f31cf0c,cooperbench,samuelcolvin_dirty_equals_task-43-f3-f5@solo,v2/PLp,v2,PLp,1,726f5f2dcf435ad1342293695f64dedf7e72a291281eb539b52a6bf55ce3147f
v2PLe-29fb126ad9b63be6,cooperbench,samuelcolvin_dirty_equals_task-43-f3-f5@solo,v2/PLe,v2,PLe,1,9a7d434fcdeb8ea800405df5455c4a22437e38256cfbf3df1244c259a1a31b2e
v2PLs-74ce838ae9a33cc5,cooperbench,samuelcolvin_dirty_equals_task-43-f3-f5@solo,v2/PLs,v2,PLs,1,e6c140958238fba4b136de46a40373dc3ec2bce5ffb9cfbb3699bae72c35dc74
v2MSm-166e4059d1be3884,cooperbench,samuelcolvin_dirty_equals_task-43-f3-f5@solo,v2/MSm,v2,MSm,1,2a5478416d8ace9b549f641e7fa45ede52b31cf111e7440f101a429f3d8540ad
v2MSc-d77d8c5c4d615f52,cooperbench,samuelcolvin_dirty_equals_task-43-f3-f5@solo,v2/MSc,v2,MSc,1,27c51c869ec2e441a8a259ba18d8cb01b55086af26e63130b1079489fca659cd
v2PLp-e96e4cf8a9cfc9e3,cooperbench,samuelcolvin_dirty_equals_task-43-f3-f8@coop,v2/PLp,v2,PLp,1,619aaceac08fcd22b6ed50c3bc1d1fd9a8853f2f5f4ba42c74372d93c586c9b2
v2PLe-7d09e1ed333c67ae,cooperbench,samuelcolvin_dirty_equals_task-43-f3-f8@coop,v2/PLe,v2,PLe,1,30a406da316079f020667d5b40c5256bb4026baca31af47838241b12ad00f103
v2PLs-305b96374bc6d5cd,cooperbench,samuelcolvin_dirty_equals_task-43-f3-f8@coop,v2/PLs,v2,PLs,1,7063c20344e84efb0e0668db4710192620f4579b2a48e571ef757c033b1b9c3f
v2MSm-27886d6e9c53dda3,cooperbench,samuelcolvin_dirty_equals_task-43-f3-f8@coop,v2/MSm,v2,MSm,1,395f05aeb125ef98ba86c87185bad761efd2822b3ca5441fb473f72c71fe3217
v2MSc-ef8ced1c79fb697b,cooperbench,samuelcolvin_dirty_equals_task-43-f3-f8@coop,v2/MSc,v2,MSc,1,bac81de34ef58e58af1a0dd8c671651a107e4b682286a67476c9bce00a844c98
v2PLp-8554d3b614b2c8dd,cooperbench,samuelcolvin_dirty_equals_task-43-f3-f8@solo,v2/PLp,v2,PLp,1,aaf783d619b0598bb77e7d8b21f82f4d21e0f78000eb669fcf243adf0a8afaf2
v2PLe-50771484b9833f74,cooperbench,samuelcolvin_dirty_equals_task-43-f3-f8@solo,v2/PLe,v2,PLe,1,57deae730f80bb7298f9d5e5fde2cbacb0407259c0c58697ca4f2a0f643847b4
v2PLs-c2508aa2f77d84f2,cooperbench,samuelcolvin_dirty_equals_task-43-f3-f8@solo,v2/PLs,v2,PLs,1,0a9fa5ad7572e0e5090f63fc9565c75ee4dfc0e7dee4751cec382f5167bf7d49
v2MSm-a9cb8da5cd742a79,cooperbench,samuelcolvin_dirty_equals_task-43-f3-f8@solo,v2/MSm,v2,MSm,1,4c0d51a4fdb6ee0caf7fec16b6e7e18cbfee1502e7b9689d8de6c19c70075fef
v2MSc-0924f25e0e1f9cdb,cooperbench,samuelcolvin_dirty_equals_task-43-f3-f8@solo,v2/MSc,v2,MSc,1,3b0a07a9e5125c3e8503b9fc9e5572fff6ee550516be32539699fd460f9e9ee6
v2PLp-a08e026ad438a98d,cooperbench,samuelcolvin_dirty_equals_task-43-f5-f6@coop,v2/PLp,v2,PLp,1,02b00500dd99254a3bb2719d1053a06dd828e9e5cdb5003d154f93169a186e73
v2PLe-6289e01e6e4f5ed8,cooperbench,samuelcolvin_dirty_equals_task-43-f5-f6@coop,v2/PLe,v2,PLe,1,c0ef81562296a9843e0c4d7fdd9d1ba7251ee1b2b01a3415a7867e445495fd6c
v2PLs-a03f7f37ed9a3389,cooperbench,samuelcolvin_dirty_equals_task-43-f5-f6@coop,v2/PLs,v2,PLs,1,5d766a078a408547f4dff851785d1328b070f6e3d35b9fc53b312491cd9d0bb5
v2MSm-55e5da2ae2ba38ac,cooperbench,samuelcolvin_dirty_equals_task-43-f5-f6@coop,v2/MSm,v2,MSm,1,2c53320c1b3fe5b03a309b4ee0e8af5adc1f03f4624e836a7819767910d36599
v2MSc-42e234169cb5c762,cooperbench,samuelcolvin_dirty_equals_task-43-f5-f6@coop,v2/MSc,v2,MSc,1,eaa7832d343d206416db585f2e68c722ce46dab9fa6184142d3457e77e49688b
v2PLp-cdc075dcdf363a48,cooperbench,samuelcolvin_dirty_equals_task-43-f5-f6@solo,v2/PLp,v2,PLp,1,1063644dfacb04ad9cd693ffbf11c6c7964560d4bca236781cb37ce12595aa73
v2PLe-cfca7d2ef2dca8cb,cooperbench,samuelcolvin_dirty_equals_task-43-f5-f6@solo,v2/PLe,v2,PLe,1,21ad61f4b06a356689f460c64e77bcdded0b278ca4bdac9e10fcef92673accea
v2PLs-386c6c4813c84dc9,cooperbench,samuelcolvin_dirty_equals_task-43-f5-f6@solo,v2/PLs,v2,PLs,1,660acdc011293faef0fc4959043cc57b01e97818611a0500d0b71aa52b071b88
v2MSm-705932d5ce6aedf0,cooperbench,samuelcolvin_dirty_equals_task-43-f5-f6@solo,v2/MSm,v2,MSm,1,72e73a9cf0e9cb071816de8f421c915d84a530d59e5df45b972f8984d1f72614
v2MSc-df78a229226f1708,cooperbench,samuelcolvin_dirty_equals_task-43-f5-f6@solo,v2/MSc,v2,MSc,1,b6d300f80f4223d57e4a15b8c80f45a4b81629cb95f15c50343ac15721dd48bb
v2PLp-0bb26ace20a8cc62,cooperbench,samuelcolvin_dirty_equals_task-43-f5-f8@coop,v2/PLp,v2,PLp,1,11244e98b7a87200e7eb1ff25f8ee32c5d356adf785f39ceffcd3b272a01601b
v2PLe-da0451ed3dd4278d,cooperbench,samuelcolvin_dirty_equals_task-43-f5-f8@coop,v2/PLe,v2,PLe,1,398239af26141f435dbbd3aec33232f2691e8e18fc926133b031b94267dde0c7
v2PLs-1212be708761dd8c,cooperbench,samuelcolvin_dirty_equals_task-43-f5-f8@coop,v2/PLs,v2,PLs,1,a616251d37f89afb8090a54b8b05024348b518d09f6f56ef579be3f6c580170b
v2MSm-4c444348df053d7a,cooperbench,samuelcolvin_dirty_equals_task-43-f5-f8@coop,v2/MSm,v2,MSm,1,a0965adcceba4511689769d2e8fe9218d04c1d6438b5825111123376ed0dbb0e
v2MSc-25c18773a217cd10,cooperbench,samuelcolvin_dirty_equals_task-43-f5-f8@coop,v2/MSc,v2,MSc,1,4df27f98e4a5719fefec48d8e7d8410f95fd193d63e612c13438496f4c71f387
v2PLp-4902c188813d676e,cooperbench,samuelcolvin_dirty_equals_task-43-f5-f8@solo,v2/PLp,v2,PLp,1,748d90e5535f05040df0adaab81f1cff481d6916e3eab18a25b733bc5f48aaff
v2PLe-252224563559810e,cooperbench,samuelcolvin_dirty_equals_task-43-f5-f8@solo,v2/PLe,v2,PLe,1,6c61996f3efec1e287e440090510a91ba6147eb48ca5611c04521f01f612c125
v2PLs-c1a333cbe92a8713,cooperbench,samuelcolvin_dirty_equals_task-43-f5-f8@solo,v2/PLs,v2,PLs,1,99f995444e18fe8ca966c23eef4d0d52e8bb16cef8cd4ee9a967e67d2f19e08a
v2MSm-85f0dc087c24bc82,cooperbench,samuelcolvin_dirty_equals_task-43-f5-f8@solo,v2/MSm,v2,MSm,1,b00b6baf11dc4dd149b496b3de1c3fd46d04986e1deaf2769c1f47175198b0de
v2MSc-8b96d7182db749da,cooperbench,samuelcolvin_dirty_equals_task-43-f5-f8@solo,v2/MSc,v2,MSc,1,3c7785a9f6f7fb31401634d8487a0d59cae03868cf323acdd5607236edee09de
v2PLp-b7553bd34e6c24ba,cooperbench,samuelcolvin_dirty_equals_task-43-f6-f7@coop,v2/PLp,v2,PLp,1,e9d06d11db45882e544ac2f0ebd6582641fdec33659351f020ed35d065b6524d
v2PLe-226d24bb32dd5546,cooperbench,samuelcolvin_dirty_equals_task-43-f6-f7@coop,v2/PLe,v2,PLe,1,a0aff49df6387f31c19128d87e040541da2309ff0643c526a1375ccb1b258fb2
v2PLs-bfd195fadf660784,cooperbench,samuelcolvin_dirty_equals_task-43-f6-f7@coop,v2/PLs,v2,PLs,1,aa1c4957740870874c654f427eb1ab3839a0215ea3a4c5d23d8175d13b812cd2
v2MSm-f881e5068ef8ddba,cooperbench,samuelcolvin_dirty_equals_task-43-f6-f7@coop,v2/MSm,v2,MSm,1,2d85e0c2edb5c150b7cf42c6a290d1ca9ab10e982c3832e128c9c95f8f61267b
v2MSc-e9480eda745cf85d,cooperbench,samuelcolvin_dirty_equals_task-43-f6-f7@coop,v2/MSc,v2,MSc,1,b000edbf3305eea82a7051dd4d0f9c4f54814c8ad58781b870db1eac67b77bf1
v2PLp-c9c6d294e41b5a06,cooperbench,samuelcolvin_dirty_equals_task-43-f6-f7@solo,v2/PLp,v2,PLp,1,1f9d529bfa08a56dacc5cf94c98ce4ee4afa28598aadd209fbee10b0341a98a4
v2PLe-809e82dbc24174b5,cooperbench,samuelcolvin_dirty_equals_task-43-f6-f7@solo,v2/PLe,v2,PLe,1,92c1672e5a443b72ea7fa8495983ec52ef118d837d7db7c9aee4ade0ad6bad01
v2PLs-73393a6ee30667fb,cooperbench,samuelcolvin_dirty_equals_task-43-f6-f7@solo,v2/PLs,v2,PLs,1,feea7460acf66f73e471e335117a5e603ac9b5c45768ca654ba15d675563f489
v2MSm-96c7464f1e587b22,cooperbench,samuelcolvin_dirty_equals_task-43-f6-f7@solo,v2/MSm,v2,MSm,1,548acce7cbe42c39f576ddf85cb2edcde1382f6386465a2f6c99885d6d4fe8b8
v2MSc-dac7dd15af7281fc,cooperbench,samuelcolvin_dirty_equals_task-43-f6-f7@solo,v2/MSc,v2,MSc,1,1f69bff6b707075e9cb5413ed73f614032adbd60113b7d13493b48219154d428
v2PLp-7058df6f8030c97d,cooperbench,samuelcolvin_dirty_equals_task-43-f6-f8@coop,v2/PLp,v2,PLp,1,5875982d764c76ef9d8ca313da4722e4ed3e8705f42c00abaf7e8407805f2e22
v2PLe-327fb8f12f2fd8b2,cooperbench,samuelcolvin_dirty_equals_task-43-f6-f8@coop,v2/PLe,v2,PLe,1,668e8e979d9f0505520609f7eb3ed5e013dace4831a2bdeab8be431d1d88cec0
v2PLs-376dfba006a2fade,cooperbench,samuelcolvin_dirty_equals_task-43-f6-f8@coop,v2/PLs,v2,PLs,1,60c98ab7771975564b17b86e19da0f0031a6741c0d08d85da44eed6298e4259f
v2MSm-b40d53ea916f6e57,cooperbench,samuelcolvin_dirty_equals_task-43-f6-f8@coop,v2/MSm,v2,MSm,1,e6c4653ccc34841b53fc4944b0e02c623e9e513ebf7d02df3384f612c882e837
v2MSc-db1dc5cbe7c9184c,cooperbench,samuelcolvin_dirty_equals_task-43-f6-f8@coop,v2/MSc,v2,MSc,1,82e3b32546bb1fb725f71764dbd233262d6a6ce2fb012acb7d4a0b3d62799f9b
v2PLp-440d563279d92fb7,cooperbench,samuelcolvin_dirty_equals_task-43-f6-f8@solo,v2/PLp,v2,PLp,1,40146f1ed2f10eb5442fd4f6308c891786939845fad0e30fb9df5b67b77d8e15
v2PLe-4db80d07fb310bf4,cooperbench,samuelcolvin_dirty_equals_task-43-f6-f8@solo,v2/PLe,v2,PLe,1,01e2d3f9066e9504896477e5ba8b8c87524ee09e9f7a1c36530e918ff435c717
v2PLs-9c1d581f9de4f1fc,cooperbench,samuelcolvin_dirty_equals_task-43-f6-f8@solo,v2/PLs,v2,PLs,1,a8b7bb635e294a860fccd33c7c866e969a9f435eefa5669ee080271863f4ecbc
v2MSm-cc82a585334b7168,cooperbench,samuelcolvin_dirty_equals_task-43-f6-f8@solo,v2/MSm,v2,MSm,1,9ed350539a42ba4b4303fd6dbdddba5cae99cc76f11f060ca1c9e3d797c5cfe7
v2MSc-200a0ce66f3358f5,cooperbench,samuelcolvin_dirty_equals_task-43-f6-f8@solo,v2/MSc,v2,MSc,1,4e9b6c37ec89b962ae07e95ece0d847833868a5cd110067c5a1c89f8b54f3888
