benchmark,instance_id,opus,rubric
cooperbench,dottxt_ai_outlines_task-1371-f1-f3@coop,2,MSc
cooperbench,dottxt_ai_outlines_task-1371-f1-f3@coop,3,MSm
cooperbench,dottxt_ai_outlines_task-1371-f1-f3@coop,4,PLe
cooperbench,dottxt_ai_outlines_task-1371-f1-f3@coop,3,PLp
cooperbench,dottxt_ai_outlines_task-1371-f1-f3@coop,2,PLs
cooperbench,dottxt_ai_outlines_task-1371-f1-f3@solo,0,MSc
cooperbench,dottxt_ai_outlines_task-1371-f1-f3@solo,0,MSm
cooperbench,dottxt_ai_outlines_task-1371-f1-f3@solo,3,PLe
cooperbench,dottxt_ai_outlines_task-1371-f1-f3@solo,2,PLp
cooperbench,dottxt_ai_outlines_task-1371-f1-f3@solo,1,PLs
cooperbench,dottxt_ai_outlines_task-1371-f1-f4@coop,2,MSc
cooperbench,dottxt_ai_outlines_task-1371-f1-f4@coop,3,MSm
cooperbench,dottxt_ai_outlines_task-1371-f1-f4@coop,4,PLe
cooperbench,dottxt_ai_outlines_task-1371-f1-f4@coop,2,PLp
cooperbench,dottxt_ai_outlines_task-1371-f1-f4@coop,2,PLs
cooperbench,dottxt_ai_outlines_task-1371-f1-f4@solo,0,MSc
cooperbench,dottxt_ai_outlines_task-1371-f1-f4@solo,0,MSm
cooperbench,dottxt_ai_outlines_task-1371-f1-f4@solo,3,PLe
cooperbench,dottxt_ai_outlines_task-1371-f1-f4@solo,2,PLp
cooperbench,dottxt_ai_outlines_task-1371-f1-f4@solo,1,PLs
cooperbench,dottxt_ai_outlines_task-1371-f2-f3@coop,2,MSc
cooperbench,dottxt_ai_outlines_task-1371-f2-f3@coop,3,MSm
cooperbench,dottxt_ai_outlines_task-1371-f2-f3@coop,3,PLe
cooperbench,dottxt_ai_outlines_task-1371-f2-f3@coop,3,PLp
cooperbench,dottxt_ai_outlines_task-1371-f2-f3@coop,1,PLs
cooperbench,dottxt_ai_outlines_task-1371-f2-f3@solo,0,MSc
cooperbench,dottxt_ai_outlines_task-1371-f2-f3@solo,0,MSm
cooperbench,dottxt_ai_outlines_task-1371-f2-f3@solo,3,PLe
cooperbench,dottxt_ai_outlines_task-1371-f2-f3@solo,2,PLp
cooperbench,dottxt_ai_outlines_task-1371-f2-f3@solo,1,PLs
cooperbench,dottxt_ai_outlines_task-1655-f1-f3@coop,2,MSc
cooperbench,dottxt_ai_outlines_task-1655-f1-f3@coop,3,MSm
cooperbench,dottxt_ai_outlines_task-1655-f1-f3@coop,3,PLe
cooperbench,dottxt_ai_outlines_task-1655-f1-f3@coop,2,PLp
cooperbench,dottxt_ai_outlines_task-1655-f1-f3@coop,2,PLs
cooperbench,dottxt_ai_outlines_task-1655-f1-f3@solo,0,MSc
cooperbench,dottxt_ai_outlines_task-1655-f1-f3@solo,0,MSm
cooperbench,dottxt_ai_outlines_task-1655-f1-f3@solo,3,PLe
cooperbench,dottxt_ai_outlines_task-1655-f1-f3@solo,2,PLp
cooperbench,dottxt_ai_outlines_task-1655-f1-f3@solo,1,PLs
cooperbench,dottxt_ai_outlines_task-1655-f1-f6@coop,2,MSc
cooperbench,dottxt_ai_outlines_task-1655-f1-f6@coop,3,MSm
cooperbench,dottxt_ai_outlines_task-1655-f1-f6@coop,3,PLe
cooperbench,dottxt_ai_outlines_task-1655-f1-f6@coop,2,PLp
cooperbench,dottxt_ai_outlines_task-1655-f1-f6@coop,1,PLs
cooperbench,dottxt_ai_outlines_task-1655-f1-f6@solo,0,MSc
cooperbench,dottxt_ai_outlines_task-1655-f1-f6@solo,0,MSm
cooperbench,dottxt_ai_outlines_task-1655-f1-f6@solo,3,PLe
cooperbench,dottxt_ai_outlines_task-1655-f1-f6@solo,2,PLp
cooperbench,dottxt_ai_outlines_task-1655-f1-f6@solo,1,PLs
cooperbench,dottxt_ai_outlines_task-1655-f1-f7@coop,2,MSc
cooperbench,dottxt_ai_outlines_task-1655-f1-f7@coop,3,MSm
cooperbench,dottxt_ai_outlines_task-1655-f1-f7@coop,3,PLe
cooperbench,dottxt_ai_outlines_task-1655-f1-f7@coop,2,PLp
cooperbench,dottxt_ai_outlines_task-1655-f1-f7@coop,2,PLs
cooperbench,dottxt_ai_outlines_task-1655-f1-f7@solo,0,MSc
cooperbench,dottxt_ai_outlines_task-1655-f1-f7@solo,0,MSm
cooperbench,dottxt_ai_outlines_task-1655-f1-f7@solo,3,PLe
cooperbench,dottxt_ai_outlines_task-1655-f1-f7@solo,2,PLp
cooperbench,dottxt_ai_outlines_task-1655-f1-f7@solo,1,PLs
cooperbench,dottxt_ai_outlines_task-1655-f1-f9@coop,2,MSc
cooperbench,dottxt_ai_outlines_task-1655-f1-f9@coop,2,MSm
cooperbench,dottxt_ai_outlines_task-1655-f1-f9@coop,3,PLe
cooperbench,dottxt_ai_outlines_task-1655-f1-f9@coop,2,PLp
cooperbench,dottxt_ai_outlines_task-1655-f1-f9@coop,1,PLs
cooperbench,dottxt_ai_outlines_task-1655-f1-f9@solo,0,MSc
cooperbench,dottxt_ai_outlines_task-1655-f1-f9@solo,0,MSm
cooperbench,dottxt_ai_outlines_task-1655-f1-f9@solo,3,PLe
cooperbench,dottxt_ai_outlines_task-1655-f1-f9@solo,2,PLp
cooperbench,dottxt_ai_outlines_task-1655-f1-f9@solo,1,PLs
cooperbench,dottxt_ai_outlines_task-1655-f2-f5@coop,2,MSc
cooperbench,dottxt_ai_outlines_task-1655-f2-f5@coop,3,MSm
cooperbench,dottxt_ai_outlines_task-1655-f2-f5@coop,3,PLe
cooperbench,dottxt_ai_outlines_task-1655-f2-f5@coop,2,PLp
cooperbench,dottxt_ai_outlines_task-1655-f2-f5@coop,2,PLs
cooperbench,dottxt_ai_outlines_task-1655-f2-f5@solo,0,MSc
cooperbench,dottxt_ai_outlines_task-1655-f2-f5@solo,0,MSm
cooperbench,dottxt_ai_outlines_task-1655-f2-f5@solo,3,PLe
cooperbench,dottxt_ai_outlines_task-1655-f2-f5@solo,2,PLp
cooperbench,dottxt_ai_outlines_task-1655-f2-f5@solo,1,PLs
cooperbench,dottxt_ai_outlines_task-1655-f3-f4@coop,2,MSc
cooperbench,dottxt_ai_outlines_task-1655-f3-f4@coop,3,MSm
cooperbench,dottxt_ai_outlines_task-1655-f3-f4@coop,3,PLe
cooperbench,dottxt_ai_outlines_task-1655-f3-f4@coop,2,PLp
cooperbench,dottxt_ai_outlines_task-1655-f3-f4@coop,2,PLs
cooperbench,dottxt_ai_outlines_task-1655-f3-f4@solo,0,MSc
cooperbench,dottxt_ai_outlines_task-1655-f3-f4@solo,0,MSm
cooperbench,dottxt_ai_outlines_task-1655-f3-f4@solo,3,PLe
cooperbench,dottxt_ai_outlines_task-1655-f3-f4@solo,2,PLp
cooperbench,dottxt_ai_outlines_task-1655-f3-f4@solo,1,PLs
cooperbench,dottxt_ai_outlines_task-1655-f3-f7@coop,2,MSc
cooperbench,dottxt_ai_outlines_task-1655-f3-f7@coop,3,MSm
cooperbench,dottxt_ai_outlines_task-1655-f3-f7@coop,3,PLe
cooperbench,dottxt_ai_outlines_task-1655-f3-f7@coop,2,PLp
cooperbench,dottxt_ai_outlines_task-1655-f3-f7@coop,2,PLs
cooperbench,dottxt_ai_outlines_task-1655-f3-f7@solo,0,MSc
cooperbench,dottxt_ai_outlines_task-1655-f3-f7@solo,0,MSm
cooperbench,dottxt_ai_outlines_task-1655-f3-f7@solo,3,PLe
cooperbench,dottxt_ai_outlines_task-1655-f3-f7@solo,2,PLp
cooperbench,dottxt_ai_outlines_task-1655-f3-f7@solo,1,PLs
cooperbench,dottxt_ai_outlines_task-1655-f3-f9@coop,2,MSc
cooperbench,dottxt_ai_outlines_task-1655-f3-f9@coop,3,MSm
cooperbench,dottxt_ai_outlines_task-1655-f3-f9@coop,3,PLe
cooperbench,dottxt_ai_outlines_task-1655-f3-f9@coop,2,PLp
cooperbench,dottxt_ai_outlines_task-1655-f3-f9@coop,2,PLs
cooperbench,dottxt_ai_outlines_task-1655-f3-f9@solo,0,MSc
cooperbench,dottxt_ai_outlines_task-1655-f3-f9@solo,0,MSm
cooperbench,dottxt_ai_outlines_task-1655-f3-f9@solo,3,PLe
cooperbench,dottxt_ai_outlines_task-1655-f3-f9@solo,1,PLp
cooperbench,dottxt_ai_outlines_task-1655-f3-f9@solo,1,PLs
cooperbench,dottxt_ai_outlines_task-1655-f4-f9@coop,2,MSc
cooperbench,dottxt_ai_outlines_task-1655-f4-f9@coop,3,MSm
cooperbench,dottxt_ai_outlines_task-1655-f4-f9@coop,3,PLe
cooperbench,dottxt_ai_outlines_task-1655-f4-f9@coop,2,PLp
cooperbench,dottxt_ai_outlines_task-1655-f4-f9@coop,2,PLs
cooperbench,dottxt_ai_outlines_task-1655-f4-f9@solo,0,MSc
cooperbench,dottxt_ai_outlines_task-1655-f4-f9@solo,0,MSm
cooperbench,dottxt_ai_outlines_task-1655-f4-f9@solo,3,PLe
cooperbench,dottxt_ai_outlines_task-1655-f4-f9@solo,1,PLp
cooperbench,dottxt_ai_outlines_task-1655-f4-f9@solo,1,PLs
cooperbench,dottxt_ai_outlines_task-1706-f1-f4@coop,2,MSc
cooperbench,dottxt_ai_outlines_task-1706-f1-f4@coop,3,MSm
cooperbench,dottxt_ai_outlines_task-1706-f1-f4@coop,4,PLe
cooperbench,dottxt_ai_outlines_task-1706-f1-f4@coop,3,PLp
cooperbench,dottxt_ai_outlines_task-1706-f1-f4@coop,2,PLs
cooperbench,dottxt_ai_outlines_task-1706-f1-f4@solo,1,MSc
cooperbench,dottxt_ai_outlines_task-1706-f1-f4@solo,0,MSm
cooperbench,dottxt_ai_outlines_task-1706-f1-f4@solo,3,PLe
cooperbench,dottxt_ai_outlines_task-1706-f1-f4@solo,2,PLp
cooperbench,dottxt_ai_outlines_task-1706-f1-f4@solo,1,PLs
cooperbench,dottxt_ai_outlines_task-1706-f1-f6@coop,2,MSc
cooperbench,dottxt_ai_outlines_task-1706-f1-f6@coop,3,MSm
cooperbench,dottxt_ai_outlines_task-1706-f1-f6@coop,4,PLe
cooperbench,dottxt_ai_outlines_task-1706-f1-f6@coop,3,PLp
cooperbench,dottxt_ai_outlines_task-1706-f1-f6@coop,2,PLs
cooperbench,dottxt_ai_outlines_task-1706-f1-f6@solo,0,MSc
cooperbench,dottxt_ai_outlines_task-1706-f1-f6@solo,0,MSm
cooperbench,dottxt_ai_outlines_task-1706-f1-f6@solo,3,PLe
cooperbench,dottxt_ai_outlines_task-1706-f1-f6@solo,2,PLp
cooperbench,dottxt_ai_outlines_task-1706-f1-f6@solo,1,PLs
cooperbench,dottxt_ai_outlines_task-1706-f2-f4@coop,2,MSc
cooperbench,dottxt_ai_outlines_task-1706-f2-f4@coop,3,MSm
cooperbench,dottxt_ai_outlines_task-1706-f2-f4@coop,3,PLe
cooperbench,dottxt_ai_outlines_task-1706-f2-f4@coop,2,PLp
cooperbench,dottxt_ai_outlines_task-1706-f2-f4@coop,2,PLs
cooperbench,dottxt_ai_outlines_task-1706-f2-f4@solo,0,MSc
cooperbench,dottxt_ai_outlines_task-1706-f2-f4@solo,0,MSm
cooperbench,dottxt_ai_outlines_task-1706-f2-f4@solo,3,PLe
cooperbench,dottxt_ai_outlines_task-1706-f2-f4@solo,2,PLp
cooperbench,dottxt_ai_outlines_task-1706-f2-f4@solo,1,PLs
cooperbench,dottxt_ai_outlines_task-1706-f2-f5@coop,2,MSc
cooperbench,dottxt_ai_outlines_task-1706-f2-f5@coop,3,MSm
cooperbench,dottxt_ai_outlines_task-1706-f2-f5@coop,4,PLe
cooperbench,dottxt_ai_outlines_task-1706-f2-f5@coop,2,PLp
cooperbench,dottxt_ai_outlines_task-1706-f2-f5@coop,2,PLs
cooperbench,dottxt_ai_outlines_task-1706-f2-f5@solo,0,MSc
cooperbench,dottxt_ai_outlines_task-1706-f2-f5@solo,0,MSm
cooperbench,dottxt_ai_outlines_task-1706-f2-f5@solo,3,PLe
cooperbench,dottxt_ai_outlines_task-1706-f2-f5@solo,2,PLp
cooperbench,dottxt_ai_outlines_task-1706-f2-f5@solo,1,PLs
cooperbench,dottxt_ai_outlines_task-1706-f2-f8@coop,2,MSc
cooperbench,dottxt_ai_outlines_task-1706-f2-f8@coop,3,MSm
cooperbench,dottxt_ai_outlines_task-1706-f2-f8@coop,3,PLe
cooperbench,dottxt_ai_outlines_task-1706-f2-f8@coop,2,PLp
cooperbench,dottxt_ai_outlines_task-1706-f2-f8@coop,2,PLs
cooperbench,dottxt_ai_outlines_task-1706-f2-f8@solo,0,MSc
cooperbench,dottxt_ai_outlines_task-1706-f2-f8@solo,0,MSm
cooperbench,dottxt_ai_outlines_task-1706-f2-f8@solo,3,PLe
cooperbench,dottxt_ai_outlines_task-1706-f2-f8@solo,2,PLp
cooperbench,dottxt_ai_outlines_task-1706-f2-f8@solo,1,PLs
cooperbench,dottxt_ai_outlines_task-1706-f5-f7@coop,2,MSc
cooperbench,dottxt_ai_outlines_task-1706-f5-f7@coop,3,MSm
cooperbench,dottxt_ai_outlines_task-1706-f5-f7@coop,4,PLe
cooperbench,dottxt_ai_outlines_task-1706-f5-f7@coop,2,PLp
cooperbench,dottxt_ai_outlines_task-1706-f5-f7@coop,2,PLs
cooperbench,dottxt_ai_outlines_task-1706-f5-f7@solo,0,MSc
cooperbench,dottxt_ai_outlines_task-1706-f5-f7@solo,0,MSm
cooperbench,dottxt_ai_outlines_task-1706-f5-f7@solo,3,PLe
cooperbench,dottxt_ai_outlines_task-1706-f5-f7@solo,2,PLp
cooperbench,dottxt_ai_outlines_task-1706-f5-f7@solo,2,PLs
cooperbench,dottxt_ai_outlines_task-1706-f7-f8@coop,2,MSc
cooperbench,dottxt_ai_outlines_task-1706-f7-f8@coop,3,MSm
cooperbench,dottxt_ai_outlines_task-1706-f7-f8@coop,4,PLe
cooperbench,dottxt_ai_outlines_task-1706-f7-f8@coop,3,PLp
cooperbench,dottxt_ai_outlines_task-1706-f7-f8@coop,2,PLs
cooperbench,dottxt_ai_outlines_task-1706-f7-f8@solo,0,MSc
cooperbench,dottxt_ai_outlines_task-1706-f7-f8@solo,0,MSm
cooperbench,dottxt_ai_outlines_task-1706-f7-f8@solo,3,PLe
cooperbench,dottxt_ai_outlines_task-1706-f7-f8@solo,2,PLp
cooperbench,dottxt_ai_outlines_task-1706-f7-f8@solo,1,PLs
cooperbench,dspy_task-8394-f1-f5@coop,2,MSc
cooperbench,dspy_task-8394-f1-f5@coop,3,MSm
cooperbench,dspy_task-8394-f1-f5@coop,3,PLe
cooperbench,dspy_task-8394-f1-f5@coop,2,PLp
cooperbench,dspy_task-8394-f1-f5@coop,2,PLs
cooperbench,dspy_task-8394-f1-f5@solo,0,MSc
cooperbench,dspy_task-8394-f1-f5@solo,0,MSm
cooperbench,dspy_task-8394-f1-f5@solo,3,PLe
cooperbench,dspy_task-8394-f1-f5@solo,2,PLp
cooperbench,dspy_task-8394-f1-f5@solo,1,PLs
cooperbench,dspy_task-8394-f2-f5@coop,2,MSc
cooperbench,dspy_task-8394-f2-f5@coop,3,MSm
cooperbench,dspy_task-8394-f2-f5@coop,4,PLe
cooperbench,dspy_task-8394-f2-f5@coop,3,PLp
cooperbench,dspy_task-8394-f2-f5@coop,2,PLs
cooperbench,dspy_task-8394-f2-f5@solo,0,MSc
cooperbench,dspy_task-8394-f2-f5@solo,0,MSm
cooperbench,dspy_task-8394-f2-f5@solo,3,PLe
cooperbench,dspy_task-8394-f2-f5@solo,3,PLp
cooperbench,dspy_task-8394-f2-f5@solo,1,PLs
cooperbench,dspy_task-8394-f3-f4@coop,2,MSc
cooperbench,dspy_task-8394-f3-f4@coop,2,MSm
cooperbench,dspy_task-8394-f3-f4@coop,3,PLe
cooperbench,dspy_task-8394-f3-f4@coop,2,PLp
cooperbench,dspy_task-8394-f3-f4@coop,2,PLs
cooperbench,dspy_task-8394-f3-f4@solo,0,MSc
cooperbench,dspy_task-8394-f3-f4@solo,0,MSm
cooperbench,dspy_task-8394-f3-f4@solo,3,PLe
cooperbench,dspy_task-8394-f3-f4@solo,2,PLp
cooperbench,dspy_task-8394-f3-f4@solo,2,PLs
cooperbench,dspy_task-8394-f4-f5@coop,2,MSc
cooperbench,dspy_task-8394-f4-f5@coop,3,MSm
cooperbench,dspy_task-8394-f4-f5@coop,3,PLe
cooperbench,dspy_task-8394-f4-f5@coop,3,PLp
cooperbench,dspy_task-8394-f4-f5@coop,1,PLs
cooperbench,dspy_task-8394-f4-f5@solo,0,MSc
cooperbench,dspy_task-8394-f4-f5@solo,0,MSm
cooperbench,dspy_task-8394-f4-f5@solo,3,PLe
cooperbench,dspy_task-8394-f4-f5@solo,2,PLp
cooperbench,dspy_task-8394-f4-f5@solo,1,PLs
cooperbench,dspy_task-8563-f1-f2@coop,2,MSc
cooperbench,dspy_task-8563-f1-f2@coop,2,MSm
cooperbench,dspy_task-8563-f1-f2@coop,4,PLe
cooperbench,dspy_task-8563-f1-f2@coop,3,PLp
cooperbench,dspy_task-8563-f1-f2@coop,2,PLs
cooperbench,dspy_task-8563-f1-f2@solo,1,MSc
cooperbench,dspy_task-8563-f1-f2@solo,0,MSm
cooperbench,dspy_task-8563-f1-f2@solo,3,PLe
cooperbench,dspy_task-8563-f1-f2@solo,2,PLp
cooperbench,dspy_task-8563-f1-f2@solo,2,PLs
cooperbench,dspy_task-8563-f1-f6@coop,2,MSc
cooperbench,dspy_task-8563-f1-f6@coop,3,MSm
cooperbench,dspy_task-8563-f1-f6@coop,4,PLe
cooperbench,dspy_task-8563-f1-f6@coop,2,PLp
cooperbench,dspy_task-8563-f1-f6@coop,2,PLs
cooperbench,dspy_task-8563-f1-f6@solo,0,MSc
cooperbench,dspy_task-8563-f1-f6@solo,0,MSm
cooperbench,dspy_task-8563-f1-f6@solo,3,PLe
cooperbench,dspy_task-8563-f1-f6@solo,2,PLp
cooperbench,dspy_task-8563-f1-f6@solo,2,PLs
cooperbench,dspy_task-8563-f2-f3@coop,2,MSc
cooperbench,dspy_task-8563-f2-f3@coop,3,MSm
cooperbench,dspy_task-8563-f2-f3@coop,3,PLe
cooperbench,dspy_task-8563-f2-f3@coop,2,PLp
cooperbench,dspy_task-8563-f2-f3@coop,1,PLs
cooperbench,dspy_task-8563-f2-f3@solo,0,MSc
cooperbench,dspy_task-8563-f2-f3@solo,0,MSm
cooperbench,dspy_task-8563-f2-f3@solo,3,PLe
cooperbench,dspy_task-8563-f2-f3@solo,2,PLp
cooperbench,dspy_task-8563-f2-f3@solo,1,PLs
cooperbench,dspy_task-8563-f2-f5@coop,2,MSc
cooperbench,dspy_task-8563-f2-f5@coop,4,MSm
cooperbench,dspy_task-8563-f2-f5@coop,4,PLe
cooperbench,dspy_task-8563-f2-f5@coop,3,PLp
cooperbench,dspy_task-8563-f2-f5@coop,2,PLs
cooperbench,dspy_task-8563-f2-f5@solo,0,MSc
cooperbench,dspy_task-8563-f2-f5@solo,0,MSm
cooperbench,dspy_task-8563-f2-f5@solo,3,PLe
cooperbench,dspy_task-8563-f2-f5@solo,3,PLp
cooperbench,dspy_task-8563-f2-f5@solo,2,PLs
cooperbench,dspy_task-8587-f1-f6@coop,2,MSc
cooperbench,dspy_task-8587-f1-f6@coop,3,MSm
cooperbench,dspy_task-8587-f1-f6@coop,3,PLe
cooperbench,dspy_task-8587-f1-f6@coop,2,PLp
cooperbench,dspy_task-8587-f1-f6@coop,1,PLs
cooperbench,dspy_task-8587-f1-f6@solo,0,MSc
cooperbench,dspy_task-8587-f1-f6@solo,0,MSm
cooperbench,dspy_task-8587-f1-f6@solo,3,PLe
cooperbench,dspy_task-8587-f1-f6@solo,2,PLp
cooperbench,dspy_task-8587-f1-f6@solo,1,PLs
cooperbench,dspy_task-8587-f2-f4@coop,2,MSc
cooperbench,dspy_task-8587-f2-f4@coop,3,MSm
cooperbench,dspy_task-8587-f2-f4@coop,4,PLe
cooperbench,dspy_task-8587-f2-f4@coop,2,PLp
cooperbench,dspy_task-8587-f2-f4@coop,2,PLs
cooperbench,dspy_task-8587-f2-f4@solo,1,MSc
cooperbench,dspy_task-8587-f2-f4@solo,0,MSm
cooperbench,dspy_task-8587-f2-f4@solo,3,PLe
cooperbench,dspy_task-8587-f2-f4@solo,2,PLp
cooperbench,dspy_task-8587-f2-f4@solo,2,PLs
cooperbench,dspy_task-8587-f2-f5@coop,2,MSc
cooperbench,dspy_task-8587-f2-f5@coop,3,MSm
cooperbench,dspy_task-8587-f2-f5@coop,4,PLe
cooperbench,dspy_task-8587-f2-f5@coop,2,PLp
cooperbench,dspy_task-8587-f2-f5@coop,1,PLs
cooperbench,dspy_task-8587-f2-f5@solo,0,MSc
cooperbench,dspy_task-8587-f2-f5@solo,0,MSm
cooperbench,dspy_task-8587-f2-f5@solo,3,PLe
cooperbench,dspy_task-8587-f2-f5@solo,2,PLp
cooperbench,dspy_task-8587-f2-f5@solo,1,PLs
cooperbench,dspy_task-8587-f5-f6@coop,2,MSc
cooperbench,dspy_task-8587-f5-f6@coop,3,MSm
cooperbench,dspy_task-8587-f5-f6@coop,3,PLe
cooperbench,dspy_task-8587-f5-f6@coop,2,PLp
cooperbench,dspy_task-8587-f5-f6@coop,1,PLs
cooperbench,dspy_task-8587-f5-f6@solo,0,MSc
cooperbench,dspy_task-8587-f5-f6@solo,0,MSm
cooperbench,dspy_task-8587-f5-f6@solo,3,PLe
cooperbench,dspy_task-8587-f5-f6@solo,2,PLp
cooperbench,dspy_task-8587-f5-f6@solo,2,PLs
cooperbench,dspy_task-8635-f2-f4@coop,2,MSc
cooperbench,dspy_task-8635-f2-f4@coop,2,MSm
cooperbench,dspy_task-8635-f2-f4@coop,3,PLe
cooperbench,dspy_task-8635-f2-f4@coop,2,PLp
cooperbench,dspy_task-8635-f2-f4@coop,2,PLs
cooperbench,dspy_task-8635-f2-f4@solo,1,MSc
cooperbench,dspy_task-8635-f2-f4@solo,0,MSm
cooperbench,dspy_task-8635-f2-f4@solo,3,PLe
cooperbench,dspy_task-8635-f2-f4@solo,2,PLp
cooperbench,dspy_task-8635-f2-f4@solo,1,PLs
cooperbench,dspy_task-8635-f3-f4@coop,2,MSc
cooperbench,dspy_task-8635-f3-f4@coop,3,MSm
cooperbench,dspy_task-8635-f3-f4@coop,3,PLe
cooperbench,dspy_task-8635-f3-f4@coop,2,PLp
cooperbench,dspy_task-8635-f3-f4@coop,1,PLs
cooperbench,dspy_task-8635-f3-f4@solo,0,MSc
cooperbench,dspy_task-8635-f3-f4@solo,0,MSm
cooperbench,dspy_task-8635-f3-f4@solo,3,PLe
cooperbench,dspy_task-8635-f3-f4@solo,2,PLp
cooperbench,dspy_task-8635-f3-f4@solo,1,PLs
cooperbench,dspy_task-8635-f4-f5@coop,2,MSc
cooperbench,dspy_task-8635-f4-f5@coop,3,MSm
cooperbench,dspy_task-8635-f4-f5@coop,3,PLe
cooperbench,dspy_task-8635-f4-f5@coop,2,PLp
cooperbench,dspy_task-8635-f4-f5@coop,1,PLs
cooperbench,dspy_task-8635-f4-f5@solo,0,MSc
cooperbench,dspy_task-8635-f4-f5@solo,0,MSm
cooperbench,dspy_task-8635-f4-f5@solo,3,PLe
cooperbench,dspy_task-8635-f4-f5@solo,2,PLp
cooperbench,dspy_task-8635-f4-f5@solo,1,PLs
cooperbench,dspy_task-8635-f4-f6@coop,2,MSc
cooperbench,dspy_task-8635-f4-f6@coop,3,MSm
cooperbench,dspy_task-8635-f4-f6@coop,3,PLe
cooperbench,dspy_task-8635-f4-f6@coop,2,PLp
cooperbench,dspy_task-8635-f4-f6@coop,2,PLs
cooperbench,dspy_task-8635-f4-f6@solo,1,MSc
cooperbench,dspy_task-8635-f4-f6@solo,0,MSm
cooperbench,dspy_task-8635-f4-f6@solo,3,PLe
cooperbench,dspy_task-8635-f4-f6@solo,2,PLp
cooperbench,dspy_task-8635-f4-f6@solo,1,PLs
cooperbench,go_chi_task-56-f1-f2@coop,2,MSc
cooperbench,go_chi_task-56-f1-f2@coop,3,MSm
cooperbench,go_chi_task-56-f1-f2@coop,4,PLe
cooperbench,go_chi_task-56-f1-f2@coop,2,PLp
cooperbench,go_chi_task-56-f1-f2@coop,2,PLs
cooperbench,go_chi_task-56-f1-f2@solo,0,MSc
cooperbench,go_chi_task-56-f1-f2@solo,0,MSm
cooperbench,go_chi_task-56-f1-f2@solo,3,PLe
cooperbench,go_chi_task-56-f1-f2@solo,2,PLp
cooperbench,go_chi_task-56-f1-f2@solo,1,PLs
cooperbench,go_chi_task-56-f1-f4@coop,2,MSc
cooperbench,go_chi_task-56-f1-f4@coop,3,MSm
cooperbench,go_chi_task-56-f1-f4@coop,4,PLe
cooperbench,go_chi_task-56-f1-f4@coop,2,PLp
cooperbench,go_chi_task-56-f1-f4@coop,2,PLs
cooperbench,go_chi_task-56-f1-f4@solo,0,MSc
cooperbench,go_chi_task-56-f1-f4@solo,0,MSm
cooperbench,go_chi_task-56-f1-f4@solo,3,PLe
cooperbench,go_chi_task-56-f1-f4@solo,2,PLp
cooperbench,go_chi_task-56-f1-f4@solo,1,PLs
cooperbench,go_chi_task-56-f1-f5@coop,2,MSc
cooperbench,go_chi_task-56-f1-f5@coop,3,MSm
cooperbench,go_chi_task-56-f1-f5@coop,4,PLe
cooperbench,go_chi_task-56-f1-f5@coop,3,PLp
cooperbench,go_chi_task-56-f1-f5@coop,2,PLs
cooperbench,go_chi_task-56-f1-f5@solo,0,MSc
cooperbench,go_chi_task-56-f1-f5@solo,0,MSm
cooperbench,go_chi_task-56-f1-f5@solo,3,PLe
cooperbench,go_chi_task-56-f1-f5@solo,3,PLp
cooperbench,go_chi_task-56-f1-f5@solo,1,PLs
cooperbench,huggingface_datasets_task-3997-f1-f3@coop,2,MSc
cooperbench,huggingface_datasets_task-3997-f1-f3@coop,3,MSm
cooperbench,huggingface_datasets_task-3997-f1-f3@coop,4,PLe
cooperbench,huggingface_datasets_task-3997-f1-f3@coop,3,PLp
cooperbench,huggingface_datasets_task-3997-f1-f3@coop,2,PLs
cooperbench,huggingface_datasets_task-3997-f1-f3@solo,1,MSc
cooperbench,huggingface_datasets_task-3997-f1-f3@solo,0,MSm
cooperbench,huggingface_datasets_task-3997-f1-f3@solo,3,PLe
cooperbench,huggingface_datasets_task-3997-f1-f3@solo,2,PLp
cooperbench,huggingface_datasets_task-3997-f1-f3@solo,1,PLs
cooperbench,huggingface_datasets_task-3997-f3-f4@coop,2,MSc
cooperbench,huggingface_datasets_task-3997-f3-f4@coop,3,MSm
cooperbench,huggingface_datasets_task-3997-f3-f4@coop,4,PLe
cooperbench,huggingface_datasets_task-3997-f3-f4@coop,3,PLp
cooperbench,huggingface_datasets_task-3997-f3-f4@coop,1,PLs
cooperbench,huggingface_datasets_task-3997-f3-f4@solo,0,MSc
cooperbench,huggingface_datasets_task-3997-f3-f4@solo,0,MSm
cooperbench,huggingface_datasets_task-3997-f3-f4@solo,3,PLe
cooperbench,huggingface_datasets_task-3997-f3-f4@solo,2,PLp
cooperbench,huggingface_datasets_task-3997-f3-f4@solo,2,PLs
cooperbench,huggingface_datasets_task-3997-f3-f5@coop,2,MSc
cooperbench,huggingface_datasets_task-3997-f3-f5@coop,2,MSm
cooperbench,huggingface_datasets_task-3997-f3-f5@coop,4,PLe
cooperbench,huggingface_datasets_task-3997-f3-f5@coop,2,PLp
cooperbench,huggingface_datasets_task-3997-f3-f5@coop,2,PLs
cooperbench,huggingface_datasets_task-3997-f3-f5@solo,1,MSc
cooperbench,huggingface_datasets_task-3997-f3-f5@solo,0,MSm
cooperbench,huggingface_datasets_task-3997-f3-f5@solo,3,PLe
cooperbench,huggingface_datasets_task-3997-f3-f5@solo,2,PLp
cooperbench,huggingface_datasets_task-3997-f3-f5@solo,1,PLs
cooperbench,huggingface_datasets_task-6252-f1-f4@coop,2,MSc
cooperbench,huggingface_datasets_task-6252-f1-f4@coop,3,MSm
cooperbench,huggingface_datasets_task-6252-f1-f4@coop,3,PLe
cooperbench,huggingface_datasets_task-6252-f1-f4@coop,2,PLp
cooperbench,huggingface_datasets_task-6252-f1-f4@coop,2,PLs
cooperbench,huggingface_datasets_task-6252-f1-f4@solo,0,MSc
cooperbench,huggingface_datasets_task-6252-f1-f4@solo,0,MSm
cooperbench,huggingface_datasets_task-6252-f1-f4@solo,3,PLe
cooperbench,huggingface_datasets_task-6252-f1-f4@solo,2,PLp
cooperbench,huggingface_datasets_task-6252-f1-f4@solo,1,PLs
cooperbench,huggingface_datasets_task-6252-f1-f5@coop,2,MSc
cooperbench,huggingface_datasets_task-6252-f1-f5@coop,3,MSm
cooperbench,huggingface_datasets_task-6252-f1-f5@coop,3,PLe
cooperbench,huggingface_datasets_task-6252-f1-f5@coop,2,PLp
cooperbench,huggingface_datasets_task-6252-f1-f5@coop,2,PLs
cooperbench,huggingface_datasets_task-6252-f1-f5@solo,0,MSc
cooperbench,huggingface_datasets_task-6252-f1-f5@solo,0,MSm
cooperbench,huggingface_datasets_task-6252-f1-f5@solo,3,PLe
cooperbench,huggingface_datasets_task-6252-f1-f5@solo,2,PLp
cooperbench,huggingface_datasets_task-6252-f1-f5@solo,1,PLs
cooperbench,huggingface_datasets_task-6252-f2-f3@coop,2,MSc
cooperbench,huggingface_datasets_task-6252-f2-f3@coop,3,MSm
cooperbench,huggingface_datasets_task-6252-f2-f3@coop,3,PLe
cooperbench,huggingface_datasets_task-6252-f2-f3@coop,2,PLp
cooperbench,huggingface_datasets_task-6252-f2-f3@coop,2,PLs
cooperbench,huggingface_datasets_task-6252-f2-f3@solo,0,MSc
cooperbench,huggingface_datasets_task-6252-f2-f3@solo,0,MSm
cooperbench,huggingface_datasets_task-6252-f2-f3@solo,3,PLe
cooperbench,huggingface_datasets_task-6252-f2-f3@solo,2,PLp
cooperbench,huggingface_datasets_task-6252-f2-f3@solo,2,PLs
cooperbench,huggingface_datasets_task-6252-f3-f5@coop,2,MSc
cooperbench,huggingface_datasets_task-6252-f3-f5@coop,3,MSm
cooperbench,huggingface_datasets_task-6252-f3-f5@coop,3,PLe
cooperbench,huggingface_datasets_task-6252-f3-f5@coop,2,PLp
cooperbench,huggingface_datasets_task-6252-f3-f5@coop,2,PLs
cooperbench,huggingface_datasets_task-6252-f3-f5@solo,0,MSc
cooperbench,huggingface_datasets_task-6252-f3-f5@solo,0,MSm
cooperbench,huggingface_datasets_task-6252-f3-f5@solo,3,PLe
cooperbench,huggingface_datasets_task-6252-f3-f5@solo,2,PLp
cooperbench,huggingface_datasets_task-6252-f3-f5@solo,1,PLs
cooperbench,huggingface_datasets_task-6252-f4-f5@coop,2,MSc
cooperbench,huggingface_datasets_task-6252-f4-f5@coop,3,MSm
cooperbench,huggingface_datasets_task-6252-f4-f5@coop,3,PLe
cooperbench,huggingface_datasets_task-6252-f4-f5@coop,2,PLp
cooperbench,huggingface_datasets_task-6252-f4-f5@coop,2,PLs
cooperbench,huggingface_datasets_task-6252-f4-f5@solo,0,MSc
cooperbench,huggingface_datasets_task-6252-f4-f5@solo,0,MSm
cooperbench,huggingface_datasets_task-6252-f4-f5@solo,3,PLe
cooperbench,huggingface_datasets_task-6252-f4-f5@solo,2,PLp
cooperbench,huggingface_datasets_task-6252-f4-f5@solo,2,PLs
cooperbench,huggingface_datasets_task-7309-f1-f2@coop,2,MSc
cooperbench,huggingface_datasets_task-7309-f1-f2@coop,3,MSm
cooperbench,huggingface_datasets_task-7309-f1-f2@coop,4,PLe
cooperbench,huggingface_datasets_task-7309-f1-f2@coop,2,PLp
cooperbench,huggingface_datasets_task-7309-f1-f2@coop,1,PLs
cooperbench,huggingface_datasets_task-7309-f1-f2@solo,0,MSc
cooperbench,huggingface_datasets_task-7309-f1-f2@solo,0,MSm
cooperbench,huggingface_datasets_task-7309-f1-f2@solo,3,PLe
cooperbench,huggingface_datasets_task-7309-f1-f2@solo,2,PLp
cooperbench,huggingface_datasets_task-7309-f1-f2@solo,1,PLs
cooperbench,llama_index_task-17070-f1-f2@coop,2,MSc
cooperbench,llama_index_task-17070-f1-f2@coop,3,MSm
cooperbench,llama_index_task-17070-f1-f2@coop,3,PLe
cooperbench,llama_index_task-17070-f1-f2@coop,2,PLp
cooperbench,llama_index_task-17070-f1-f2@coop,2,PLs
cooperbench,llama_index_task-17070-f1-f2@solo,0,MSc
cooperbench,llama_index_task-17070-f1-f2@solo,0,MSm
cooperbench,llama_index_task-17070-f1-f2@solo,3,PLe
cooperbench,llama_index_task-17070-f1-f2@solo,2,PLp
cooperbench,llama_index_task-17070-f1-f2@solo,1,PLs
cooperbench,llama_index_task-17244-f1-f2@coop,2,MSc
cooperbench,llama_index_task-17244-f1-f2@coop,3,MSm
cooperbench,llama_index_task-17244-f1-f2@coop,3,PLe
cooperbench,llama_index_task-17244-f1-f2@coop,2,PLp
cooperbench,llama_index_task-17244-f1-f2@coop,2,PLs
cooperbench,llama_index_task-17244-f1-f2@solo,0,MSc
cooperbench,llama_index_task-17244-f1-f2@solo,0,MSm
cooperbench,llama_index_task-17244-f1-f2@solo,3,PLe
cooperbench,llama_index_task-17244-f1-f2@solo,2,PLp
cooperbench,llama_index_task-17244-f1-f2@solo,1,PLs
cooperbench,llama_index_task-17244-f1-f4@coop,2,MSc
cooperbench,llama_index_task-17244-f1-f4@coop,3,MSm
cooperbench,llama_index_task-17244-f1-f4@coop,3,PLe
cooperbench,llama_index_task-17244-f1-f4@coop,2,PLp
cooperbench,llama_index_task-17244-f1-f4@coop,2,PLs
cooperbench,llama_index_task-17244-f1-f4@solo,0,MSc
cooperbench,llama_index_task-17244-f1-f4@solo,0,MSm
cooperbench,llama_index_task-17244-f1-f4@solo,3,PLe
cooperbench,llama_index_task-17244-f1-f4@solo,2,PLp
cooperbench,llama_index_task-17244-f1-f4@solo,1,PLs
cooperbench,llama_index_task-17244-f1-f6@coop,2,MSc
cooperbench,llama_index_task-17244-f1-f6@coop,3,MSm
cooperbench,llama_index_task-17244-f1-f6@coop,3,PLe
cooperbench,llama_index_task-17244-f1-f6@coop,2,PLp
cooperbench,llama_index_task-17244-f1-f6@coop,2,PLs
cooperbench,llama_index_task-17244-f1-f6@solo,0,MSc
cooperbench,llama_index_task-17244-f1-f6@solo,0,MSm
cooperbench,llama_index_task-17244-f1-f6@solo,3,PLe
cooperbench,llama_index_task-17244-f1-f6@solo,2,PLp
cooperbench,llama_index_task-17244-f1-f6@solo,2,PLs
cooperbench,llama_index_task-17244-f2-f3@coop,2,MSc
cooperbench,llama_index_task-17244-f2-f3@coop,2,MSm
cooperbench,llama_index_task-17244-f2-f3@coop,3,PLe
cooperbench,llama_index_task-17244-f2-f3@coop,2,PLp
cooperbench,llama_index_task-17244-f2-f3@coop,2,PLs
cooperbench,llama_index_task-17244-f2-f3@solo,0,MSc
cooperbench,llama_index_task-17244-f2-f3@solo,0,MSm
cooperbench,llama_index_task-17244-f2-f3@solo,3,PLe
cooperbench,llama_index_task-17244-f2-f3@solo,2,PLp
cooperbench,llama_index_task-17244-f2-f3@solo,1,PLs
cooperbench,llama_index_task-17244-f2-f5@coop,2,MSc
cooperbench,llama_index_task-17244-f2-f5@coop,3,MSm
cooperbench,llama_index_task-17244-f2-f5@coop,4,PLe
cooperbench,llama_index_task-17244-f2-f5@coop,2,PLp
cooperbench,llama_index_task-17244-f2-f5@coop,2,PLs
cooperbench,llama_index_task-17244-f2-f5@solo,1,MSc
cooperbench,llama_index_task-17244-f2-f5@solo,0,MSm
cooperbench,llama_index_task-17244-f2-f5@solo,3,PLe
cooperbench,llama_index_task-17244-f2-f5@solo,2,PLp
cooperbench,llama_index_task-17244-f2-f5@solo,1,PLs
cooperbench,llama_index_task-17244-f4-f7@coop,2,MSc
cooperbench,llama_index_task-17244-f4-f7@coop,2,MSm
cooperbench,llama_index_task-17244-f4-f7@coop,3,PLe
cooperbench,llama_index_task-17244-f4-f7@coop,2,PLp
cooperbench,llama_index_task-17244-f4-f7@coop,1,PLs
cooperbench,llama_index_task-17244-f4-f7@solo,0,MSc
cooperbench,llama_index_task-17244-f4-f7@solo,0,MSm
cooperbench,llama_index_task-17244-f4-f7@solo,3,PLe
cooperbench,llama_index_task-17244-f4-f7@solo,2,PLp
cooperbench,llama_index_task-17244-f4-f7@solo,1,PLs
cooperbench,llama_index_task-18813-f1-f3@coop,2,MSc
cooperbench,llama_index_task-18813-f1-f3@coop,3,MSm
cooperbench,llama_index_task-18813-f1-f3@coop,3,PLe
cooperbench,llama_index_task-18813-f1-f3@coop,2,PLp
cooperbench,llama_index_task-18813-f1-f3@coop,2,PLs
cooperbench,llama_index_task-18813-f1-f3@solo,0,MSc
cooperbench,llama_index_task-18813-f1-f3@solo,0,MSm
cooperbench,llama_index_task-18813-f1-f3@solo,3,PLe
cooperbench,llama_index_task-18813-f1-f3@solo,2,PLp
cooperbench,llama_index_task-18813-f1-f3@solo,1,PLs
cooperbench,llama_index_task-18813-f1-f5@coop,2,MSc
cooperbench,llama_index_task-18813-f1-f5@coop,3,MSm
cooperbench,llama_index_task-18813-f1-f5@coop,3,PLe
cooperbench,llama_index_task-18813-f1-f5@coop,2,PLp
cooperbench,llama_index_task-18813-f1-f5@coop,2,PLs
cooperbench,llama_index_task-18813-f1-f5@solo,0,MSc
cooperbench,llama_index_task-18813-f1-f5@solo,0,MSm
cooperbench,llama_index_task-18813-f1-f5@solo,3,PLe
cooperbench,llama_index_task-18813-f1-f5@solo,2,PLp
cooperbench,llama_index_task-18813-f1-f5@solo,1,PLs
cooperbench,llama_index_task-18813-f2-f6@coop,2,MSc
cooperbench,llama_index_task-18813-f2-f6@coop,3,MSm
cooperbench,llama_index_task-18813-f2-f6@coop,4,PLe
cooperbench,llama_index_task-18813-f2-f6@coop,2,PLp
cooperbench,llama_index_task-18813-f2-f6@coop,2,PLs
cooperbench,llama_index_task-18813-f2-f6@solo,0,MSc
cooperbench,llama_index_task-18813-f2-f6@solo,0,MSm
cooperbench,llama_index_task-18813-f2-f6@solo,3,PLe
cooperbench,llama_index_task-18813-f2-f6@solo,2,PLp
cooperbench,llama_index_task-18813-f2-f6@solo,1,PLs
cooperbench,llama_index_task-18813-f3-f5@coop,2,MSc
cooperbench,llama_index_task-18813-f3-f5@coop,3,MSm
cooperbench,llama_index_task-18813-f3-f5@coop,3,PLe
cooperbench,llama_index_task-18813-f3-f5@coop,2,PLp
cooperbench,llama_index_task-18813-f3-f5@coop,2,PLs
cooperbench,llama_index_task-18813-f3-f5@solo,0,MSc
cooperbench,llama_index_task-18813-f3-f5@solo,0,MSm
cooperbench,llama_index_task-18813-f3-f5@solo,3,PLe
cooperbench,llama_index_task-18813-f3-f5@solo,2,PLp
cooperbench,llama_index_task-18813-f3-f5@solo,1,PLs
cooperbench,pallets_click_task-2068-f1-f2@coop,2,MSc
cooperbench,pallets_click_task-2068-f1-f2@coop,3,MSm
cooperbench,pallets_click_task-2068-f1-f2@coop,3,PLe
cooperbench,pallets_click_task-2068-f1-f2@coop,3,PLp
cooperbench,pallets_click_task-2068-f1-f2@coop,2,PLs
cooperbench,pallets_click_task-2068-f1-f2@solo,0,MSc
cooperbench,pallets_click_task-2068-f1-f2@solo,0,MSm
cooperbench,pallets_click_task-2068-f1-f2@solo,3,PLe
cooperbench,pallets_click_task-2068-f1-f2@solo,2,PLp
cooperbench,pallets_click_task-2068-f1-f2@solo,2,PLs
cooperbench,pallets_click_task-2068-f1-f4@coop,2,MSc
cooperbench,pallets_click_task-2068-f1-f4@coop,3,MSm
cooperbench,pallets_click_task-2068-f1-f4@coop,4,PLe
cooperbench,pallets_click_task-2068-f1-f4@coop,3,PLp
cooperbench,pallets_click_task-2068-f1-f4@coop,2,PLs
cooperbench,pallets_click_task-2068-f1-f4@solo,1,MSc
cooperbench,pallets_click_task-2068-f1-f4@solo,0,MSm
cooperbench,pallets_click_task-2068-f1-f4@solo,3,PLe
cooperbench,pallets_click_task-2068-f1-f4@solo,2,PLp
cooperbench,pallets_click_task-2068-f1-f4@solo,1,PLs
cooperbench,pallets_click_task-2068-f2-f12@coop,2,MSc
cooperbench,pallets_click_task-2068-f2-f12@coop,3,MSm
cooperbench,pallets_click_task-2068-f2-f12@coop,3,PLe
cooperbench,pallets_click_task-2068-f2-f12@coop,3,PLp
cooperbench,pallets_click_task-2068-f2-f12@coop,2,PLs
cooperbench,pallets_click_task-2068-f2-f12@solo,0,MSc
cooperbench,pallets_click_task-2068-f2-f12@solo,0,MSm
cooperbench,pallets_click_task-2068-f2-f12@solo,3,PLe
cooperbench,pallets_click_task-2068-f2-f12@solo,2,PLp
cooperbench,pallets_click_task-2068-f2-f12@solo,1,PLs
cooperbench,pallets_click_task-2068-f2-f3@coop,2,MSc
cooperbench,pallets_click_task-2068-f2-f3@coop,3,MSm
cooperbench,pallets_click_task-2068-f2-f3@coop,4,PLe
cooperbench,pallets_click_task-2068-f2-f3@coop,2,PLp
cooperbench,pallets_click_task-2068-f2-f3@coop,2,PLs
cooperbench,pallets_click_task-2068-f2-f3@solo,0,MSc
cooperbench,pallets_click_task-2068-f2-f3@solo,0,MSm
cooperbench,pallets_click_task-2068-f2-f3@solo,3,PLe
cooperbench,pallets_click_task-2068-f2-f3@solo,2,PLp
cooperbench,pallets_click_task-2068-f2-f3@solo,1,PLs
cooperbench,pallets_click_task-2068-f2-f4@coop,2,MSc
cooperbench,pallets_click_task-2068-f2-f4@coop,3,MSm
cooperbench,pallets_click_task-2068-f2-f4@coop,4,PLe
cooperbench,pallets_click_task-2068-f2-f4@coop,2,PLp
cooperbench,pallets_click_task-2068-f2-f4@coop,2,PLs
cooperbench,pallets_click_task-2068-f2-f4@solo,0,MSc
cooperbench,pallets_click_task-2068-f2-f4@solo,0,MSm
cooperbench,pallets_click_task-2068-f2-f4@solo,3,PLe
cooperbench,pallets_click_task-2068-f2-f4@solo,2,PLp
cooperbench,pallets_click_task-2068-f2-f4@solo,2,PLs
cooperbench,pallets_click_task-2068-f2-f6@coop,2,MSc
cooperbench,pallets_click_task-2068-f2-f6@coop,3,MSm
cooperbench,pallets_click_task-2068-f2-f6@coop,4,PLe
cooperbench,pallets_click_task-2068-f2-f6@coop,3,PLp
cooperbench,pallets_click_task-2068-f2-f6@coop,2,PLs
cooperbench,pallets_click_task-2068-f2-f6@solo,0,MSc
cooperbench,pallets_click_task-2068-f2-f6@solo,0,MSm
cooperbench,pallets_click_task-2068-f2-f6@solo,3,PLe
cooperbench,pallets_click_task-2068-f2-f6@solo,2,PLp
cooperbench,pallets_click_task-2068-f2-f6@solo,2,PLs
cooperbench,pallets_click_task-2068-f2-f9@coop,2,MSc
cooperbench,pallets_click_task-2068-f2-f9@coop,3,MSm
cooperbench,pallets_click_task-2068-f2-f9@coop,3,PLe
cooperbench,pallets_click_task-2068-f2-f9@coop,3,PLp
cooperbench,pallets_click_task-2068-f2-f9@coop,2,PLs
cooperbench,pallets_click_task-2068-f2-f9@solo,1,MSc
cooperbench,pallets_click_task-2068-f2-f9@solo,0,MSm
cooperbench,pallets_click_task-2068-f2-f9@solo,3,PLe
cooperbench,pallets_click_task-2068-f2-f9@solo,2,PLp
cooperbench,pallets_click_task-2068-f2-f9@solo,1,PLs
cooperbench,pallets_click_task-2068-f3-f12@coop,2,MSc
cooperbench,pallets_click_task-2068-f3-f12@coop,3,MSm
cooperbench,pallets_click_task-2068-f3-f12@coop,3,PLe
cooperbench,pallets_click_task-2068-f3-f12@coop,2,PLp
cooperbench,pallets_click_task-2068-f3-f12@coop,2,PLs
cooperbench,pallets_click_task-2068-f3-f12@solo,0,MSc
cooperbench,pallets_click_task-2068-f3-f12@solo,0,MSm
cooperbench,pallets_click_task-2068-f3-f12@solo,3,PLe
cooperbench,pallets_click_task-2068-f3-f12@solo,2,PLp
cooperbench,pallets_click_task-2068-f3-f12@solo,2,PLs
cooperbench,pallets_click_task-2068-f5-f6@coop,2,MSc
cooperbench,pallets_click_task-2068-f5-f6@coop,3,MSm
cooperbench,pallets_click_task-2068-f5-f6@coop,3,PLe
cooperbench,pallets_click_task-2068-f5-f6@coop,2,PLp
cooperbench,pallets_click_task-2068-f5-f6@coop,2,PLs
cooperbench,pallets_click_task-2068-f5-f6@solo,1,MSc
cooperbench,pallets_click_task-2068-f5-f6@solo,0,MSm
cooperbench,pallets_click_task-2068-f5-f6@solo,3,PLe
cooperbench,pallets_click_task-2068-f5-f6@solo,2,PLp
cooperbench,pallets_click_task-2068-f5-f6@solo,1,PLs
cooperbench,pallets_click_task-2068-f6-f11@coop,2,MSc
cooperbench,pallets_click_task-2068-f6-f11@coop,3,MSm
cooperbench,pallets_click_task-2068-f6-f11@coop,4,PLe
cooperbench,pallets_click_task-2068-f6-f11@coop,3,PLp
cooperbench,pallets_click_task-2068-f6-f11@coop,2,PLs
cooperbench,pallets_click_task-2068-f6-f11@solo,0,MSc
cooperbench,pallets_click_task-2068-f6-f11@solo,0,MSm
cooperbench,pallets_click_task-2068-f6-f11@solo,3,PLe
cooperbench,pallets_click_task-2068-f6-f11@solo,2,PLp
cooperbench,pallets_click_task-2068-f6-f11@solo,1,PLs
cooperbench,pallets_click_task-2068-f6-f12@coop,2,MSc
cooperbench,pallets_click_task-2068-f6-f12@coop,3,MSm
cooperbench,pallets_click_task-2068-f6-f12@coop,4,PLe
cooperbench,pallets_click_task-2068-f6-f12@coop,2,PLp
cooperbench,pallets_click_task-2068-f6-f12@coop,2,PLs
cooperbench,pallets_click_task-2068-f6-f12@solo,1,MSc
cooperbench,pallets_click_task-2068-f6-f12@solo,0,MSm
cooperbench,pallets_click_task-2068-f6-f12@solo,3,PLe
cooperbench,pallets_click_task-2068-f6-f12@solo,2,PLp
cooperbench,pallets_click_task-2068-f6-f12@solo,2,PLs
cooperbench,pallets_click_task-2068-f7-f8@coop,2,MSc
cooperbench,pallets_click_task-2068-f7-f8@coop,3,MSm
cooperbench,pallets_click_task-2068-f7-f8@coop,3,PLe
cooperbench,pallets_click_task-2068-f7-f8@coop,2,PLp
cooperbench,pallets_click_task-2068-f7-f8@coop,1,PLs
cooperbench,pallets_click_task-2068-f7-f8@solo,0,MSc
cooperbench,pallets_click_task-2068-f7-f8@solo,0,MSm
cooperbench,pallets_click_task-2068-f7-f8@solo,3,PLe
cooperbench,pallets_click_task-2068-f7-f8@solo,2,PLp
cooperbench,pallets_click_task-2068-f7-f8@solo,1,PLs
cooperbench,pallets_click_task-2068-f7-f9@coop,2,MSc
cooperbench,pallets_click_task-2068-f7-f9@coop,3,MSm
cooperbench,pallets_click_task-2068-f7-f9@coop,3,PLe
cooperbench,pallets_click_task-2068-f7-f9@coop,2,PLp
cooperbench,pallets_click_task-2068-f7-f9@coop,2,PLs
cooperbench,pallets_click_task-2068-f7-f9@solo,0,MSc
cooperbench,pallets_click_task-2068-f7-f9@solo,0,MSm
cooperbench,pallets_click_task-2068-f7-f9@solo,3,PLe
cooperbench,pallets_click_task-2068-f7-f9@solo,2,PLp
cooperbench,pallets_click_task-2068-f7-f9@solo,1,PLs
cooperbench,pallets_click_task-2068-f9-f11@coop,2,MSc
cooperbench,pallets_click_task-2068-f9-f11@coop,3,MSm
cooperbench,pallets_click_task-2068-f9-f11@coop,3,PLe
cooperbench,pallets_click_task-2068-f9-f11@coop,3,PLp
cooperbench,pallets_click_task-2068-f9-f11@coop,2,PLs
cooperbench,pallets_click_task-2068-f9-f11@solo,0,MSc
cooperbench,pallets_click_task-2068-f9-f11@solo,0,MSm
cooperbench,pallets_click_task-2068-f9-f11@solo,3,PLe
cooperbench,pallets_click_task-2068-f9-f11@solo,2,PLp
cooperbench,pallets_click_task-2068-f9-f11@solo,2,PLs
cooperbench,pallets_click_task-2956-f1-f4@coop,2,MSc
cooperbench,pallets_click_task-2956-f1-f4@coop,3,MSm
cooperbench,pallets_click_task-2956-f1-f4@coop,4,PLe
cooperbench,pallets_click_task-2956-f1-f4@coop,3,PLp
cooperbench,pallets_click_task-2956-f1-f4@coop,2,PLs
cooperbench,pallets_click_task-2956-f1-f4@solo,0,MSc
cooperbench,pallets_click_task-2956-f1-f4@solo,0,MSm
cooperbench,pallets_click_task-2956-f1-f4@solo,3,PLe
cooperbench,pallets_click_task-2956-f1-f4@solo,2,PLp
cooperbench,pallets_click_task-2956-f1-f4@solo,1,PLs
cooperbench,pallets_click_task-2956-f1-f5@coop,2,MSc
cooperbench,pallets_click_task-2956-f1-f5@coop,3,MSm
cooperbench,pallets_click_task-2956-f1-f5@coop,4,PLe
cooperbench,pallets_click_task-2956-f1-f5@coop,3,PLp
cooperbench,pallets_click_task-2956-f1-f5@coop,2,PLs
cooperbench,pallets_click_task-2956-f1-f5@solo,1,MSc
cooperbench,pallets_click_task-2956-f1-f5@solo,0,MSm
cooperbench,pallets_click_task-2956-f1-f5@solo,3,PLe
cooperbench,pallets_click_task-2956-f1-f5@solo,2,PLp
cooperbench,pallets_click_task-2956-f1-f5@solo,2,PLs
cooperbench,pallets_click_task-2956-f2-f8@coop,2,MSc
cooperbench,pallets_click_task-2956-f2-f8@coop,3,MSm
cooperbench,pallets_click_task-2956-f2-f8@coop,4,PLe
cooperbench,pallets_click_task-2956-f2-f8@coop,3,PLp
cooperbench,pallets_click_task-2956-f2-f8@coop,2,PLs
cooperbench,pallets_click_task-2956-f2-f8@solo,0,MSc
cooperbench,pallets_click_task-2956-f2-f8@solo,0,MSm
cooperbench,pallets_click_task-2956-f2-f8@solo,3,PLe
cooperbench,pallets_click_task-2956-f2-f8@solo,2,PLp
cooperbench,pallets_click_task-2956-f2-f8@solo,1,PLs
cooperbench,pallets_click_task-2956-f3-f6@coop,2,MSc
cooperbench,pallets_click_task-2956-f3-f6@coop,3,MSm
cooperbench,pallets_click_task-2956-f3-f6@coop,3,PLe
cooperbench,pallets_click_task-2956-f3-f6@coop,3,PLp
cooperbench,pallets_click_task-2956-f3-f6@coop,1,PLs
cooperbench,pallets_click_task-2956-f3-f6@solo,0,MSc
cooperbench,pallets_click_task-2956-f3-f6@solo,0,MSm
cooperbench,pallets_click_task-2956-f3-f6@solo,3,PLe
cooperbench,pallets_click_task-2956-f3-f6@solo,3,PLp
cooperbench,pallets_click_task-2956-f3-f6@solo,1,PLs
cooperbench,pallets_click_task-2956-f4-f6@coop,2,MSc
cooperbench,pallets_click_task-2956-f4-f6@coop,3,MSm
cooperbench,pallets_click_task-2956-f4-f6@coop,4,PLe
cooperbench,pallets_click_task-2956-f4-f6@coop,3,PLp
cooperbench,pallets_click_task-2956-f4-f6@coop,2,PLs
cooperbench,pallets_click_task-2956-f4-f6@solo,0,MSc
cooperbench,pallets_click_task-2956-f4-f6@solo,0,MSm
cooperbench,pallets_click_task-2956-f4-f6@solo,3,PLe
cooperbench,pallets_click_task-2956-f4-f6@solo,3,PLp
cooperbench,pallets_click_task-2956-f4-f6@solo,1,PLs
cooperbench,pallets_click_task-2956-f5-f7@coop,2,MSc
cooperbench,pallets_click_task-2956-f5-f7@coop,3,MSm
cooperbench,pallets_click_task-2956-f5-f7@coop,4,PLe
cooperbench,pallets_click_task-2956-f5-f7@coop,2,PLp
cooperbench,pallets_click_task-2956-f5-f7@coop,2,PLs
cooperbench,pallets_click_task-2956-f5-f7@solo,0,MSc
cooperbench,pallets_click_task-2956-f5-f7@solo,0,MSm
cooperbench,pallets_click_task-2956-f5-f7@solo,3,PLe
cooperbench,pallets_click_task-2956-f5-f7@solo,2,PLp
cooperbench,pallets_click_task-2956-f5-f7@solo,1,PLs
cooperbench,pallets_click_task-2956-f7-f8@coop,2,MSc
cooperbench,pallets_click_task-2956-f7-f8@coop,3,MSm
cooperbench,pallets_click_task-2956-f7-f8@coop,3,PLe
cooperbench,pallets_click_task-2956-f7-f8@coop,3,PLp
cooperbench,pallets_click_task-2956-f7-f8@coop,2,PLs
cooperbench,pallets_click_task-2956-f7-f8@solo,0,MSc
cooperbench,pallets_click_task-2956-f7-f8@solo,0,MSm
cooperbench,pallets_click_task-2956-f7-f8@solo,3,PLe
cooperbench,pallets_click_task-2956-f7-f8@solo,2,PLp
cooperbench,pallets_click_task-2956-f7-f8@solo,1,PLs
cooperbench,pallets_jinja_task-1465-f1-f2@coop,2,MSc
cooperbench,pallets_jinja_task-1465-f1-f2@coop,3,MSm
cooperbench,pallets_jinja_task-1465-f1-f2@coop,3,PLe
cooperbench,pallets_jinja_task-1465-f1-f2@coop,2,PLp
cooperbench,pallets_jinja_task-1465-f1-f2@coop,2,PLs
cooperbench,pallets_jinja_task-1465-f1-f2@solo,0,MSc
cooperbench,pallets_jinja_task-1465-f1-f2@solo,0,MSm
cooperbench,pallets_jinja_task-1465-f1-f2@solo,3,PLe
cooperbench,pallets_jinja_task-1465-f1-f2@solo,2,PLp
cooperbench,pallets_jinja_task-1465-f1-f2@solo,1,PLs
cooperbench,pallets_jinja_task-1465-f1-f4@coop,2,MSc
cooperbench,pallets_jinja_task-1465-f1-f4@coop,3,MSm
cooperbench,pallets_jinja_task-1465-f1-f4@coop,4,PLe
cooperbench,pallets_jinja_task-1465-f1-f4@coop,2,PLp
cooperbench,pallets_jinja_task-1465-f1-f4@coop,2,PLs
cooperbench,pallets_jinja_task-1465-f1-f4@solo,0,MSc
cooperbench,pallets_jinja_task-1465-f1-f4@solo,0,MSm
cooperbench,pallets_jinja_task-1465-f1-f4@solo,3,PLe
cooperbench,pallets_jinja_task-1465-f1-f4@solo,2,PLp
cooperbench,pallets_jinja_task-1465-f1-f4@solo,2,PLs
cooperbench,pallets_jinja_task-1465-f1-f5@coop,2,MSc
cooperbench,pallets_jinja_task-1465-f1-f5@coop,3,MSm
cooperbench,pallets_jinja_task-1465-f1-f5@coop,4,PLe
cooperbench,pallets_jinja_task-1465-f1-f5@coop,3,PLp
cooperbench,pallets_jinja_task-1465-f1-f5@coop,2,PLs
cooperbench,pallets_jinja_task-1465-f1-f5@solo,0,MSc
cooperbench,pallets_jinja_task-1465-f1-f5@solo,0,MSm
cooperbench,pallets_jinja_task-1465-f1-f5@solo,3,PLe
cooperbench,pallets_jinja_task-1465-f1-f5@solo,2,PLp
cooperbench,pallets_jinja_task-1465-f1-f5@solo,1,PLs
cooperbench,pallets_jinja_task-1465-f1-f6@coop,2,MSc
cooperbench,pallets_jinja_task-1465-f1-f6@coop,3,MSm
cooperbench,pallets_jinja_task-1465-f1-f6@coop,4,PLe
cooperbench,pallets_jinja_task-1465-f1-f6@coop,3,PLp
cooperbench,pallets_jinja_task-1465-f1-f6@coop,2,PLs
cooperbench,pallets_jinja_task-1465-f1-f6@solo,0,MSc
cooperbench,pallets_jinja_task-1465-f1-f6@solo,0,MSm
cooperbench,pallets_jinja_task-1465-f1-f6@solo,3,PLe
cooperbench,pallets_jinja_task-1465-f1-f6@solo,2,PLp
cooperbench,pallets_jinja_task-1465-f1-f6@solo,1,PLs
cooperbench,pallets_jinja_task-1465-f1-f7@coop,2,MSc
cooperbench,pallets_jinja_task-1465-f1-f7@coop,2,MSm
cooperbench,pallets_jinja_task-1465-f1-f7@coop,4,PLe
cooperbench,pallets_jinja_task-1465-f1-f7@coop,3,PLp
cooperbench,pallets_jinja_task-1465-f1-f7@coop,2,PLs
cooperbench,pallets_jinja_task-1465-f1-f7@solo,0,MSc
cooperbench,pallets_jinja_task-1465-f1-f7@solo,0,MSm
cooperbench,pallets_jinja_task-1465-f1-f7@solo,3,PLe
cooperbench,pallets_jinja_task-1465-f1-f7@solo,2,PLp
cooperbench,pallets_jinja_task-1465-f1-f7@solo,2,PLs
cooperbench,pallets_jinja_task-1465-f2-f9@coop,2,MSc
cooperbench,pallets_jinja_task-1465-f2-f9@coop,3,MSm
cooperbench,pallets_jinja_task-1465-f2-f9@coop,4,PLe
cooperbench,pallets_jinja_task-1465-f2-f9@coop,3,PLp
cooperbench,pallets_jinja_task-1465-f2-f9@coop,2,PLs
cooperbench,pallets_jinja_task-1465-f2-f9@solo,0,MSc
cooperbench,pallets_jinja_task-1465-f2-f9@solo,0,MSm
cooperbench,pallets_jinja_task-1465-f2-f9@solo,3,PLe
cooperbench,pallets_jinja_task-1465-f2-f9@solo,2,PLp
cooperbench,pallets_jinja_task-1465-f2-f9@solo,2,PLs
cooperbench,pallets_jinja_task-1465-f3-f4@coop,2,MSc
cooperbench,pallets_jinja_task-1465-f3-f4@coop,3,MSm
cooperbench,pallets_jinja_task-1465-f3-f4@coop,4,PLe
cooperbench,pallets_jinja_task-1465-f3-f4@coop,2,PLp
cooperbench,pallets_jinja_task-1465-f3-f4@coop,1,PLs
cooperbench,pallets_jinja_task-1465-f3-f4@solo,0,MSc
cooperbench,pallets_jinja_task-1465-f3-f4@solo,0,MSm
cooperbench,pallets_jinja_task-1465-f3-f4@solo,3,PLe
cooperbench,pallets_jinja_task-1465-f3-f4@solo,2,PLp
cooperbench,pallets_jinja_task-1465-f3-f4@solo,1,PLs
cooperbench,pallets_jinja_task-1465-f4-f10@coop,2,MSc
cooperbench,pallets_jinja_task-1465-f4-f10@coop,3,MSm
cooperbench,pallets_jinja_task-1465-f4-f10@coop,3,PLe
cooperbench,pallets_jinja_task-1465-f4-f10@coop,2,PLp
cooperbench,pallets_jinja_task-1465-f4-f10@coop,2,PLs
cooperbench,pallets_jinja_task-1465-f4-f10@solo,0,MSc
cooperbench,pallets_jinja_task-1465-f4-f10@solo,0,MSm
cooperbench,pallets_jinja_task-1465-f4-f10@solo,3,PLe
cooperbench,pallets_jinja_task-1465-f4-f10@solo,2,PLp
cooperbench,pallets_jinja_task-1465-f4-f10@solo,1,PLs
cooperbench,pallets_jinja_task-1465-f4-f6@coop,2,MSc
cooperbench,pallets_jinja_task-1465-f4-f6@coop,2,MSm
cooperbench,pallets_jinja_task-1465-f4-f6@coop,3,PLe
cooperbench,pallets_jinja_task-1465-f4-f6@coop,2,PLp
cooperbench,pallets_jinja_task-1465-f4-f6@coop,2,PLs
cooperbench,pallets_jinja_task-1465-f4-f6@solo,1,MSc
cooperbench,pallets_jinja_task-1465-f4-f6@solo,0,MSm
cooperbench,pallets_jinja_task-1465-f4-f6@solo,3,PLe
cooperbench,pallets_jinja_task-1465-f4-f6@solo,2,PLp
cooperbench,pallets_jinja_task-1465-f4-f6@solo,1,PLs
cooperbench,pallets_jinja_task-1465-f8-f9@coop,2,MSc
cooperbench,pallets_jinja_task-1465-f8-f9@coop,3,MSm
cooperbench,pallets_jinja_task-1465-f8-f9@coop,4,PLe
cooperbench,pallets_jinja_task-1465-f8-f9@coop,3,PLp
cooperbench,pallets_jinja_task-1465-f8-f9@coop,2,PLs
cooperbench,pallets_jinja_task-1465-f8-f9@solo,0,MSc
cooperbench,pallets_jinja_task-1465-f8-f9@solo,0,MSm
cooperbench,pallets_jinja_task-1465-f8-f9@solo,3,PLe
cooperbench,pallets_jinja_task-1465-f8-f9@solo,3,PLp
cooperbench,pallets_jinja_task-1465-f8-f9@solo,1,PLs
cooperbench,pallets_jinja_task-1559-f1-f10@coop,2,MSc
cooperbench,pallets_jinja_task-1559-f1-f10@coop,3,MSm
cooperbench,pallets_jinja_task-1559-f1-f10@coop,3,PLe
cooperbench,pallets_jinja_task-1559-f1-f10@coop,2,PLp
cooperbench,pallets_jinja_task-1559-f1-f10@coop,1,PLs
cooperbench,pallets_jinja_task-1559-f1-f10@solo,0,MSc
cooperbench,pallets_jinja_task-1559-f1-f10@solo,0,MSm
cooperbench,pallets_jinja_task-1559-f1-f10@solo,3,PLe
cooperbench,pallets_jinja_task-1559-f1-f10@solo,2,PLp
cooperbench,pallets_jinja_task-1559-f1-f10@solo,1,PLs
cooperbench,pallets_jinja_task-1559-f1-f3@coop,2,MSc
cooperbench,pallets_jinja_task-1559-f1-f3@coop,3,MSm
cooperbench,pallets_jinja_task-1559-f1-f3@coop,4,PLe
cooperbench,pallets_jinja_task-1559-f1-f3@coop,3,PLp
cooperbench,pallets_jinja_task-1559-f1-f3@coop,2,PLs
cooperbench,pallets_jinja_task-1559-f1-f3@solo,0,MSc
cooperbench,pallets_jinja_task-1559-f1-f3@solo,0,MSm
cooperbench,pallets_jinja_task-1559-f1-f3@solo,3,PLe
cooperbench,pallets_jinja_task-1559-f1-f3@solo,2,PLp
cooperbench,pallets_jinja_task-1559-f1-f3@solo,1,PLs
cooperbench,pallets_jinja_task-1559-f1-f5@coop,2,MSc
cooperbench,pallets_jinja_task-1559-f1-f5@coop,3,MSm
cooperbench,pallets_jinja_task-1559-f1-f5@coop,4,PLe
cooperbench,pallets_jinja_task-1559-f1-f5@coop,2,PLp
cooperbench,pallets_jinja_task-1559-f1-f5@coop,2,PLs
cooperbench,pallets_jinja_task-1559-f1-f5@solo,1,MSc
cooperbench,pallets_jinja_task-1559-f1-f5@solo,0,MSm
cooperbench,pallets_jinja_task-1559-f1-f5@solo,3,PLe
cooperbench,pallets_jinja_task-1559-f1-f5@solo,2,PLp
cooperbench,pallets_jinja_task-1559-f1-f5@solo,1,PLs
cooperbench,pallets_jinja_task-1559-f2-f7@coop,2,MSc
cooperbench,pallets_jinja_task-1559-f2-f7@coop,3,MSm
cooperbench,pallets_jinja_task-1559-f2-f7@coop,4,PLe
cooperbench,pallets_jinja_task-1559-f2-f7@coop,2,PLp
cooperbench,pallets_jinja_task-1559-f2-f7@coop,2,PLs
cooperbench,pallets_jinja_task-1559-f2-f7@solo,1,MSc
cooperbench,pallets_jinja_task-1559-f2-f7@solo,0,MSm
cooperbench,pallets_jinja_task-1559-f2-f7@solo,3,PLe
cooperbench,pallets_jinja_task-1559-f2-f7@solo,2,PLp
cooperbench,pallets_jinja_task-1559-f2-f7@solo,1,PLs
cooperbench,pallets_jinja_task-1621-f1-f2@coop,2,MSc
cooperbench,pallets_jinja_task-1621-f1-f2@coop,3,MSm
cooperbench,pallets_jinja_task-1621-f1-f2@coop,3,PLe
cooperbench,pallets_jinja_task-1621-f1-f2@coop,2,PLp
cooperbench,pallets_jinja_task-1621-f1-f2@coop,2,PLs
cooperbench,pallets_jinja_task-1621-f1-f2@solo,0,MSc
cooperbench,pallets_jinja_task-1621-f1-f2@solo,0,MSm
cooperbench,pallets_jinja_task-1621-f1-f2@solo,3,PLe
cooperbench,pallets_jinja_task-1621-f1-f2@solo,2,PLp
cooperbench,pallets_jinja_task-1621-f1-f2@solo,1,PLs
cooperbench,pallets_jinja_task-1621-f1-f4@coop,2,MSc
cooperbench,pallets_jinja_task-1621-f1-f4@coop,3,MSm
cooperbench,pallets_jinja_task-1621-f1-f4@coop,3,PLe
cooperbench,pallets_jinja_task-1621-f1-f4@coop,2,PLp
cooperbench,pallets_jinja_task-1621-f1-f4@coop,2,PLs
cooperbench,pallets_jinja_task-1621-f1-f4@solo,0,MSc
cooperbench,pallets_jinja_task-1621-f1-f4@solo,0,MSm
cooperbench,pallets_jinja_task-1621-f1-f4@solo,3,PLe
cooperbench,pallets_jinja_task-1621-f1-f4@solo,2,PLp
cooperbench,pallets_jinja_task-1621-f1-f4@solo,2,PLs
cooperbench,pallets_jinja_task-1621-f1-f9@coop,2,MSc
cooperbench,pallets_jinja_task-1621-f1-f9@coop,3,MSm
cooperbench,pallets_jinja_task-1621-f1-f9@coop,3,PLe
cooperbench,pallets_jinja_task-1621-f1-f9@coop,3,PLp
cooperbench,pallets_jinja_task-1621-f1-f9@coop,1,PLs
cooperbench,pallets_jinja_task-1621-f1-f9@solo,0,MSc
cooperbench,pallets_jinja_task-1621-f1-f9@solo,0,MSm
cooperbench,pallets_jinja_task-1621-f1-f9@solo,3,PLe
cooperbench,pallets_jinja_task-1621-f1-f9@solo,2,PLp
cooperbench,pallets_jinja_task-1621-f1-f9@solo,2,PLs
cooperbench,pallets_jinja_task-1621-f3-f7@coop,2,MSc
cooperbench,pallets_jinja_task-1621-f3-f7@coop,3,MSm
cooperbench,pallets_jinja_task-1621-f3-f7@coop,3,PLe
cooperbench,pallets_jinja_task-1621-f3-f7@coop,2,PLp
cooperbench,pallets_jinja_task-1621-f3-f7@coop,2,PLs
cooperbench,pallets_jinja_task-1621-f3-f7@solo,0,MSc
cooperbench,pallets_jinja_task-1621-f3-f7@solo,0,MSm
cooperbench,pallets_jinja_task-1621-f3-f7@solo,3,PLe
cooperbench,pallets_jinja_task-1621-f3-f7@solo,2,PLp
cooperbench,pallets_jinja_task-1621-f3-f7@solo,1,PLs
cooperbench,pallets_jinja_task-1621-f4-f7@coop,2,MSc
cooperbench,pallets_jinja_task-1621-f4-f7@coop,2,MSm
cooperbench,pallets_jinja_task-1621-f4-f7@coop,3,PLe
cooperbench,pallets_jinja_task-1621-f4-f7@coop,2,PLp
cooperbench,pallets_jinja_task-1621-f4-f7@coop,2,PLs
cooperbench,pallets_jinja_task-1621-f4-f7@solo,0,MSc
cooperbench,pallets_jinja_task-1621-f4-f7@solo,0,MSm
cooperbench,pallets_jinja_task-1621-f4-f7@solo,3,PLe
cooperbench,pallets_jinja_task-1621-f4-f7@solo,2,PLp
cooperbench,pallets_jinja_task-1621-f4-f7@solo,1,PLs
cooperbench,pallets_jinja_task-1621-f5-f10@coop,2,MSc
cooperbench,pallets_jinja_task-1621-f5-f10@coop,3,MSm
cooperbench,pallets_jinja_task-1621-f5-f10@coop,3,PLe
cooperbench,pallets_jinja_task-1621-f5-f10@coop,3,PLp
cooperbench,pallets_jinja_task-1621-f5-f10@coop,2,PLs
cooperbench,pallets_jinja_task-1621-f5-f10@solo,1,MSc
cooperbench,pallets_jinja_task-1621-f5-f10@solo,0,MSm
cooperbench,pallets_jinja_task-1621-f5-f10@solo,3,PLe
cooperbench,pallets_jinja_task-1621-f5-f10@solo,2,PLp
cooperbench,pallets_jinja_task-1621-f5-f10@solo,1,PLs
cooperbench,pallets_jinja_task-1621-f5-f8@coop,2,MSc
cooperbench,pallets_jinja_task-1621-f5-f8@coop,3,MSm
cooperbench,pallets_jinja_task-1621-f5-f8@coop,3,PLe
cooperbench,pallets_jinja_task-1621-f5-f8@coop,2,PLp
cooperbench,pallets_jinja_task-1621-f5-f8@coop,2,PLs
cooperbench,pallets_jinja_task-1621-f5-f8@solo,1,MSc
cooperbench,pallets_jinja_task-1621-f5-f8@solo,0,MSm
cooperbench,pallets_jinja_task-1621-f5-f8@solo,3,PLe
cooperbench,pallets_jinja_task-1621-f5-f8@solo,2,PLp
cooperbench,pallets_jinja_task-1621-f5-f8@solo,2,PLs
cooperbench,pallets_jinja_task-1621-f6-f9@coop,2,MSc
cooperbench,pallets_jinja_task-1621-f6-f9@coop,3,MSm
cooperbench,pallets_jinja_task-1621-f6-f9@coop,4,PLe
cooperbench,pallets_jinja_task-1621-f6-f9@coop,2,PLp
cooperbench,pallets_jinja_task-1621-f6-f9@coop,2,PLs
cooperbench,pallets_jinja_task-1621-f6-f9@solo,0,MSc
cooperbench,pallets_jinja_task-1621-f6-f9@solo,0,MSm
cooperbench,pallets_jinja_task-1621-f6-f9@solo,3,PLe
cooperbench,pallets_jinja_task-1621-f6-f9@solo,2,PLp
cooperbench,pallets_jinja_task-1621-f6-f9@solo,1,PLs
cooperbench,pallets_jinja_task-1621-f7-f10@coop,2,MSc
cooperbench,pallets_jinja_task-1621-f7-f10@coop,2,MSm
cooperbench,pallets_jinja_task-1621-f7-f10@coop,3,PLe
cooperbench,pallets_jinja_task-1621-f7-f10@coop,2,PLp
cooperbench,pallets_jinja_task-1621-f7-f10@coop,2,PLs
cooperbench,pallets_jinja_task-1621-f7-f10@solo,0,MSc
cooperbench,pallets_jinja_task-1621-f7-f10@solo,0,MSm
cooperbench,pallets_jinja_task-1621-f7-f10@solo,3,PLe
cooperbench,pallets_jinja_task-1621-f7-f10@solo,2,PLp
cooperbench,pallets_jinja_task-1621-f7-f10@solo,2,PLs
cooperbench,pallets_jinja_task-1621-f7-f9@coop,2,MSc
cooperbench,pallets_jinja_task-1621-f7-f9@coop,3,MSm
cooperbench,pallets_jinja_task-1621-f7-f9@coop,3,PLe
cooperbench,pallets_jinja_task-1621-f7-f9@coop,2,PLp
cooperbench,pallets_jinja_task-1621-f7-f9@coop,1,PLs
cooperbench,pallets_jinja_task-1621-f7-f9@solo,0,MSc
cooperbench,pallets_jinja_task-1621-f7-f9@solo,0,MSm
cooperbench,pallets_jinja_task-1621-f7-f9@solo,3,PLe
cooperbench,pallets_jinja_task-1621-f7-f9@solo,2,PLp
cooperbench,pallets_jinja_task-1621-f7-f9@solo,2,PLs
cooperbench,react_hook_form_task-153-f1-f2@coop,2,MSc
cooperbench,react_hook_form_task-153-f1-f2@coop,3,MSm
cooperbench,react_hook_form_task-153-f1-f2@coop,4,PLe
cooperbench,react_hook_form_task-153-f1-f2@coop,2,PLp
cooperbench,react_hook_form_task-153-f1-f2@coop,2,PLs
cooperbench,react_hook_form_task-153-f1-f2@solo,0,MSc
cooperbench,react_hook_form_task-153-f1-f2@solo,0,MSm
cooperbench,react_hook_form_task-153-f1-f2@solo,3,PLe
cooperbench,react_hook_form_task-153-f1-f2@solo,2,PLp
cooperbench,react_hook_form_task-153-f1-f2@solo,1,PLs
cooperbench,react_hook_form_task-153-f1-f6@coop,2,MSc
cooperbench,react_hook_form_task-153-f1-f6@coop,3,MSm
cooperbench,react_hook_form_task-153-f1-f6@coop,3,PLe
cooperbench,react_hook_form_task-153-f1-f6@coop,2,PLp
cooperbench,react_hook_form_task-153-f1-f6@coop,1,PLs
cooperbench,react_hook_form_task-153-f1-f6@solo,0,MSc
cooperbench,react_hook_form_task-153-f1-f6@solo,0,MSm
cooperbench,react_hook_form_task-153-f1-f6@solo,3,PLe
cooperbench,react_hook_form_task-153-f1-f6@solo,2,PLp
cooperbench,react_hook_form_task-153-f1-f6@solo,1,PLs
cooperbench,react_hook_form_task-153-f2-f5@coop,2,MSc
cooperbench,react_hook_form_task-153-f2-f5@coop,3,MSm
cooperbench,react_hook_form_task-153-f2-f5@coop,4,PLe
cooperbench,react_hook_form_task-153-f2-f5@coop,3,PLp
cooperbench,react_hook_form_task-153-f2-f5@coop,2,PLs
cooperbench,react_hook_form_task-153-f2-f5@solo,0,MSc
cooperbench,react_hook_form_task-153-f2-f5@solo,0,MSm
cooperbench,react_hook_form_task-153-f2-f5@solo,3,PLe
cooperbench,react_hook_form_task-153-f2-f5@solo,2,PLp
cooperbench,react_hook_form_task-153-f2-f5@solo,1,PLs
cooperbench,react_hook_form_task-153-f3-f4@coop,2,MSc
cooperbench,react_hook_form_task-153-f3-f4@coop,3,MSm
cooperbench,react_hook_form_task-153-f3-f4@coop,3,PLe
cooperbench,react_hook_form_task-153-f3-f4@coop,2,PLp
cooperbench,react_hook_form_task-153-f3-f4@coop,2,PLs
cooperbench,react_hook_form_task-153-f3-f4@solo,0,MSc
cooperbench,react_hook_form_task-153-f3-f4@solo,0,MSm
cooperbench,react_hook_form_task-153-f3-f4@solo,3,PLe
cooperbench,react_hook_form_task-153-f3-f4@solo,2,PLp
cooperbench,react_hook_form_task-153-f3-f4@solo,1,PLs
cooperbench,react_hook_form_task-153-f5-f6@coop,2,MSc
cooperbench,react_hook_form_task-153-f5-f6@coop,2,MSm
cooperbench,react_hook_form_task-153-f5-f6@coop,4,PLe
cooperbench,react_hook_form_task-153-f5-f6@coop,2,PLp
cooperbench,react_hook_form_task-153-f5-f6@coop,2,PLs
cooperbench,react_hook_form_task-153-f5-f6@solo,0,MSc
cooperbench,react_hook_form_task-153-f5-f6@solo,0,MSm
cooperbench,react_hook_form_task-153-f5-f6@solo,3,PLe
cooperbench,react_hook_form_task-153-f5-f6@solo,2,PLp
cooperbench,react_hook_form_task-153-f5-f6@solo,1,PLs
cooperbench,react_hook_form_task-85-f1-f4@coop,2,MSc
cooperbench,react_hook_form_task-85-f1-f4@coop,3,MSm
cooperbench,react_hook_form_task-85-f1-f4@coop,4,PLe
cooperbench,react_hook_form_task-85-f1-f4@coop,3,PLp
cooperbench,react_hook_form_task-85-f1-f4@coop,2,PLs
cooperbench,react_hook_form_task-85-f1-f4@solo,0,MSc
cooperbench,react_hook_form_task-85-f1-f4@solo,0,MSm
cooperbench,react_hook_form_task-85-f1-f4@solo,3,PLe
cooperbench,react_hook_form_task-85-f1-f4@solo,2,PLp
cooperbench,react_hook_form_task-85-f1-f4@solo,2,PLs
cooperbench,react_hook_form_task-85-f2-f3@coop,2,MSc
cooperbench,react_hook_form_task-85-f2-f3@coop,3,MSm
cooperbench,react_hook_form_task-85-f2-f3@coop,3,PLe
cooperbench,react_hook_form_task-85-f2-f3@coop,2,PLp
cooperbench,react_hook_form_task-85-f2-f3@coop,2,PLs
cooperbench,react_hook_form_task-85-f2-f3@solo,0,MSc
cooperbench,react_hook_form_task-85-f2-f3@solo,0,MSm
cooperbench,react_hook_form_task-85-f2-f3@solo,3,PLe
cooperbench,react_hook_form_task-85-f2-f3@solo,2,PLp
cooperbench,react_hook_form_task-85-f2-f3@solo,2,PLs
cooperbench,react_hook_form_task-85-f2-f4@coop,2,MSc
cooperbench,react_hook_form_task-85-f2-f4@coop,3,MSm
cooperbench,react_hook_form_task-85-f2-f4@coop,4,PLe
cooperbench,react_hook_form_task-85-f2-f4@coop,3,PLp
cooperbench,react_hook_form_task-85-f2-f4@coop,3,PLs
cooperbench,react_hook_form_task-85-f2-f4@solo,1,MSc
cooperbench,react_hook_form_task-85-f2-f4@solo,0,MSm
cooperbench,react_hook_form_task-85-f2-f4@solo,3,PLe
cooperbench,react_hook_form_task-85-f2-f4@solo,2,PLp
cooperbench,react_hook_form_task-85-f2-f4@solo,2,PLs
cooperbench,react_hook_form_task-85-f2-f5@coop,2,MSc
cooperbench,react_hook_form_task-85-f2-f5@coop,3,MSm
cooperbench,react_hook_form_task-85-f2-f5@coop,4,PLe
cooperbench,react_hook_form_task-85-f2-f5@coop,3,PLp
cooperbench,react_hook_form_task-85-f2-f5@coop,2,PLs
cooperbench,react_hook_form_task-85-f2-f5@solo,0,MSc
cooperbench,react_hook_form_task-85-f2-f5@solo,0,MSm
cooperbench,react_hook_form_task-85-f2-f5@solo,3,PLe
cooperbench,react_hook_form_task-85-f2-f5@solo,2,PLp
cooperbench,react_hook_form_task-85-f2-f5@solo,1,PLs
cooperbench,samuelcolvin_dirty_equals_task-43-f1-f4@coop,2,MSc
cooperbench,samuelcolvin_dirty_equals_task-43-f1-f4@coop,3,MSm
cooperbench,samuelcolvin_dirty_equals_task-43-f1-f4@coop,3,PLe
cooperbench,samuelcolvin_dirty_equals_task-43-f1-f4@coop,2,PLp
cooperbench,samuelcolvin_dirty_equals_task-43-f1-f4@coop,2,PLs
cooperbench,samuelcolvin_dirty_equals_task-43-f1-f4@solo,1,MSc
cooperbench,samuelcolvin_dirty_equals_task-43-f1-f4@solo,0,MSm
cooperbench,samuelcolvin_dirty_equals_task-43-f1-f4@solo,3,PLe
cooperbench,samuelcolvin_dirty_equals_task-43-f1-f4@solo,2,PLp
cooperbench,samuelcolvin_dirty_equals_task-43-f1-f4@solo,1,PLs
cooperbench,samuelcolvin_dirty_equals_task-43-f1-f8@coop,2,MSc
cooperbench,samuelcolvin_dirty_equals_task-43-f1-f8@coop,3,MSm
cooperbench,samuelcolvin_dirty_equals_task-43-f1-f8@coop,3,PLe
cooperbench,samuelcolvin_dirty_equals_task-43-f1-f8@coop,2,PLp
cooperbench,samuelcolvin_dirty_equals_task-43-f1-f8@coop,1,PLs
cooperbench,samuelcolvin_dirty_equals_task-43-f1-f8@solo,0,MSc
cooperbench,samuelcolvin_dirty_equals_task-43-f1-f8@solo,0,MSm
cooperbench,samuelcolvin_dirty_equals_task-43-f1-f8@solo,3,PLe
cooperbench,samuelcolvin_dirty_equals_task-43-f1-f8@solo,2,PLp
cooperbench,samuelcolvin_dirty_equals_task-43-f1-f8@solo,1,PLs
cooperbench,samuelcolvin_dirty_equals_task-43-f3-f5@coop,2,MSc
cooperbench,samuelcolvin_dirty_equals_task-43-f3-f5@coop,3,MSm
cooperbench,samuelcolvin_dirty_equals_task-43-f3-f5@coop,3,PLe
cooperbench,samuelcolvin_dirty_equals_task-43-f3-f5@coop,2,PLp
cooperbench,samuelcolvin_dirty_equals_task-43-f3-f5@coop,1,PLs
cooperbench,samuelcolvin_dirty_equals_task-43-f3-f5@solo,0,MSc
cooperbench,samuelcolvin_dirty_equals_task-43-f3-f5@solo,0,MSm
cooperbench,samuelcolvin_dirty_equals_task-43-f3-f5@solo,3,PLe
cooperbench,samuelcolvin_dirty_equals_task-43-f3-f5@solo,2,PLp
cooperbench,samuelcolvin_dirty_equals_task-43-f3-f5@solo,1,PLs
cooperbench,samuelcolvin_dirty_equals_task-43-f3-f8@coop,2,MSc
cooperbench,samuelcolvin_dirty_equals_task-43-f3-f8@coop,3,MSm
cooperbench,samuelcolvin_dirty_equals_task-43-f3-f8@coop,3,PLe
cooperbench,samuelcolvin_dirty_equals_task-43-f3-f8@coop,2,PLp
cooperbench,samuelcolvin_dirty_equals_task-43-f3-f8@coop,1,PLs
cooperbench,samuelcolvin_dirty_equals_task-43-f3-f8@solo,0,MSc
cooperbench,samuelcolvin_dirty_equals_task-43-f3-f8@solo,0,MSm
cooperbench,samuelcolvin_dirty_equals_task-43-f3-f8@solo,3,PLe
cooperbench,samuelcolvin_dirty_equals_task-43-f3-f8@solo,2,PLp
cooperbench,samuelcolvin_dirty_equals_task-43-f3-f8@solo,1,PLs
cooperbench,samuelcolvin_dirty_equals_task-43-f5-f6@coop,2,MSc
cooperbench,samuelcolvin_dirty_equals_task-43-f5-f6@coop,3,MSm
cooperbench,samuelcolvin_dirty_equals_task-43-f5-f6@coop,3,PLe
cooperbench,samuelcolvin_dirty_equals_task-43-f5-f6@coop,2,PLp
cooperbench,samuelcolvin_dirty_equals_task-43-f5-f6@coop,1,PLs
cooperbench,samuelcolvin_dirty_equals_task-43-f5-f6@solo,0,MSc
cooperbench,samuelcolvin_dirty_equals_task-43-f5-f6@solo,0,MSm
cooperbench,samuelcolvin_dirty_equals_task-43-f5-f6@solo,3,PLe
cooperbench,samuelcolvin_dirty_equals_task-43-f5-f6@solo,2,PLp
cooperbench,samuelcolvin_dirty_equals_task-43-f5-f6@solo,1,PLs
cooperbench,samuelcolvin_dirty_equals_task-43-f5-f8@coop,2,MSc
cooperbench,samuelcolvin_dirty_equals_task-43-f5-f8@coop,3,MSm
cooperbench,samuelcolvin_dirty_equals_task-43-f5-f8@coop,3,PLe
cooperbench,samuelcolvin_dirty_equals_task-43-f5-f8@coop,2,PLp
cooperbench,samuelcolvin_dirty_equals_task-43-f5-f8@coop,2,PLs
cooperbench,samuelcolvin_dirty_equals_task-43-f5-f8@solo,0,MSc
cooperbench,samuelcolvin_dirty_equals_task-43-f5-f8@solo,0,MSm
cooperbench,samuelcolvin_dirty_equals_task-43-f5-f8@solo,3,PLe
cooperbench,samuelcolvin_dirty_equals_task-43-f5-f8@solo,2,PLp
cooperbench,samuelcolvin_dirty_equals_task-43-f5-f8@solo,1,PLs
cooperbench,samuelcolvin_dirty_equals_task-43-f6-f7@coop,2,MSc
cooperbench,samuelcolvin_dirty_equals_task-43-f6-f7@coop,2,MSm
cooperbench,samuelcolvin_dirty_equals_task-43-f6-f7@coop,3,PLe
cooperbench,samuelcolvin_dirty_equals_task-43-f6-f7@coop,2,PLp
cooperbench,samuelcolvin_dirty_equals_task-43-f6-f7@coop,2,PLs
cooperbench,samuelcolvin_dirty_equals_task-43-f6-f7@solo,0,MSc
cooperbench,samuelcolvin_dirty_equals_task-43-f6-f7@solo,0,MSm
cooperbench,samuelcolvin_dirty_equals_task-43-f6-f7@solo,3,PLe
cooperbench,samuelcolvin_dirty_equals_task-43-f6-f7@solo,2,PLp
cooperbench,samuelcolvin_dirty_equals_task-43-f6-f7@solo,1,PLs
cooperbench,samuelcolvin_dirty_equals_task-43-f6-f8@coop,2,MSc
cooperbench,samuelcolvin_dirty_equals_task-43-f6-f8@coop,3,MSm
cooperbench,samuelcolvin_dirty_equals_task-43-f6-f8@coop,3,PLe
cooperbench,samuelcolvin_dirty_equals_task-43-f6-f8@coop,2,PLp
cooperbench,samuelcolvin_dirty_equals_task-43-f6-f8@coop,2,PLs
cooperbench,samuelcolvin_dirty_equals_task-43-f6-f8@solo,0,MSc
cooperbench,samuelcolvin_dirty_equals_task-43-f6-f8@solo,0,MSm
cooperbench,samuelcolvin_dirty_equals_task-43-f6-f8@solo,3,PLe
cooperbench,samuelcolvin_dirty_equals_task-43-f6-f8@solo,2,PLp
cooperbench,samuelcolvin_dirty_equals_task-43-f6-f8@solo,1,PLs
deepswe-v1.1,abs-module-cache-flags,0,MSc
deepswe-v1.1,abs-module-cache-flags,0,MSm
deepswe-v1.1,abs-module-cache-flags,3,PLe
deepswe-v1.1,abs-module-cache-flags,2,PLp
deepswe-v1.1,abs-module-cache-flags,2,PLs
deepswe-v1.1,abs-stepped-slices,0,MSc
deepswe-v1.1,abs-stepped-slices,0,MSm
deepswe-v1.1,abs-stepped-slices,3,PLe
deepswe-v1.1,abs-stepped-slices,2,PLp
deepswe-v1.1,abs-stepped-slices,1,PLs
deepswe-v1.1,adaptix-name-mapping-aliases,0,MSc
deepswe-v1.1,adaptix-name-mapping-aliases,0,MSm
deepswe-v1.1,adaptix-name-mapping-aliases,3,PLe
deepswe-v1.1,adaptix-name-mapping-aliases,3,PLp
deepswe-v1.1,adaptix-name-mapping-aliases,1,PLs
deepswe-v1.1,aiomonitor-task-snapshots-diff,0,MSc
deepswe-v1.1,aiomonitor-task-snapshots-diff,0,MSm
deepswe-v1.1,aiomonitor-task-snapshots-diff,3,PLe
deepswe-v1.1,aiomonitor-task-snapshots-diff,2,PLp
deepswe-v1.1,aiomonitor-task-snapshots-diff,1,PLs
deepswe-v1.1,anko-default-function-arguments,0,MSc
deepswe-v1.1,anko-default-function-arguments,0,MSm
deepswe-v1.1,anko-default-function-arguments,3,PLe
deepswe-v1.1,anko-default-function-arguments,3,PLp
deepswe-v1.1,anko-default-function-arguments,1,PLs
deepswe-v1.1,arcane-drift-detection-baselines,0,MSc
deepswe-v1.1,arcane-drift-detection-baselines,0,MSm
deepswe-v1.1,arcane-drift-detection-baselines,3,PLe
deepswe-v1.1,arcane-drift-detection-baselines,2,PLp
deepswe-v1.1,arcane-drift-detection-baselines,1,PLs
deepswe-v1.1,arktype-json-schema-refs-dependencies,0,MSc
deepswe-v1.1,arktype-json-schema-refs-dependencies,0,MSm
deepswe-v1.1,arktype-json-schema-refs-dependencies,3,PLe
deepswe-v1.1,arktype-json-schema-refs-dependencies,3,PLp
deepswe-v1.1,arktype-json-schema-refs-dependencies,1,PLs
deepswe-v1.1,awilix-async-container-initialization,0,MSc
deepswe-v1.1,awilix-async-container-initialization,0,MSm
deepswe-v1.1,awilix-async-container-initialization,3,PLe
deepswe-v1.1,awilix-async-container-initialization,3,PLp
deepswe-v1.1,awilix-async-container-initialization,2,PLs
deepswe-v1.1,bandit-incremental-cache-control,0,MSc
deepswe-v1.1,bandit-incremental-cache-control,0,MSm
deepswe-v1.1,bandit-incremental-cache-control,3,PLe
deepswe-v1.1,bandit-incremental-cache-control,3,PLp
deepswe-v1.1,bandit-incremental-cache-control,2,PLs
deepswe-v1.1,bandit-interprocedural-taint-checks,0,MSc
deepswe-v1.1,bandit-interprocedural-taint-checks,0,MSm
deepswe-v1.1,bandit-interprocedural-taint-checks,3,PLe
deepswe-v1.1,bandit-interprocedural-taint-checks,3,PLp
deepswe-v1.1,bandit-interprocedural-taint-checks,1,PLs
deepswe-v1.1,bandit-structured-nosec-directives,0,MSc
deepswe-v1.1,bandit-structured-nosec-directives,0,MSm
deepswe-v1.1,bandit-structured-nosec-directives,3,PLe
deepswe-v1.1,bandit-structured-nosec-directives,3,PLp
deepswe-v1.1,bandit-structured-nosec-directives,1,PLs
deepswe-v1.1,boa-hierarchical-evaluation-cancellation,0,MSc
deepswe-v1.1,boa-hierarchical-evaluation-cancellation,0,MSm
deepswe-v1.1,boa-hierarchical-evaluation-cancellation,3,PLe
deepswe-v1.1,boa-hierarchical-evaluation-cancellation,3,PLp
deepswe-v1.1,boa-hierarchical-evaluation-cancellation,1,PLs
deepswe-v1.1,cattrs-partial-structuring-recovery,0,MSc
deepswe-v1.1,cattrs-partial-structuring-recovery,0,MSm
deepswe-v1.1,cattrs-partial-structuring-recovery,3,PLe
deepswe-v1.1,cattrs-partial-structuring-recovery,3,PLp
deepswe-v1.1,cattrs-partial-structuring-recovery,1,PLs
deepswe-v1.1,clack-async-autocomplete-options,0,MSc
deepswe-v1.1,clack-async-autocomplete-options,0,MSm
deepswe-v1.1,clack-async-autocomplete-options,4,PLe
deepswe-v1.1,clack-async-autocomplete-options,3,PLp
deepswe-v1.1,clack-async-autocomplete-options,2,PLs
deepswe-v1.1,claude-code-by-agents-recursive-delegation,0,MSc
deepswe-v1.1,claude-code-by-agents-recursive-delegation,0,MSm
deepswe-v1.1,claude-code-by-agents-recursive-delegation,3,PLe
deepswe-v1.1,claude-code-by-agents-recursive-delegation,2,PLp
deepswe-v1.1,claude-code-by-agents-recursive-delegation,1,PLs
deepswe-v1.1,cliffy-config-file-parsing,0,MSc
deepswe-v1.1,cliffy-config-file-parsing,0,MSm
deepswe-v1.1,cliffy-config-file-parsing,3,PLe
deepswe-v1.1,cliffy-config-file-parsing,3,PLp
deepswe-v1.1,cliffy-config-file-parsing,1,PLs
deepswe-v1.1,csstree-shorthand-expansion-compression,0,MSc
deepswe-v1.1,csstree-shorthand-expansion-compression,0,MSm
deepswe-v1.1,csstree-shorthand-expansion-compression,3,PLe
deepswe-v1.1,csstree-shorthand-expansion-compression,3,PLp
deepswe-v1.1,csstree-shorthand-expansion-compression,1,PLs
deepswe-v1.1,dasel-html-document-format,0,MSc
deepswe-v1.1,dasel-html-document-format,0,MSm
deepswe-v1.1,dasel-html-document-format,3,PLe
deepswe-v1.1,dasel-html-document-format,3,PLp
deepswe-v1.1,dasel-html-document-format,1,PLs
deepswe-v1.1,dateutil-rfc5545-timezone-interop,0,MSc
deepswe-v1.1,dateutil-rfc5545-timezone-interop,0,MSm
deepswe-v1.1,dateutil-rfc5545-timezone-interop,3,PLe
deepswe-v1.1,dateutil-rfc5545-timezone-interop,2,PLp
deepswe-v1.1,dateutil-rfc5545-timezone-interop,1,PLs
deepswe-v1.1,drizzle-orm-window-function-builders,0,MSc
deepswe-v1.1,drizzle-orm-window-function-builders,0,MSm
deepswe-v1.1,drizzle-orm-window-function-builders,3,PLe
deepswe-v1.1,drizzle-orm-window-function-builders,3,PLp
deepswe-v1.1,drizzle-orm-window-function-builders,1,PLs
deepswe-v1.1,dynamodb-toolbox-conditional-attribute-requirements,0,MSc
deepswe-v1.1,dynamodb-toolbox-conditional-attribute-requirements,0,MSm
deepswe-v1.1,dynamodb-toolbox-conditional-attribute-requirements,3,PLe
deepswe-v1.1,dynamodb-toolbox-conditional-attribute-requirements,3,PLp
deepswe-v1.1,dynamodb-toolbox-conditional-attribute-requirements,1,PLs
deepswe-v1.1,dynamodb-toolbox-lazy-recursive-schemas,0,MSc
deepswe-v1.1,dynamodb-toolbox-lazy-recursive-schemas,0,MSm
deepswe-v1.1,dynamodb-toolbox-lazy-recursive-schemas,3,PLe
deepswe-v1.1,dynamodb-toolbox-lazy-recursive-schemas,3,PLp
deepswe-v1.1,dynamodb-toolbox-lazy-recursive-schemas,1,PLs
deepswe-v1.1,effect-sse-httpapi-streaming,0,MSc
deepswe-v1.1,effect-sse-httpapi-streaming,0,MSm
deepswe-v1.1,effect-sse-httpapi-streaming,3,PLe
deepswe-v1.1,effect-sse-httpapi-streaming,3,PLp
deepswe-v1.1,effect-sse-httpapi-streaming,2,PLs
deepswe-v1.1,expr-try-catch-errors,0,MSc
deepswe-v1.1,expr-try-catch-errors,0,MSm
deepswe-v1.1,expr-try-catch-errors,3,PLe
deepswe-v1.1,expr-try-catch-errors,3,PLp
deepswe-v1.1,expr-try-catch-errors,1,PLs
deepswe-v1.1,fastapi-deprecation-response-headers,0,MSc
deepswe-v1.1,fastapi-deprecation-response-headers,0,MSm
deepswe-v1.1,fastapi-deprecation-response-headers,3,PLe
deepswe-v1.1,fastapi-deprecation-response-headers,2,PLp
deepswe-v1.1,fastapi-deprecation-response-headers,1,PLs
deepswe-v1.1,fastapi-implicit-head-options,0,MSc
deepswe-v1.1,fastapi-implicit-head-options,0,MSm
deepswe-v1.1,fastapi-implicit-head-options,3,PLe
deepswe-v1.1,fastapi-implicit-head-options,3,PLp
deepswe-v1.1,fastapi-implicit-head-options,2,PLs
deepswe-v1.1,fd-deterministic-multi-key-sorting,0,MSc
deepswe-v1.1,fd-deterministic-multi-key-sorting,0,MSm
deepswe-v1.1,fd-deterministic-multi-key-sorting,3,PLe
deepswe-v1.1,fd-deterministic-multi-key-sorting,3,PLp
deepswe-v1.1,fd-deterministic-multi-key-sorting,2,PLs
deepswe-v1.1,go-genai-streamed-function-args,0,MSc
deepswe-v1.1,go-genai-streamed-function-args,0,MSm
deepswe-v1.1,go-genai-streamed-function-args,3,PLe
deepswe-v1.1,go-genai-streamed-function-args,3,PLp
deepswe-v1.1,go-genai-streamed-function-args,1,PLs
deepswe-v1.1,go-git-worktree-merge-conflicts,0,MSc
deepswe-v1.1,go-git-worktree-merge-conflicts,0,MSm
deepswe-v1.1,go-git-worktree-merge-conflicts,3,PLe
deepswe-v1.1,go-git-worktree-merge-conflicts,3,PLp
deepswe-v1.1,go-git-worktree-merge-conflicts,2,PLs
deepswe-v1.1,goreleaser-retry-publish-auditing,0,MSc
deepswe-v1.1,goreleaser-retry-publish-auditing,0,MSm
deepswe-v1.1,goreleaser-retry-publish-auditing,4,PLe
deepswe-v1.1,goreleaser-retry-publish-auditing,3,PLp
deepswe-v1.1,goreleaser-retry-publish-auditing,1,PLs
deepswe-v1.1,gql-incremental-graphql-delivery,0,MSc
deepswe-v1.1,gql-incremental-graphql-delivery,0,MSm
deepswe-v1.1,gql-incremental-graphql-delivery,3,PLe
deepswe-v1.1,gql-incremental-graphql-delivery,3,PLp
deepswe-v1.1,gql-incremental-graphql-delivery,2,PLs
deepswe-v1.1,happy-dom-abort-pending-body-reads,0,MSc
deepswe-v1.1,happy-dom-abort-pending-body-reads,0,MSm
deepswe-v1.1,happy-dom-abort-pending-body-reads,3,PLe
deepswe-v1.1,happy-dom-abort-pending-body-reads,3,PLp
deepswe-v1.1,happy-dom-abort-pending-body-reads,1,PLs
deepswe-v1.1,happy-dom-deterministic-intersectionobserver,0,MSc
deepswe-v1.1,happy-dom-deterministic-intersectionobserver,0,MSm
deepswe-v1.1,happy-dom-deterministic-intersectionobserver,3,PLe
deepswe-v1.1,happy-dom-deterministic-intersectionobserver,2,PLp
deepswe-v1.1,happy-dom-deterministic-intersectionobserver,1,PLs
deepswe-v1.1,helm-array-merge-strategies,0,MSc
deepswe-v1.1,helm-array-merge-strategies,0,MSm
deepswe-v1.1,helm-array-merge-strategies,3,PLe
deepswe-v1.1,helm-array-merge-strategies,3,PLp
deepswe-v1.1,helm-array-merge-strategies,1,PLs
deepswe-v1.1,helm-unified-manifest-stream,0,MSc
deepswe-v1.1,helm-unified-manifest-stream,0,MSm
deepswe-v1.1,helm-unified-manifest-stream,3,PLe
deepswe-v1.1,helm-unified-manifest-stream,2,PLp
deepswe-v1.1,helm-unified-manifest-stream,2,PLs
deepswe-v1.1,httpx-deterministic-cookie-store,0,MSc
deepswe-v1.1,httpx-deterministic-cookie-store,0,MSm
deepswe-v1.1,httpx-deterministic-cookie-store,3,PLe
deepswe-v1.1,httpx-deterministic-cookie-store,3,PLp
deepswe-v1.1,httpx-deterministic-cookie-store,2,PLs
deepswe-v1.1,httpx-multipart-response-parsing,0,MSc
deepswe-v1.1,httpx-multipart-response-parsing,0,MSm
deepswe-v1.1,httpx-multipart-response-parsing,4,PLe
deepswe-v1.1,httpx-multipart-response-parsing,3,PLp
deepswe-v1.1,httpx-multipart-response-parsing,1,PLs
deepswe-v1.1,httpx-streaming-json-iteration,0,MSc
deepswe-v1.1,httpx-streaming-json-iteration,0,MSm
deepswe-v1.1,httpx-streaming-json-iteration,3,PLe
deepswe-v1.1,httpx-streaming-json-iteration,2,PLp
deepswe-v1.1,httpx-streaming-json-iteration,1,PLs
deepswe-v1.1,igel-persist-feature-schema,0,MSc
deepswe-v1.1,igel-persist-feature-schema,0,MSm
deepswe-v1.1,igel-persist-feature-schema,3,PLe
deepswe-v1.1,igel-persist-feature-schema,3,PLp
deepswe-v1.1,igel-persist-feature-schema,1,PLs
deepswe-v1.1,ipython-session-bundle-replay,0,MSc
deepswe-v1.1,ipython-session-bundle-replay,0,MSm
deepswe-v1.1,ipython-session-bundle-replay,3,PLe
deepswe-v1.1,ipython-session-bundle-replay,3,PLp
deepswe-v1.1,ipython-session-bundle-replay,1,PLs
deepswe-v1.1,katex-multicolumn-array-spans,0,MSc
deepswe-v1.1,katex-multicolumn-array-spans,0,MSm
deepswe-v1.1,katex-multicolumn-array-spans,3,PLe
deepswe-v1.1,katex-multicolumn-array-spans,3,PLp
deepswe-v1.1,katex-multicolumn-array-spans,1,PLs
deepswe-v1.1,kea-atomic-signal-selectors,0,MSc
deepswe-v1.1,kea-atomic-signal-selectors,0,MSm
deepswe-v1.1,kea-atomic-signal-selectors,4,PLe
deepswe-v1.1,kea-atomic-signal-selectors,3,PLp
deepswe-v1.1,kea-atomic-signal-selectors,2,PLs
deepswe-v1.1,kgateway-consistent-hash-policy,0,MSc
deepswe-v1.1,kgateway-consistent-hash-policy,0,MSm
deepswe-v1.1,kgateway-consistent-hash-policy,3,PLe
deepswe-v1.1,kgateway-consistent-hash-policy,2,PLp
deepswe-v1.1,kgateway-consistent-hash-policy,2,PLs
deepswe-v1.1,kombu-single-active-consumer-priority,0,MSc
deepswe-v1.1,kombu-single-active-consumer-priority,0,MSm
deepswe-v1.1,kombu-single-active-consumer-priority,3,PLe
deepswe-v1.1,kombu-single-active-consumer-priority,3,PLp
deepswe-v1.1,kombu-single-active-consumer-priority,1,PLs
deepswe-v1.1,kombu-virtual-queue-dead-lettering,0,MSc
deepswe-v1.1,kombu-virtual-queue-dead-lettering,0,MSm
deepswe-v1.1,kombu-virtual-queue-dead-lettering,3,PLe
deepswe-v1.1,kombu-virtual-queue-dead-lettering,3,PLp
deepswe-v1.1,kombu-virtual-queue-dead-lettering,1,PLs
deepswe-v1.1,koota-composite-trait-aspects,0,MSc
deepswe-v1.1,koota-composite-trait-aspects,0,MSm
deepswe-v1.1,koota-composite-trait-aspects,3,PLe
deepswe-v1.1,koota-composite-trait-aspects,3,PLp
deepswe-v1.1,koota-composite-trait-aspects,1,PLs
deepswe-v1.1,koota-deferred-mutation-buffer,0,MSc
deepswe-v1.1,koota-deferred-mutation-buffer,0,MSm
deepswe-v1.1,koota-deferred-mutation-buffer,3,PLe
deepswe-v1.1,koota-deferred-mutation-buffer,3,PLp
deepswe-v1.1,koota-deferred-mutation-buffer,2,PLs
deepswe-v1.1,koota-entity-snapshot-rollback,0,MSc
deepswe-v1.1,koota-entity-snapshot-rollback,0,MSm
deepswe-v1.1,koota-entity-snapshot-rollback,3,PLe
deepswe-v1.1,koota-entity-snapshot-rollback,2,PLp
deepswe-v1.1,koota-entity-snapshot-rollback,1,PLs
deepswe-v1.1,koota-pair-relation-tracking,0,MSc
deepswe-v1.1,koota-pair-relation-tracking,0,MSm
deepswe-v1.1,koota-pair-relation-tracking,3,PLe
deepswe-v1.1,koota-pair-relation-tracking,3,PLp
deepswe-v1.1,koota-pair-relation-tracking,2,PLs
deepswe-v1.1,koota-query-predicates,0,MSc
deepswe-v1.1,koota-query-predicates,0,MSm
deepswe-v1.1,koota-query-predicates,3,PLe
deepswe-v1.1,koota-query-predicates,3,PLp
deepswe-v1.1,koota-query-predicates,2,PLs
deepswe-v1.1,kysely-window-grouping-helpers,0,MSc
deepswe-v1.1,kysely-window-grouping-helpers,0,MSm
deepswe-v1.1,kysely-window-grouping-helpers,3,PLe
deepswe-v1.1,kysely-window-grouping-helpers,2,PLp
deepswe-v1.1,kysely-window-grouping-helpers,1,PLs
deepswe-v1.1,langchain-request-coalescing,0,MSc
deepswe-v1.1,langchain-request-coalescing,0,MSm
deepswe-v1.1,langchain-request-coalescing,3,PLe
deepswe-v1.1,langchain-request-coalescing,3,PLp
deepswe-v1.1,langchain-request-coalescing,1,PLs
deepswe-v1.1,mashumaro-flattened-dataclass-fields,0,MSc
deepswe-v1.1,mashumaro-flattened-dataclass-fields,0,MSm
deepswe-v1.1,mashumaro-flattened-dataclass-fields,3,PLe
deepswe-v1.1,mashumaro-flattened-dataclass-fields,3,PLp
deepswe-v1.1,mashumaro-flattened-dataclass-fields,1,PLs
deepswe-v1.1,meriyah-explicit-resource-declarations,0,MSc
deepswe-v1.1,meriyah-explicit-resource-declarations,0,MSm
deepswe-v1.1,meriyah-explicit-resource-declarations,3,PLe
deepswe-v1.1,meriyah-explicit-resource-declarations,3,PLp
deepswe-v1.1,meriyah-explicit-resource-declarations,1,PLs
deepswe-v1.1,mnamer-daemon-watch-lifecycle,0,MSc
deepswe-v1.1,mnamer-daemon-watch-lifecycle,0,MSm
deepswe-v1.1,mnamer-daemon-watch-lifecycle,3,PLe
deepswe-v1.1,mnamer-daemon-watch-lifecycle,2,PLp
deepswe-v1.1,mnamer-daemon-watch-lifecycle,1,PLs
deepswe-v1.1,mobly-grouped-test-barriers,0,MSc
deepswe-v1.1,mobly-grouped-test-barriers,0,MSm
deepswe-v1.1,mobly-grouped-test-barriers,3,PLe
deepswe-v1.1,mobly-grouped-test-barriers,3,PLp
deepswe-v1.1,mobly-grouped-test-barriers,2,PLs
deepswe-v1.1,narwhals-rolling-window-suite,0,MSc
deepswe-v1.1,narwhals-rolling-window-suite,0,MSm
deepswe-v1.1,narwhals-rolling-window-suite,3,PLe
deepswe-v1.1,narwhals-rolling-window-suite,2,PLp
deepswe-v1.1,narwhals-rolling-window-suite,1,PLs
deepswe-v1.1,numba-stencil-boundary-modes,0,MSc
deepswe-v1.1,numba-stencil-boundary-modes,0,MSm
deepswe-v1.1,numba-stencil-boundary-modes,3,PLe
deepswe-v1.1,numba-stencil-boundary-modes,3,PLp
deepswe-v1.1,numba-stencil-boundary-modes,1,PLs
deepswe-v1.1,obsidian-linter-link-format-conversion,0,MSc
deepswe-v1.1,obsidian-linter-link-format-conversion,0,MSm
deepswe-v1.1,obsidian-linter-link-format-conversion,3,PLe
deepswe-v1.1,obsidian-linter-link-format-conversion,3,PLp
deepswe-v1.1,obsidian-linter-link-format-conversion,0,PLs
deepswe-v1.1,obsidian-linter-scoped-ignore-markers,0,MSc
deepswe-v1.1,obsidian-linter-scoped-ignore-markers,0,MSm
deepswe-v1.1,obsidian-linter-scoped-ignore-markers,3,PLe
deepswe-v1.1,obsidian-linter-scoped-ignore-markers,3,PLp
deepswe-v1.1,obsidian-linter-scoped-ignore-markers,1,PLs
deepswe-v1.1,ofetch-per-origin-circuit-breaker,0,MSc
deepswe-v1.1,ofetch-per-origin-circuit-breaker,0,MSm
deepswe-v1.1,ofetch-per-origin-circuit-breaker,3,PLe
deepswe-v1.1,ofetch-per-origin-circuit-breaker,3,PLp
deepswe-v1.1,ofetch-per-origin-circuit-breaker,1,PLs
deepswe-v1.1,opa-rego-rule-profiling,0,MSc
deepswe-v1.1,opa-rego-rule-profiling,0,MSm
deepswe-v1.1,opa-rego-rule-profiling,3,PLe
deepswe-v1.1,opa-rego-rule-profiling,2,PLp
deepswe-v1.1,opa-rego-rule-profiling,1,PLs
deepswe-v1.1,optique-conditional-option-dependencies,0,MSc
deepswe-v1.1,optique-conditional-option-dependencies,0,MSm
deepswe-v1.1,optique-conditional-option-dependencies,3,PLe
deepswe-v1.1,optique-conditional-option-dependencies,3,PLp
deepswe-v1.1,optique-conditional-option-dependencies,1,PLs
deepswe-v1.1,oxvg-structural-selector-preservation,0,MSc
deepswe-v1.1,oxvg-structural-selector-preservation,0,MSm
deepswe-v1.1,oxvg-structural-selector-preservation,3,PLe
deepswe-v1.1,oxvg-structural-selector-preservation,3,PLp
deepswe-v1.1,oxvg-structural-selector-preservation,2,PLs
deepswe-v1.1,pebble-durability-wait-apis,0,MSc
deepswe-v1.1,pebble-durability-wait-apis,0,MSm
deepswe-v1.1,pebble-durability-wait-apis,3,PLe
deepswe-v1.1,pebble-durability-wait-apis,3,PLp
deepswe-v1.1,pebble-durability-wait-apis,2,PLs
deepswe-v1.1,pest-character-class-coalescing,0,MSc
deepswe-v1.1,pest-character-class-coalescing,0,MSm
deepswe-v1.1,pest-character-class-coalescing,3,PLe
deepswe-v1.1,pest-character-class-coalescing,2,PLp
deepswe-v1.1,pest-character-class-coalescing,1,PLs
deepswe-v1.1,prometheus-typed-label-sorting,0,MSc
deepswe-v1.1,prometheus-typed-label-sorting,0,MSm
deepswe-v1.1,prometheus-typed-label-sorting,3,PLe
deepswe-v1.1,prometheus-typed-label-sorting,2,PLp
deepswe-v1.1,prometheus-typed-label-sorting,1,PLs
deepswe-v1.1,psd-tools-blend-range-api,0,MSc
deepswe-v1.1,psd-tools-blend-range-api,0,MSm
deepswe-v1.1,psd-tools-blend-range-api,3,PLe
deepswe-v1.1,psd-tools-blend-range-api,2,PLp
deepswe-v1.1,psd-tools-blend-range-api,1,PLs
deepswe-v1.1,pwntools-tube-multiplexing,0,MSc
deepswe-v1.1,pwntools-tube-multiplexing,0,MSm
deepswe-v1.1,pwntools-tube-multiplexing,4,PLe
deepswe-v1.1,pwntools-tube-multiplexing,3,PLp
deepswe-v1.1,pwntools-tube-multiplexing,2,PLs
deepswe-v1.1,python-statemachine-state-data-scoping,0,MSc
deepswe-v1.1,python-statemachine-state-data-scoping,0,MSm
deepswe-v1.1,python-statemachine-state-data-scoping,3,PLe
deepswe-v1.1,python-statemachine-state-data-scoping,3,PLp
deepswe-v1.1,python-statemachine-state-data-scoping,2,PLs
deepswe-v1.1,query-persist-restored-query-state,0,MSc
deepswe-v1.1,query-persist-restored-query-state,0,MSm
deepswe-v1.1,query-persist-restored-query-state,3,PLe
deepswe-v1.1,query-persist-restored-query-state,3,PLp
deepswe-v1.1,query-persist-restored-query-state,2,PLs
deepswe-v1.1,quill-shared-toolbar-focus,0,MSc
deepswe-v1.1,quill-shared-toolbar-focus,0,MSm
deepswe-v1.1,quill-shared-toolbar-focus,3,PLe
deepswe-v1.1,quill-shared-toolbar-focus,3,PLp
deepswe-v1.1,quill-shared-toolbar-focus,2,PLs
deepswe-v1.1,scc-bounded-memory-spilling,0,MSc
deepswe-v1.1,scc-bounded-memory-spilling,0,MSm
deepswe-v1.1,scc-bounded-memory-spilling,3,PLe
deepswe-v1.1,scc-bounded-memory-spilling,3,PLp
deepswe-v1.1,scc-bounded-memory-spilling,1,PLs
deepswe-v1.1,scriggo-method-declarations,0,MSc
deepswe-v1.1,scriggo-method-declarations,0,MSm
deepswe-v1.1,scriggo-method-declarations,3,PLe
deepswe-v1.1,scriggo-method-declarations,3,PLp
deepswe-v1.1,scriggo-method-declarations,1,PLs
deepswe-v1.1,sql-formatter-bigquery-pipe-formatting,0,MSc
deepswe-v1.1,sql-formatter-bigquery-pipe-formatting,0,MSm
deepswe-v1.1,sql-formatter-bigquery-pipe-formatting,3,PLe
deepswe-v1.1,sql-formatter-bigquery-pipe-formatting,3,PLp
deepswe-v1.1,sql-formatter-bigquery-pipe-formatting,1,PLs
deepswe-v1.1,sqlite-utils-safe-import-checkpoints,0,MSc
deepswe-v1.1,sqlite-utils-safe-import-checkpoints,0,MSm
deepswe-v1.1,sqlite-utils-safe-import-checkpoints,3,PLe
deepswe-v1.1,sqlite-utils-safe-import-checkpoints,3,PLp
deepswe-v1.1,sqlite-utils-safe-import-checkpoints,1,PLs
deepswe-v1.1,superjson-error-stack-serialization,0,MSc
deepswe-v1.1,superjson-error-stack-serialization,0,MSm
deepswe-v1.1,superjson-error-stack-serialization,3,PLe
deepswe-v1.1,superjson-error-stack-serialization,2,PLp
deepswe-v1.1,superjson-error-stack-serialization,2,PLs
deepswe-v1.1,tengo-callable-instance-isolation,0,MSc
deepswe-v1.1,tengo-callable-instance-isolation,0,MSm
deepswe-v1.1,tengo-callable-instance-isolation,4,PLe
deepswe-v1.1,tengo-callable-instance-isolation,3,PLp
deepswe-v1.1,tengo-callable-instance-isolation,1,PLs
deepswe-v1.1,termenv-preserve-ansi-resets,0,MSc
deepswe-v1.1,termenv-preserve-ansi-resets,0,MSm
deepswe-v1.1,termenv-preserve-ansi-resets,4,PLe
deepswe-v1.1,termenv-preserve-ansi-resets,3,PLp
deepswe-v1.1,termenv-preserve-ansi-resets,1,PLs
deepswe-v1.1,testem-per-launcher-reports,0,MSc
deepswe-v1.1,testem-per-launcher-reports,0,MSm
deepswe-v1.1,testem-per-launcher-reports,3,PLe
deepswe-v1.1,testem-per-launcher-reports,2,PLp
deepswe-v1.1,testem-per-launcher-reports,1,PLs
deepswe-v1.1,textual-kitty-key-phases,0,MSc
deepswe-v1.1,textual-kitty-key-phases,0,MSm
deepswe-v1.1,textual-kitty-key-phases,3,PLe
deepswe-v1.1,textual-kitty-key-phases,3,PLp
deepswe-v1.1,textual-kitty-key-phases,1,PLs
deepswe-v1.1,textual-richlog-follow-state,0,MSc
deepswe-v1.1,textual-richlog-follow-state,0,MSm
deepswe-v1.1,textual-richlog-follow-state,3,PLe
deepswe-v1.1,textual-richlog-follow-state,3,PLp
deepswe-v1.1,textual-richlog-follow-state,2,PLs
deepswe-v1.1,tomlkit-toml-table-converters,0,MSc
deepswe-v1.1,tomlkit-toml-table-converters,0,MSm
deepswe-v1.1,tomlkit-toml-table-converters,3,PLe
deepswe-v1.1,tomlkit-toml-table-converters,3,PLp
deepswe-v1.1,tomlkit-toml-table-converters,1,PLs
deepswe-v1.1,true-myth-iterable-collection-combinators,0,MSc
deepswe-v1.1,true-myth-iterable-collection-combinators,0,MSm
deepswe-v1.1,true-myth-iterable-collection-combinators,3,PLe
deepswe-v1.1,true-myth-iterable-collection-combinators,2,PLp
deepswe-v1.1,true-myth-iterable-collection-combinators,1,PLs
deepswe-v1.1,ts-pattern-match-each,0,MSc
deepswe-v1.1,ts-pattern-match-each,0,MSm
deepswe-v1.1,ts-pattern-match-each,3,PLe
deepswe-v1.1,ts-pattern-match-each,3,PLp
deepswe-v1.1,ts-pattern-match-each,1,PLs
deepswe-v1.1,valibot-recursive-schema-composition,0,MSc
deepswe-v1.1,valibot-recursive-schema-composition,0,MSm
deepswe-v1.1,valibot-recursive-schema-composition,3,PLe
deepswe-v1.1,valibot-recursive-schema-composition,3,PLp
deepswe-v1.1,valibot-recursive-schema-composition,1,PLs
deepswe-v1.1,vitest-duration-sharding,0,MSc
deepswe-v1.1,vitest-duration-sharding,0,MSm
deepswe-v1.1,vitest-duration-sharding,4,PLe
deepswe-v1.1,vitest-duration-sharding,2,PLp
deepswe-v1.1,vitest-duration-sharding,1,PLs
deepswe-v1.1,wasmi-trap-coredumps,0,MSc
deepswe-v1.1,wasmi-trap-coredumps,0,MSm
deepswe-v1.1,wasmi-trap-coredumps,4,PLe
deepswe-v1.1,wasmi-trap-coredumps,3,PLp
deepswe-v1.1,wasmi-trap-coredumps,1,PLs
deepswe-v1.1,wazero-multi-module-snapshots,0,MSc
deepswe-v1.1,wazero-multi-module-snapshots,0,MSm
deepswe-v1.1,wazero-multi-module-snapshots,3,PLe
deepswe-v1.1,wazero-multi-module-snapshots,2,PLp
deepswe-v1.1,wazero-multi-module-snapshots,1,PLs
deepswe-v1.1,yjs-map-conflict-detection,0,MSc
deepswe-v1.1,yjs-map-conflict-detection,0,MSm
deepswe-v1.1,yjs-map-conflict-detection,3,PLe
deepswe-v1.1,yjs-map-conflict-detection,3,PLp
deepswe-v1.1,yjs-map-conflict-detection,1,PLs
eqbench4,033f064e-f007-4bad-9209-681699256ad2,3,MSc
eqbench4,033f064e-f007-4bad-9209-681699256ad2,4,MSm
eqbench4,033f064e-f007-4bad-9209-681699256ad2,3,PLe
eqbench4,033f064e-f007-4bad-9209-681699256ad2,2,PLp
eqbench4,033f064e-f007-4bad-9209-681699256ad2,3,PLs
eqbench4,0c7516d1-3786-4b74-bf0b-939c9f17746f,3,MSc
eqbench4,0c7516d1-3786-4b74-bf0b-939c9f17746f,4,MSm
eqbench4,0c7516d1-3786-4b74-bf0b-939c9f17746f,3,PLe
eqbench4,0c7516d1-3786-4b74-bf0b-939c9f17746f,2,PLp
eqbench4,0c7516d1-3786-4b74-bf0b-939c9f17746f,3,PLs
eqbench4,0e28fd5f-3fb5-4eda-954b-71f2c0a4f6b4,3,MSc
eqbench4,0e28fd5f-3fb5-4eda-954b-71f2c0a4f6b4,4,MSm
eqbench4,0e28fd5f-3fb5-4eda-954b-71f2c0a4f6b4,3,PLe
eqbench4,0e28fd5f-3fb5-4eda-954b-71f2c0a4f6b4,2,PLp
eqbench4,0e28fd5f-3fb5-4eda-954b-71f2c0a4f6b4,3,PLs
eqbench4,147f135d-be24-4a21-8c83-e17989e0b998,3,MSc
eqbench4,147f135d-be24-4a21-8c83-e17989e0b998,4,MSm
eqbench4,147f135d-be24-4a21-8c83-e17989e0b998,3,PLe
eqbench4,147f135d-be24-4a21-8c83-e17989e0b998,2,PLp
eqbench4,147f135d-be24-4a21-8c83-e17989e0b998,3,PLs
eqbench4,16a756cc-843d-4a81-a533-5a9f369fd731,3,MSc
eqbench4,16a756cc-843d-4a81-a533-5a9f369fd731,4,MSm
eqbench4,16a756cc-843d-4a81-a533-5a9f369fd731,3,PLe
eqbench4,16a756cc-843d-4a81-a533-5a9f369fd731,2,PLp
eqbench4,16a756cc-843d-4a81-a533-5a9f369fd731,3,PLs
eqbench4,196ea72f-6663-41e4-927a-fa75c2c23224,3,MSc
eqbench4,196ea72f-6663-41e4-927a-fa75c2c23224,4,MSm
eqbench4,196ea72f-6663-41e4-927a-fa75c2c23224,3,PLe
eqbench4,196ea72f-6663-41e4-927a-fa75c2c23224,2,PLp
eqbench4,196ea72f-6663-41e4-927a-fa75c2c23224,3,PLs
eqbench4,1a07e5bd-2ce4-4d22-b904-61f05799986f,3,MSc
eqbench4,1a07e5bd-2ce4-4d22-b904-61f05799986f,4,MSm
eqbench4,1a07e5bd-2ce4-4d22-b904-61f05799986f,3,PLe
eqbench4,1a07e5bd-2ce4-4d22-b904-61f05799986f,3,PLp
eqbench4,1a07e5bd-2ce4-4d22-b904-61f05799986f,3,PLs
eqbench4,1d7587b2-0869-4220-ba5d-ef26a5364df6,3,MSc
eqbench4,1d7587b2-0869-4220-ba5d-ef26a5364df6,4,MSm
eqbench4,1d7587b2-0869-4220-ba5d-ef26a5364df6,3,PLe
eqbench4,1d7587b2-0869-4220-ba5d-ef26a5364df6,2,PLp
eqbench4,1d7587b2-0869-4220-ba5d-ef26a5364df6,3,PLs
eqbench4,1de8c7d5-00b8-48c1-841c-896e43de4771,3,MSc
eqbench4,1de8c7d5-00b8-48c1-841c-896e43de4771,4,MSm
eqbench4,1de8c7d5-00b8-48c1-841c-896e43de4771,3,PLe
eqbench4,1de8c7d5-00b8-48c1-841c-896e43de4771,3,PLp
eqbench4,1de8c7d5-00b8-48c1-841c-896e43de4771,3,PLs
eqbench4,1e846791-16e1-4958-a1b4-23963a1c93da,3,MSc
eqbench4,1e846791-16e1-4958-a1b4-23963a1c93da,4,MSm
eqbench4,1e846791-16e1-4958-a1b4-23963a1c93da,3,PLe
eqbench4,1e846791-16e1-4958-a1b4-23963a1c93da,3,PLp
eqbench4,1e846791-16e1-4958-a1b4-23963a1c93da,3,PLs
eqbench4,248ad74c-a32f-40dc-b744-e303f3c08408,3,MSc
eqbench4,248ad74c-a32f-40dc-b744-e303f3c08408,4,MSm
eqbench4,248ad74c-a32f-40dc-b744-e303f3c08408,3,PLe
eqbench4,248ad74c-a32f-40dc-b744-e303f3c08408,2,PLp
eqbench4,248ad74c-a32f-40dc-b744-e303f3c08408,3,PLs
eqbench4,2eb2e0bc-c4db-4eb1-b7f1-de328f778933,3,MSc
eqbench4,2eb2e0bc-c4db-4eb1-b7f1-de328f778933,4,MSm
eqbench4,2eb2e0bc-c4db-4eb1-b7f1-de328f778933,3,PLe
eqbench4,2eb2e0bc-c4db-4eb1-b7f1-de328f778933,2,PLp
eqbench4,2eb2e0bc-c4db-4eb1-b7f1-de328f778933,3,PLs
eqbench4,396ee5af-fc78-4a72-9dfa-0fa1b6647a92,3,MSc
eqbench4,396ee5af-fc78-4a72-9dfa-0fa1b6647a92,4,MSm
eqbench4,396ee5af-fc78-4a72-9dfa-0fa1b6647a92,3,PLe
eqbench4,396ee5af-fc78-4a72-9dfa-0fa1b6647a92,2,PLp
eqbench4,396ee5af-fc78-4a72-9dfa-0fa1b6647a92,3,PLs
eqbench4,39e61933-e10b-4474-a97f-8ec6f7cb9474,3,MSc
eqbench4,39e61933-e10b-4474-a97f-8ec6f7cb9474,4,MSm
eqbench4,39e61933-e10b-4474-a97f-8ec6f7cb9474,3,PLe
eqbench4,39e61933-e10b-4474-a97f-8ec6f7cb9474,2,PLp
eqbench4,39e61933-e10b-4474-a97f-8ec6f7cb9474,3,PLs
eqbench4,414b08f4-02be-41ce-8eba-d03ad778d4dc,3,MSc
eqbench4,414b08f4-02be-41ce-8eba-d03ad778d4dc,4,MSm
eqbench4,414b08f4-02be-41ce-8eba-d03ad778d4dc,3,PLe
eqbench4,414b08f4-02be-41ce-8eba-d03ad778d4dc,3,PLp
eqbench4,414b08f4-02be-41ce-8eba-d03ad778d4dc,3,PLs
eqbench4,4635d911-adac-4d2d-a273-1b4418a1b780,3,MSc
eqbench4,4635d911-adac-4d2d-a273-1b4418a1b780,4,MSm
eqbench4,4635d911-adac-4d2d-a273-1b4418a1b780,3,PLe
eqbench4,4635d911-adac-4d2d-a273-1b4418a1b780,2,PLp
eqbench4,4635d911-adac-4d2d-a273-1b4418a1b780,3,PLs
eqbench4,4e433720-62d9-4f2a-97d8-f8b851ef487d,3,MSc
eqbench4,4e433720-62d9-4f2a-97d8-f8b851ef487d,4,MSm
eqbench4,4e433720-62d9-4f2a-97d8-f8b851ef487d,3,PLe
eqbench4,4e433720-62d9-4f2a-97d8-f8b851ef487d,2,PLp
eqbench4,4e433720-62d9-4f2a-97d8-f8b851ef487d,3,PLs
eqbench4,54a275c8-7be6-41b2-a867-a3b94ffe072f,3,MSc
eqbench4,54a275c8-7be6-41b2-a867-a3b94ffe072f,4,MSm
eqbench4,54a275c8-7be6-41b2-a867-a3b94ffe072f,3,PLe
eqbench4,54a275c8-7be6-41b2-a867-a3b94ffe072f,2,PLp
eqbench4,54a275c8-7be6-41b2-a867-a3b94ffe072f,3,PLs
eqbench4,554550c2-299b-4936-bcf2-6f1eb0d245e7,3,MSc
eqbench4,554550c2-299b-4936-bcf2-6f1eb0d245e7,4,MSm
eqbench4,554550c2-299b-4936-bcf2-6f1eb0d245e7,3,PLe
eqbench4,554550c2-299b-4936-bcf2-6f1eb0d245e7,2,PLp
eqbench4,554550c2-299b-4936-bcf2-6f1eb0d245e7,3,PLs
eqbench4,555af26c-994f-4ae1-9056-475fb3f5473a,3,MSc
eqbench4,555af26c-994f-4ae1-9056-475fb3f5473a,4,MSm
eqbench4,555af26c-994f-4ae1-9056-475fb3f5473a,3,PLe
eqbench4,555af26c-994f-4ae1-9056-475fb3f5473a,2,PLp
eqbench4,555af26c-994f-4ae1-9056-475fb3f5473a,3,PLs
eqbench4,58739507-f06a-418d-a53f-dda056a0c05d,3,MSc
eqbench4,58739507-f06a-418d-a53f-dda056a0c05d,4,MSm
eqbench4,58739507-f06a-418d-a53f-dda056a0c05d,3,PLe
eqbench4,58739507-f06a-418d-a53f-dda056a0c05d,2,PLp
eqbench4,58739507-f06a-418d-a53f-dda056a0c05d,3,PLs
eqbench4,5acf5f76-8319-4e41-8af7-ad57ea3c2ef0,3,MSc
eqbench4,5acf5f76-8319-4e41-8af7-ad57ea3c2ef0,4,MSm
eqbench4,5acf5f76-8319-4e41-8af7-ad57ea3c2ef0,3,PLe
eqbench4,5acf5f76-8319-4e41-8af7-ad57ea3c2ef0,2,PLp
eqbench4,5acf5f76-8319-4e41-8af7-ad57ea3c2ef0,3,PLs
eqbench4,5b926966-cfc3-42b3-9f1e-82fa77f77908,3,MSc
eqbench4,5b926966-cfc3-42b3-9f1e-82fa77f77908,4,MSm
eqbench4,5b926966-cfc3-42b3-9f1e-82fa77f77908,3,PLe
eqbench4,5b926966-cfc3-42b3-9f1e-82fa77f77908,2,PLp
eqbench4,5b926966-cfc3-42b3-9f1e-82fa77f77908,3,PLs
eqbench4,6a2b41be-2350-45d1-be21-275dacb1ae6c,3,MSc
eqbench4,6a2b41be-2350-45d1-be21-275dacb1ae6c,4,MSm
eqbench4,6a2b41be-2350-45d1-be21-275dacb1ae6c,3,PLe
eqbench4,6a2b41be-2350-45d1-be21-275dacb1ae6c,3,PLp
eqbench4,6a2b41be-2350-45d1-be21-275dacb1ae6c,3,PLs
eqbench4,6c2fbc51-b412-4ceb-8042-a6bc2f5d78ef,3,MSc
eqbench4,6c2fbc51-b412-4ceb-8042-a6bc2f5d78ef,4,MSm
eqbench4,6c2fbc51-b412-4ceb-8042-a6bc2f5d78ef,3,PLe
eqbench4,6c2fbc51-b412-4ceb-8042-a6bc2f5d78ef,2,PLp
eqbench4,6c2fbc51-b412-4ceb-8042-a6bc2f5d78ef,3,PLs
eqbench4,6fa2dff8-42f5-4444-a701-07f2d0482d0c,3,MSc
eqbench4,6fa2dff8-42f5-4444-a701-07f2d0482d0c,4,MSm
eqbench4,6fa2dff8-42f5-4444-a701-07f2d0482d0c,3,PLe
eqbench4,6fa2dff8-42f5-4444-a701-07f2d0482d0c,2,PLp
eqbench4,6fa2dff8-42f5-4444-a701-07f2d0482d0c,3,PLs
eqbench4,7c1ccaaa-865e-4932-8053-12b41a4c945c,3,MSc
eqbench4,7c1ccaaa-865e-4932-8053-12b41a4c945c,4,MSm
eqbench4,7c1ccaaa-865e-4932-8053-12b41a4c945c,3,PLe
eqbench4,7c1ccaaa-865e-4932-8053-12b41a4c945c,2,PLp
eqbench4,7c1ccaaa-865e-4932-8053-12b41a4c945c,3,PLs
eqbench4,7c41dbd1-75da-4cd4-9d12-851479cc9305,3,MSc
eqbench4,7c41dbd1-75da-4cd4-9d12-851479cc9305,4,MSm
eqbench4,7c41dbd1-75da-4cd4-9d12-851479cc9305,3,PLe
eqbench4,7c41dbd1-75da-4cd4-9d12-851479cc9305,2,PLp
eqbench4,7c41dbd1-75da-4cd4-9d12-851479cc9305,3,PLs
eqbench4,7eae5ed8-1a64-4d71-9108-a450f0d8f7c0,3,MSc
eqbench4,7eae5ed8-1a64-4d71-9108-a450f0d8f7c0,4,MSm
eqbench4,7eae5ed8-1a64-4d71-9108-a450f0d8f7c0,3,PLe
eqbench4,7eae5ed8-1a64-4d71-9108-a450f0d8f7c0,3,PLp
eqbench4,7eae5ed8-1a64-4d71-9108-a450f0d8f7c0,3,PLs
eqbench4,81987fa3-e5c6-4926-b940-c576009b9075,3,MSc
eqbench4,81987fa3-e5c6-4926-b940-c576009b9075,4,MSm
eqbench4,81987fa3-e5c6-4926-b940-c576009b9075,3,PLe
eqbench4,81987fa3-e5c6-4926-b940-c576009b9075,2,PLp
eqbench4,81987fa3-e5c6-4926-b940-c576009b9075,3,PLs
eqbench4,8d85ff6f-0a92-4d59-862d-21dc419965b9,3,MSc
eqbench4,8d85ff6f-0a92-4d59-862d-21dc419965b9,4,MSm
eqbench4,8d85ff6f-0a92-4d59-862d-21dc419965b9,3,PLe
eqbench4,8d85ff6f-0a92-4d59-862d-21dc419965b9,2,PLp
eqbench4,8d85ff6f-0a92-4d59-862d-21dc419965b9,3,PLs
eqbench4,8e40ff8c-6fb0-4318-be6a-81b5f279daea,3,MSc
eqbench4,8e40ff8c-6fb0-4318-be6a-81b5f279daea,4,MSm
eqbench4,8e40ff8c-6fb0-4318-be6a-81b5f279daea,3,PLe
eqbench4,8e40ff8c-6fb0-4318-be6a-81b5f279daea,2,PLp
eqbench4,8e40ff8c-6fb0-4318-be6a-81b5f279daea,3,PLs
eqbench4,92335f64-d39c-4d7c-b0f2-1a859bf9c0c6,3,MSc
eqbench4,92335f64-d39c-4d7c-b0f2-1a859bf9c0c6,4,MSm
eqbench4,92335f64-d39c-4d7c-b0f2-1a859bf9c0c6,3,PLe
eqbench4,92335f64-d39c-4d7c-b0f2-1a859bf9c0c6,2,PLp
eqbench4,92335f64-d39c-4d7c-b0f2-1a859bf9c0c6,3,PLs
eqbench4,93e2f3a8-eac7-4d51-8212-0a8b04fbf551,3,MSc
eqbench4,93e2f3a8-eac7-4d51-8212-0a8b04fbf551,4,MSm
eqbench4,93e2f3a8-eac7-4d51-8212-0a8b04fbf551,3,PLe
eqbench4,93e2f3a8-eac7-4d51-8212-0a8b04fbf551,2,PLp
eqbench4,93e2f3a8-eac7-4d51-8212-0a8b04fbf551,3,PLs
eqbench4,9658b0c0-d620-4bc4-85a0-1b8e40f42dea,3,MSc
eqbench4,9658b0c0-d620-4bc4-85a0-1b8e40f42dea,4,MSm
eqbench4,9658b0c0-d620-4bc4-85a0-1b8e40f42dea,3,PLe
eqbench4,9658b0c0-d620-4bc4-85a0-1b8e40f42dea,2,PLp
eqbench4,9658b0c0-d620-4bc4-85a0-1b8e40f42dea,3,PLs
eqbench4,9b06bf34-f5ac-4d1d-ad5f-a7fcbd3aad80,3,MSc
eqbench4,9b06bf34-f5ac-4d1d-ad5f-a7fcbd3aad80,4,MSm
eqbench4,9b06bf34-f5ac-4d1d-ad5f-a7fcbd3aad80,3,PLe
eqbench4,9b06bf34-f5ac-4d1d-ad5f-a7fcbd3aad80,2,PLp
eqbench4,9b06bf34-f5ac-4d1d-ad5f-a7fcbd3aad80,3,PLs
eqbench4,9b1ff062-d744-4114-a229-d61c6ffc3be3,3,MSc
eqbench4,9b1ff062-d744-4114-a229-d61c6ffc3be3,4,MSm
eqbench4,9b1ff062-d744-4114-a229-d61c6ffc3be3,3,PLe
eqbench4,9b1ff062-d744-4114-a229-d61c6ffc3be3,2,PLp
eqbench4,9b1ff062-d744-4114-a229-d61c6ffc3be3,3,PLs
eqbench4,a5b76777-d3c9-41c5-8cea-2a936a907a35,3,MSc
eqbench4,a5b76777-d3c9-41c5-8cea-2a936a907a35,4,MSm
eqbench4,a5b76777-d3c9-41c5-8cea-2a936a907a35,3,PLe
eqbench4,a5b76777-d3c9-41c5-8cea-2a936a907a35,2,PLp
eqbench4,a5b76777-d3c9-41c5-8cea-2a936a907a35,3,PLs
eqbench4,a9396f4b-5a48-42b1-a114-cad378ea9dfb,3,MSc
eqbench4,a9396f4b-5a48-42b1-a114-cad378ea9dfb,4,MSm
eqbench4,a9396f4b-5a48-42b1-a114-cad378ea9dfb,3,PLe
eqbench4,a9396f4b-5a48-42b1-a114-cad378ea9dfb,2,PLp
eqbench4,a9396f4b-5a48-42b1-a114-cad378ea9dfb,3,PLs
eqbench4,abca3049-e252-4f94-9714-aec145b97ae7,3,MSc
eqbench4,abca3049-e252-4f94-9714-aec145b97ae7,4,MSm
eqbench4,abca3049-e252-4f94-9714-aec145b97ae7,3,PLe
eqbench4,abca3049-e252-4f94-9714-aec145b97ae7,2,PLp
eqbench4,abca3049-e252-4f94-9714-aec145b97ae7,3,PLs
eqbench4,b0a55afd-b761-4bff-baf1-3de3023ace0d,3,MSc
eqbench4,b0a55afd-b761-4bff-baf1-3de3023ace0d,4,MSm
eqbench4,b0a55afd-b761-4bff-baf1-3de3023ace0d,3,PLe
eqbench4,b0a55afd-b761-4bff-baf1-3de3023ace0d,2,PLp
eqbench4,b0a55afd-b761-4bff-baf1-3de3023ace0d,3,PLs
eqbench4,b64d652c-fdec-42db-bd3c-885c6f61d725,3,MSc
eqbench4,b64d652c-fdec-42db-bd3c-885c6f61d725,4,MSm
eqbench4,b64d652c-fdec-42db-bd3c-885c6f61d725,3,PLe
eqbench4,b64d652c-fdec-42db-bd3c-885c6f61d725,2,PLp
eqbench4,b64d652c-fdec-42db-bd3c-885c6f61d725,3,PLs
eqbench4,b7ef7679-854b-4582-9198-cba40f7e02e0,3,MSc
eqbench4,b7ef7679-854b-4582-9198-cba40f7e02e0,4,MSm
eqbench4,b7ef7679-854b-4582-9198-cba40f7e02e0,3,PLe
eqbench4,b7ef7679-854b-4582-9198-cba40f7e02e0,2,PLp
eqbench4,b7ef7679-854b-4582-9198-cba40f7e02e0,3,PLs
eqbench4,baff9126-7af8-4a58-bfbb-ce06dabf4406,3,MSc
eqbench4,baff9126-7af8-4a58-bfbb-ce06dabf4406,4,MSm
eqbench4,baff9126-7af8-4a58-bfbb-ce06dabf4406,3,PLe
eqbench4,baff9126-7af8-4a58-bfbb-ce06dabf4406,2,PLp
eqbench4,baff9126-7af8-4a58-bfbb-ce06dabf4406,3,PLs
eqbench4,bd499f41-893a-4e4a-9a78-2b5326d8f19c,3,MSc
eqbench4,bd499f41-893a-4e4a-9a78-2b5326d8f19c,4,MSm
eqbench4,bd499f41-893a-4e4a-9a78-2b5326d8f19c,3,PLe
eqbench4,bd499f41-893a-4e4a-9a78-2b5326d8f19c,3,PLp
eqbench4,bd499f41-893a-4e4a-9a78-2b5326d8f19c,3,PLs
eqbench4,c150978d-d96b-4a2e-980e-1fee6ab6faeb,3,MSc
eqbench4,c150978d-d96b-4a2e-980e-1fee6ab6faeb,4,MSm
eqbench4,c150978d-d96b-4a2e-980e-1fee6ab6faeb,3,PLe
eqbench4,c150978d-d96b-4a2e-980e-1fee6ab6faeb,2,PLp
eqbench4,c150978d-d96b-4a2e-980e-1fee6ab6faeb,3,PLs
eqbench4,c162e645-6a54-4ac4-93a6-4dcc389ffe49,3,MSc
eqbench4,c162e645-6a54-4ac4-93a6-4dcc389ffe49,4,MSm
eqbench4,c162e645-6a54-4ac4-93a6-4dcc389ffe49,3,PLe
eqbench4,c162e645-6a54-4ac4-93a6-4dcc389ffe49,2,PLp
eqbench4,c162e645-6a54-4ac4-93a6-4dcc389ffe49,3,PLs
eqbench4,c7f225ab-1d29-4b9a-b139-6286a3c9b4b0,3,MSc
eqbench4,c7f225ab-1d29-4b9a-b139-6286a3c9b4b0,4,MSm
eqbench4,c7f225ab-1d29-4b9a-b139-6286a3c9b4b0,3,PLe
eqbench4,c7f225ab-1d29-4b9a-b139-6286a3c9b4b0,2,PLp
eqbench4,c7f225ab-1d29-4b9a-b139-6286a3c9b4b0,3,PLs
eqbench4,cb96eb23-530b-4bbd-a3e8-1e3842f6d787,3,MSc
eqbench4,cb96eb23-530b-4bbd-a3e8-1e3842f6d787,4,MSm
eqbench4,cb96eb23-530b-4bbd-a3e8-1e3842f6d787,3,PLe
eqbench4,cb96eb23-530b-4bbd-a3e8-1e3842f6d787,2,PLp
eqbench4,cb96eb23-530b-4bbd-a3e8-1e3842f6d787,2,PLs
eqbench4,cdbbc88d-51ec-4627-9d45-72713a844873,3,MSc
eqbench4,cdbbc88d-51ec-4627-9d45-72713a844873,4,MSm
eqbench4,cdbbc88d-51ec-4627-9d45-72713a844873,3,PLe
eqbench4,cdbbc88d-51ec-4627-9d45-72713a844873,2,PLp
eqbench4,cdbbc88d-51ec-4627-9d45-72713a844873,3,PLs
eqbench4,ce168a88-30a6-4935-9f8e-3a493dddea34,3,MSc
eqbench4,ce168a88-30a6-4935-9f8e-3a493dddea34,4,MSm
eqbench4,ce168a88-30a6-4935-9f8e-3a493dddea34,3,PLe
eqbench4,ce168a88-30a6-4935-9f8e-3a493dddea34,2,PLp
eqbench4,ce168a88-30a6-4935-9f8e-3a493dddea34,2,PLs
eqbench4,cf4f898c-8674-4e69-8391-c32cce989b6a,3,MSc
eqbench4,cf4f898c-8674-4e69-8391-c32cce989b6a,4,MSm
eqbench4,cf4f898c-8674-4e69-8391-c32cce989b6a,3,PLe
eqbench4,cf4f898c-8674-4e69-8391-c32cce989b6a,2,PLp
eqbench4,cf4f898c-8674-4e69-8391-c32cce989b6a,3,PLs
eqbench4,d02bd044-7ca2-4751-9f43-58b9c6537f4b,3,MSc
eqbench4,d02bd044-7ca2-4751-9f43-58b9c6537f4b,4,MSm
eqbench4,d02bd044-7ca2-4751-9f43-58b9c6537f4b,3,PLe
eqbench4,d02bd044-7ca2-4751-9f43-58b9c6537f4b,2,PLp
eqbench4,d02bd044-7ca2-4751-9f43-58b9c6537f4b,3,PLs
eqbench4,d50dd97d-ee7d-4003-82cb-361f5b770057,3,MSc
eqbench4,d50dd97d-ee7d-4003-82cb-361f5b770057,4,MSm
eqbench4,d50dd97d-ee7d-4003-82cb-361f5b770057,2,PLe
eqbench4,d50dd97d-ee7d-4003-82cb-361f5b770057,2,PLp
eqbench4,d50dd97d-ee7d-4003-82cb-361f5b770057,3,PLs
eqbench4,d72a623c-d546-4ec6-912e-2c7fe815e657,3,MSc
eqbench4,d72a623c-d546-4ec6-912e-2c7fe815e657,4,MSm
eqbench4,d72a623c-d546-4ec6-912e-2c7fe815e657,3,PLe
eqbench4,d72a623c-d546-4ec6-912e-2c7fe815e657,2,PLp
eqbench4,d72a623c-d546-4ec6-912e-2c7fe815e657,3,PLs
eqbench4,e6179553-2e6b-4cf5-853b-71e8c7b7580c,3,MSc
eqbench4,e6179553-2e6b-4cf5-853b-71e8c7b7580c,4,MSm
eqbench4,e6179553-2e6b-4cf5-853b-71e8c7b7580c,3,PLe
eqbench4,e6179553-2e6b-4cf5-853b-71e8c7b7580c,2,PLp
eqbench4,e6179553-2e6b-4cf5-853b-71e8c7b7580c,3,PLs
eqbench4,f117117a-d5e3-4b82-bd5e-e61a6d4587df,3,MSc
eqbench4,f117117a-d5e3-4b82-bd5e-e61a6d4587df,4,MSm
eqbench4,f117117a-d5e3-4b82-bd5e-e61a6d4587df,3,PLe
eqbench4,f117117a-d5e3-4b82-bd5e-e61a6d4587df,2,PLp
eqbench4,f117117a-d5e3-4b82-bd5e-e61a6d4587df,3,PLs
eqbench4,f212c769-f88e-4a34-9118-5d83a804e073,3,MSc
eqbench4,f212c769-f88e-4a34-9118-5d83a804e073,4,MSm
eqbench4,f212c769-f88e-4a34-9118-5d83a804e073,3,PLe
eqbench4,f212c769-f88e-4a34-9118-5d83a804e073,2,PLp
eqbench4,f212c769-f88e-4a34-9118-5d83a804e073,3,PLs
eqbench4,f8d0ba6c-ff71-4d87-bb10-2c39242328af,3,MSc
eqbench4,f8d0ba6c-ff71-4d87-bb10-2c39242328af,4,MSm
eqbench4,f8d0ba6c-ff71-4d87-bb10-2c39242328af,3,PLe
eqbench4,f8d0ba6c-ff71-4d87-bb10-2c39242328af,2,PLp
eqbench4,f8d0ba6c-ff71-4d87-bb10-2c39242328af,2,PLs
eqbench4,fc54e5cc-4142-4cc4-883c-f41263c72bca,3,MSc
eqbench4,fc54e5cc-4142-4cc4-883c-f41263c72bca,4,MSm
eqbench4,fc54e5cc-4142-4cc4-883c-f41263c72bca,3,PLe
eqbench4,fc54e5cc-4142-4cc4-883c-f41263c72bca,2,PLp
eqbench4,fc54e5cc-4142-4cc4-883c-f41263c72bca,3,PLs
eqbench4,hand_eta_001_dominance_respecting_bully_e619426b,4,MSc
eqbench4,hand_eta_001_dominance_respecting_bully_e619426b,4,MSm
eqbench4,hand_eta_001_dominance_respecting_bully_e619426b,3,PLe
eqbench4,hand_eta_001_dominance_respecting_bully_e619426b,2,PLp
eqbench4,hand_eta_001_dominance_respecting_bully_e619426b,3,PLs
eqbench4,hand_eta_002_shame_armored_aggressor_95193d37,3,MSc
eqbench4,hand_eta_002_shame_armored_aggressor_95193d37,4,MSm
eqbench4,hand_eta_002_shame_armored_aggressor_95193d37,3,PLe
eqbench4,hand_eta_002_shame_armored_aggressor_95193d37,2,PLp
eqbench4,hand_eta_002_shame_armored_aggressor_95193d37,3,PLs
eqbench4,hand_eta_003_litigator_73ac4f87,4,MSc
eqbench4,hand_eta_003_litigator_73ac4f87,4,MSm
eqbench4,hand_eta_003_litigator_73ac4f87,3,PLe
eqbench4,hand_eta_003_litigator_73ac4f87,3,PLp
eqbench4,hand_eta_003_litigator_73ac4f87,3,PLs
eqbench4,hand_eta_004_charismatic_self_justifier_2ca0ef27,4,MSc
eqbench4,hand_eta_004_charismatic_self_justifier_2ca0ef27,4,MSm
eqbench4,hand_eta_004_charismatic_self_justifier_2ca0ef27,3,PLe
eqbench4,hand_eta_004_charismatic_self_justifier_2ca0ef27,2,PLp
eqbench4,hand_eta_004_charismatic_self_justifier_2ca0ef27,3,PLs
eqbench4,hand_eta_005_control_oriented_protector_4d4051b3,4,MSc
eqbench4,hand_eta_005_control_oriented_protector_4d4051b3,4,MSm
eqbench4,hand_eta_005_control_oriented_protector_4d4051b3,3,PLe
eqbench4,hand_eta_005_control_oriented_protector_4d4051b3,2,PLp
eqbench4,hand_eta_005_control_oriented_protector_4d4051b3,3,PLs
eqbench4,hand_eta_006_status_injured_retaliator_bbd4bc5b,4,MSc
eqbench4,hand_eta_006_status_injured_retaliator_bbd4bc5b,4,MSm
eqbench4,hand_eta_006_status_injured_retaliator_bbd4bc5b,3,PLe
eqbench4,hand_eta_006_status_injured_retaliator_bbd4bc5b,2,PLp
eqbench4,hand_eta_006_status_injured_retaliator_bbd4bc5b,3,PLs
eqbench4,hand_eta_007_grievance_collector_bf993703,3,MSc
eqbench4,hand_eta_007_grievance_collector_bf993703,4,MSm
eqbench4,hand_eta_007_grievance_collector_bf993703,3,PLe
eqbench4,hand_eta_007_grievance_collector_bf993703,3,PLp
eqbench4,hand_eta_007_grievance_collector_bf993703,3,PLs
eqbench4,hand_eta_008_faux_accountable_performer_c52974b1,4,MSc
eqbench4,hand_eta_008_faux_accountable_performer_c52974b1,4,MSm
eqbench4,hand_eta_008_faux_accountable_performer_c52974b1,3,PLe
eqbench4,hand_eta_008_faux_accountable_performer_c52974b1,3,PLp
eqbench4,hand_eta_008_faux_accountable_performer_c52974b1,3,PLs
eqbench4,hand_eta_009_transactional_realist_1f56dc76,4,MSc
eqbench4,hand_eta_009_transactional_realist_1f56dc76,4,MSm
eqbench4,hand_eta_009_transactional_realist_1f56dc76,3,PLe
eqbench4,hand_eta_009_transactional_realist_1f56dc76,3,PLp
eqbench4,hand_eta_009_transactional_realist_1f56dc76,2,PLs
eqbench4,hand_eta_010_rejection_tester_c56cc8e6,3,MSc
eqbench4,hand_eta_010_rejection_tester_c56cc8e6,4,MSm
eqbench4,hand_eta_010_rejection_tester_c56cc8e6,3,PLe
eqbench4,hand_eta_010_rejection_tester_c56cc8e6,3,PLp
eqbench4,hand_eta_010_rejection_tester_c56cc8e6,3,PLs
eqbench4,hand_eta_011_authority_defiant_c8870da2,4,MSc
eqbench4,hand_eta_011_authority_defiant_c8870da2,4,MSm
eqbench4,hand_eta_011_authority_defiant_c8870da2,3,PLe
eqbench4,hand_eta_011_authority_defiant_c8870da2,2,PLp
eqbench4,hand_eta_011_authority_defiant_c8870da2,3,PLs
eqbench4,hand_eta_012_image_manager_bf670485,3,MSc
eqbench4,hand_eta_012_image_manager_bf670485,4,MSm
eqbench4,hand_eta_012_image_manager_bf670485,3,PLe
eqbench4,hand_eta_012_image_manager_bf670485,2,PLp
eqbench4,hand_eta_012_image_manager_bf670485,2,PLs
eqbench4,hand_eta_013_remorse_avoidant_minimizer_edd8229f,3,MSc
eqbench4,hand_eta_013_remorse_avoidant_minimizer_edd8229f,4,MSm
eqbench4,hand_eta_013_remorse_avoidant_minimizer_edd8229f,3,PLe
eqbench4,hand_eta_013_remorse_avoidant_minimizer_edd8229f,2,PLp
eqbench4,hand_eta_013_remorse_avoidant_minimizer_edd8229f,3,PLs
eqbench4,hand_eta_014_boundary_confused_retaliator_a51cf399,4,MSc
eqbench4,hand_eta_014_boundary_confused_retaliator_a51cf399,4,MSm
eqbench4,hand_eta_014_boundary_confused_retaliator_a51cf399,3,PLe
eqbench4,hand_eta_014_boundary_confused_retaliator_a51cf399,3,PLp
eqbench4,hand_eta_014_boundary_confused_retaliator_a51cf399,3,PLs
eqbench4,hand_eta_015_overcorrecting_self_blamer_3398c159,3,MSc
eqbench4,hand_eta_015_overcorrecting_self_blamer_3398c159,4,MSm
eqbench4,hand_eta_015_overcorrecting_self_blamer_3398c159,3,PLe
eqbench4,hand_eta_015_overcorrecting_self_blamer_3398c159,2,PLp
eqbench4,hand_eta_015_overcorrecting_self_blamer_3398c159,3,PLs
eqbench4,hand_pin_001_landlord_verbal_increase_518ff0de,4,MSc
eqbench4,hand_pin_001_landlord_verbal_increase_518ff0de,4,MSm
eqbench4,hand_pin_001_landlord_verbal_increase_518ff0de,3,PLe
eqbench4,hand_pin_001_landlord_verbal_increase_518ff0de,2,PLp
eqbench4,hand_pin_001_landlord_verbal_increase_518ff0de,3,PLs
eqbench4,hand_pin_002_manager_performance_concern_7c6f1379,4,MSc
eqbench4,hand_pin_002_manager_performance_concern_7c6f1379,4,MSm
eqbench4,hand_pin_002_manager_performance_concern_7c6f1379,3,PLe
eqbench4,hand_pin_002_manager_performance_concern_7c6f1379,2,PLp
eqbench4,hand_pin_002_manager_performance_concern_7c6f1379,3,PLs
eqbench4,hand_pin_003_professor_recommendation_boundary_22a7f797,4,MSc
eqbench4,hand_pin_003_professor_recommendation_boundary_22a7f797,4,MSm
eqbench4,hand_pin_003_professor_recommendation_boundary_22a7f797,3,PLe
eqbench4,hand_pin_003_professor_recommendation_boundary_22a7f797,3,PLp
eqbench4,hand_pin_003_professor_recommendation_boundary_22a7f797,3,PLs
eqbench4,hand_pin_004_client_scope_flexibility_ae74e109,4,MSc
eqbench4,hand_pin_004_client_scope_flexibility_ae74e109,4,MSm
eqbench4,hand_pin_004_client_scope_flexibility_ae74e109,3,PLe
eqbench4,hand_pin_004_client_scope_flexibility_ae74e109,2,PLp
eqbench4,hand_pin_004_client_scope_flexibility_ae74e109,3,PLs
eqbench4,hand_pin_005_care_home_administrator_c4f5cf98,4,MSc
eqbench4,hand_pin_005_care_home_administrator_c4f5cf98,4,MSm
eqbench4,hand_pin_005_care_home_administrator_c4f5cf98,3,PLe
eqbench4,hand_pin_005_care_home_administrator_c4f5cf98,3,PLp
eqbench4,hand_pin_005_care_home_administrator_c4f5cf98,3,PLs
eqbench4,hand_pin_009_parent_bank_access_640787ad,4,MSc
eqbench4,hand_pin_009_parent_bank_access_640787ad,4,MSm
eqbench4,hand_pin_009_parent_bank_access_640787ad,3,PLe
eqbench4,hand_pin_009_parent_bank_access_640787ad,2,PLp
eqbench4,hand_pin_009_parent_bank_access_640787ad,3,PLs
eqbench4,hand_pin_011_senior_engineer_credit_2ca06e1b,4,MSc
eqbench4,hand_pin_011_senior_engineer_credit_2ca06e1b,4,MSm
eqbench4,hand_pin_011_senior_engineer_credit_2ca06e1b,3,PLe
eqbench4,hand_pin_011_senior_engineer_credit_2ca06e1b,3,PLp
eqbench4,hand_pin_011_senior_engineer_credit_2ca06e1b,3,PLs
eqbench4,hand_pin_012_benefits_officer_forms_0df65c56,4,MSc
eqbench4,hand_pin_012_benefits_officer_forms_0df65c56,4,MSm
eqbench4,hand_pin_012_benefits_officer_forms_0df65c56,3,PLe
eqbench4,hand_pin_012_benefits_officer_forms_0df65c56,2,PLp
eqbench4,hand_pin_012_benefits_officer_forms_0df65c56,3,PLs
eqbench4,hand_pin_013_founder_equity_promise_f38f5d4b,4,MSc
eqbench4,hand_pin_013_founder_equity_promise_f38f5d4b,4,MSm
eqbench4,hand_pin_013_founder_equity_promise_f38f5d4b,3,PLe
eqbench4,hand_pin_013_founder_equity_promise_f38f5d4b,3,PLp
eqbench4,hand_pin_013_founder_equity_promise_f38f5d4b,3,PLs
eqbench4,hand_pin_014_school_principal_patience_3789d34e,4,MSc
eqbench4,hand_pin_014_school_principal_patience_3789d34e,4,MSm
eqbench4,hand_pin_014_school_principal_patience_3789d34e,3,PLe
eqbench4,hand_pin_014_school_principal_patience_3789d34e,2,PLp
eqbench4,hand_pin_014_school_principal_patience_3789d34e,3,PLs
eqbench4,hand_pin_015_consulting_client_tone_1692a961,4,MSc
eqbench4,hand_pin_015_consulting_client_tone_1692a961,4,MSm
eqbench4,hand_pin_015_consulting_client_tone_1692a961,3,PLe
eqbench4,hand_pin_015_consulting_client_tone_1692a961,2,PLp
eqbench4,hand_pin_015_consulting_client_tone_1692a961,3,PLs
eqbench4,hand_pin_016_pi_authorship_realism_7740e9d6,4,MSc
eqbench4,hand_pin_016_pi_authorship_realism_7740e9d6,4,MSm
eqbench4,hand_pin_016_pi_authorship_realism_7740e9d6,3,PLe
eqbench4,hand_pin_016_pi_authorship_realism_7740e9d6,3,PLp
eqbench4,hand_pin_016_pi_authorship_realism_7740e9d6,3,PLs
eqbench4,hand_pin_017_hr_informal_question_fa7d0c13,4,MSc
eqbench4,hand_pin_017_hr_informal_question_fa7d0c13,4,MSm
eqbench4,hand_pin_017_hr_informal_question_fa7d0c13,3,PLe
eqbench4,hand_pin_017_hr_informal_question_fa7d0c13,3,PLp
eqbench4,hand_pin_017_hr_informal_question_fa7d0c13,3,PLs
eqbench4,hand_pin_018_family_patron_jokes_6f98eca8,4,MSc
eqbench4,hand_pin_018_family_patron_jokes_6f98eca8,4,MSm
eqbench4,hand_pin_018_family_patron_jokes_6f98eca8,3,PLe
eqbench4,hand_pin_018_family_patron_jokes_6f98eca8,3,PLp
eqbench4,hand_pin_018_family_patron_jokes_6f98eca8,3,PLs
eqbench4,hand_pin_019_condo_board_delay_6a5013fa,4,MSc
eqbench4,hand_pin_019_condo_board_delay_6a5013fa,4,MSm
eqbench4,hand_pin_019_condo_board_delay_6a5013fa,3,PLe
eqbench4,hand_pin_019_condo_board_delay_6a5013fa,3,PLp
eqbench4,hand_pin_019_condo_board_delay_6a5013fa,3,PLs
eqbench4,hand_rd2_001_retaliatory_manager_a84f28ca,4,MSc
eqbench4,hand_rd2_001_retaliatory_manager_a84f28ca,4,MSm
eqbench4,hand_rd2_001_retaliatory_manager_a84f28ca,3,PLe
eqbench4,hand_rd2_001_retaliatory_manager_a84f28ca,2,PLp
eqbench4,hand_rd2_001_retaliatory_manager_a84f28ca,3,PLs
eqbench4,hand_rd2_002_boundary_or_punishment_187c14a9,3,MSc
eqbench4,hand_rd2_002_boundary_or_punishment_187c14a9,4,MSm
eqbench4,hand_rd2_002_boundary_or_punishment_187c14a9,3,PLe
eqbench4,hand_rd2_002_boundary_or_punishment_187c14a9,2,PLp
eqbench4,hand_rd2_002_boundary_or_punishment_187c14a9,3,PLs
eqbench4,hand_rd2_003_productivity_detox_96e87afc,4,MSc
eqbench4,hand_rd2_003_productivity_detox_96e87afc,4,MSm
eqbench4,hand_rd2_003_productivity_detox_96e87afc,3,PLe
eqbench4,hand_rd2_003_productivity_detox_96e87afc,3,PLp
eqbench4,hand_rd2_003_productivity_detox_96e87afc,3,PLs
eqbench4,hand_rd2_004_workplace_detector_5248dc1b,3,MSc
eqbench4,hand_rd2_004_workplace_detector_5248dc1b,4,MSm
eqbench4,hand_rd2_004_workplace_detector_5248dc1b,3,PLe
eqbench4,hand_rd2_004_workplace_detector_5248dc1b,3,PLp
eqbench4,hand_rd2_004_workplace_detector_5248dc1b,3,PLs
eqbench4,hand_rd2_006_moral_exile_094ffa78,3,MSc
eqbench4,hand_rd2_006_moral_exile_094ffa78,4,MSm
eqbench4,hand_rd2_006_moral_exile_094ffa78,3,PLe
eqbench4,hand_rd2_006_moral_exile_094ffa78,3,PLp
eqbench4,hand_rd2_006_moral_exile_094ffa78,3,PLs
eqbench4,hand_rd2_007_health_forum_certainty_7df40385,4,MSc
eqbench4,hand_rd2_007_health_forum_certainty_7df40385,4,MSm
eqbench4,hand_rd2_007_health_forum_certainty_7df40385,3,PLe
eqbench4,hand_rd2_007_health_forum_certainty_7df40385,3,PLp
eqbench4,hand_rd2_007_health_forum_certainty_7df40385,3,PLs
eqbench4,hand_rd2_009_activist_purity_c9f512a3,4,MSc
eqbench4,hand_rd2_009_activist_purity_c9f512a3,4,MSm
eqbench4,hand_rd2_009_activist_purity_c9f512a3,3,PLe
eqbench4,hand_rd2_009_activist_purity_c9f512a3,2,PLp
eqbench4,hand_rd2_009_activist_purity_c9f512a3,3,PLs
eqbench4,hand_rd2_010_family_accountant_dcf32ab0,3,MSc
eqbench4,hand_rd2_010_family_accountant_dcf32ab0,4,MSm
eqbench4,hand_rd2_010_family_accountant_dcf32ab0,3,PLe
eqbench4,hand_rd2_010_family_accountant_dcf32ab0,2,PLp
eqbench4,hand_rd2_010_family_accountant_dcf32ab0,3,PLs
eqbench4,hand_rd2_011_teacher_targeted_e93b3f5a,3,MSc
eqbench4,hand_rd2_011_teacher_targeted_e93b3f5a,4,MSm
eqbench4,hand_rd2_011_teacher_targeted_e93b3f5a,3,PLe
eqbench4,hand_rd2_011_teacher_targeted_e93b3f5a,3,PLp
eqbench4,hand_rd2_011_teacher_targeted_e93b3f5a,3,PLs
eqbench4,hand_rd2_012_clean_eater_201a9fa4,3,MSc
eqbench4,hand_rd2_012_clean_eater_201a9fa4,4,MSm
eqbench4,hand_rd2_012_clean_eater_201a9fa4,3,PLe
eqbench4,hand_rd2_012_clean_eater_201a9fa4,3,PLp
eqbench4,hand_rd2_012_clean_eater_201a9fa4,3,PLs
eqbench4,hand_rd2_013_startup_conspiracy_5bdac9fb,4,MSc
eqbench4,hand_rd2_013_startup_conspiracy_5bdac9fb,4,MSm
eqbench4,hand_rd2_013_startup_conspiracy_5bdac9fb,3,PLe
eqbench4,hand_rd2_013_startup_conspiracy_5bdac9fb,3,PLp
eqbench4,hand_rd2_013_startup_conspiracy_5bdac9fb,3,PLs
eqbench4,hand_rd2_014_partner_tracking_f6762d46,4,MSc
eqbench4,hand_rd2_014_partner_tracking_f6762d46,4,MSm
eqbench4,hand_rd2_014_partner_tracking_f6762d46,3,PLe
eqbench4,hand_rd2_014_partner_tracking_f6762d46,2,PLp
eqbench4,hand_rd2_014_partner_tracking_f6762d46,3,PLs
eqbench4,hand_rd2_017_neighbor_campaign_76f83768,3,MSc
eqbench4,hand_rd2_017_neighbor_campaign_76f83768,4,MSm
eqbench4,hand_rd2_017_neighbor_campaign_76f83768,3,PLe
eqbench4,hand_rd2_017_neighbor_campaign_76f83768,2,PLp
eqbench4,hand_rd2_017_neighbor_campaign_76f83768,3,PLs
eqbench4,hand_rd2_019_friend_group_reads_d5617bae,3,MSc
eqbench4,hand_rd2_019_friend_group_reads_d5617bae,4,MSm
eqbench4,hand_rd2_019_friend_group_reads_d5617bae,3,PLe
eqbench4,hand_rd2_019_friend_group_reads_d5617bae,3,PLp
eqbench4,hand_rd2_019_friend_group_reads_d5617bae,3,PLs
eqbench4,hand_rd2_020_editorial_blacklist_b1cd4f4a,4,MSc
eqbench4,hand_rd2_020_editorial_blacklist_b1cd4f4a,4,MSm
eqbench4,hand_rd2_020_editorial_blacklist_b1cd4f4a,3,PLe
eqbench4,hand_rd2_020_editorial_blacklist_b1cd4f4a,2,PLp
eqbench4,hand_rd2_020_editorial_blacklist_b1cd4f4a,3,PLs
eqbench4,hand_se_002_warm_text_no_plans_aa4c05d3,4,MSc
eqbench4,hand_se_002_warm_text_no_plans_aa4c05d3,4,MSm
eqbench4,hand_se_002_warm_text_no_plans_aa4c05d3,3,PLe
eqbench4,hand_se_002_warm_text_no_plans_aa4c05d3,2,PLp
eqbench4,hand_se_002_warm_text_no_plans_aa4c05d3,3,PLs
eqbench4,hand_se_005_mentor_new_favorite_3d312f77,4,MSc
eqbench4,hand_se_005_mentor_new_favorite_3d312f77,4,MSm
eqbench4,hand_se_005_mentor_new_favorite_3d312f77,3,PLe
eqbench4,hand_se_005_mentor_new_favorite_3d312f77,2,PLp
eqbench4,hand_se_005_mentor_new_favorite_3d312f77,3,PLs
eqbench4,hand_se_006_work_clique_assumed_busy_fcc88b0c,4,MSc
eqbench4,hand_se_006_work_clique_assumed_busy_fcc88b0c,4,MSm
eqbench4,hand_se_006_work_clique_assumed_busy_fcc88b0c,3,PLe
eqbench4,hand_se_006_work_clique_assumed_busy_fcc88b0c,2,PLp
eqbench4,hand_se_006_work_clique_assumed_busy_fcc88b0c,3,PLs
eqbench4,hand_se_013_insecurity_running_joke_704adedb,4,MSc
eqbench4,hand_se_013_insecurity_running_joke_704adedb,4,MSm
eqbench4,hand_se_013_insecurity_running_joke_704adedb,3,PLe
eqbench4,hand_se_013_insecurity_running_joke_704adedb,2,PLp
eqbench4,hand_se_013_insecurity_running_joke_704adedb,3,PLs
eqbench4,hand_se_014_backup_invite_after_cancel_fd168118,4,MSc
eqbench4,hand_se_014_backup_invite_after_cancel_fd168118,5,MSm
eqbench4,hand_se_014_backup_invite_after_cancel_fd168118,3,PLe
eqbench4,hand_se_014_backup_invite_after_cancel_fd168118,2,PLp
eqbench4,hand_se_014_backup_invite_after_cancel_fd168118,3,PLs
eqbench4,hand_se_017_boundaries_weaponized_cf84ef6f,3,MSc
eqbench4,hand_se_017_boundaries_weaponized_cf84ef6f,4,MSm
eqbench4,hand_se_017_boundaries_weaponized_cf84ef6f,3,PLe
eqbench4,hand_se_017_boundaries_weaponized_cf84ef6f,2,PLp
eqbench4,hand_se_017_boundaries_weaponized_cf84ef6f,3,PLs
eqbench4,hand_se_018_social_leader_backup_46962bed,4,MSc
eqbench4,hand_se_018_social_leader_backup_46962bed,4,MSm
eqbench4,hand_se_018_social_leader_backup_46962bed,3,PLe
eqbench4,hand_se_018_social_leader_backup_46962bed,3,PLp
eqbench4,hand_se_018_social_leader_backup_46962bed,3,PLs
eqbench4,hand_se_020_apology_price_of_warmth_62a946b6,4,MSc
eqbench4,hand_se_020_apology_price_of_warmth_62a946b6,4,MSm
eqbench4,hand_se_020_apology_price_of_warmth_62a946b6,3,PLe
eqbench4,hand_se_020_apology_price_of_warmth_62a946b6,2,PLp
eqbench4,hand_se_020_apology_price_of_warmth_62a946b6,3,PLs
eqbench4,hand_se_021_reputation_quarantine_b3c5a583,4,MSc
eqbench4,hand_se_021_reputation_quarantine_b3c5a583,4,MSm
eqbench4,hand_se_021_reputation_quarantine_b3c5a583,3,PLe
eqbench4,hand_se_021_reputation_quarantine_b3c5a583,2,PLp
eqbench4,hand_se_021_reputation_quarantine_b3c5a583,3,PLs
eqbench4,hand_se_024_soft_demotion_to_safe_friend_85ec8c67,4,MSc
eqbench4,hand_se_024_soft_demotion_to_safe_friend_85ec8c67,4,MSm
eqbench4,hand_se_024_soft_demotion_to_safe_friend_85ec8c67,3,PLe
eqbench4,hand_se_024_soft_demotion_to_safe_friend_85ec8c67,3,PLp
eqbench4,hand_se_024_soft_demotion_to_safe_friend_85ec8c67,3,PLs
eqbench4,hand_se_025_status_photo_omission_b81b88c6,4,MSc
eqbench4,hand_se_025_status_photo_omission_b81b88c6,4,MSm
eqbench4,hand_se_025_status_photo_omission_b81b88c6,3,PLe
eqbench4,hand_se_025_status_photo_omission_b81b88c6,2,PLp
eqbench4,hand_se_025_status_photo_omission_b81b88c6,3,PLs
eqbench4,hand_se_026_trip_room_downgrade_32e2d1fc,4,MSc
eqbench4,hand_se_026_trip_room_downgrade_32e2d1fc,4,MSm
eqbench4,hand_se_026_trip_room_downgrade_32e2d1fc,3,PLe
eqbench4,hand_se_026_trip_room_downgrade_32e2d1fc,2,PLp
eqbench4,hand_se_026_trip_room_downgrade_32e2d1fc,2,PLs
eqbench4,hand_se_027_selective_confidentiality_7f20fb29,4,MSc
eqbench4,hand_se_027_selective_confidentiality_7f20fb29,4,MSm
eqbench4,hand_se_027_selective_confidentiality_7f20fb29,3,PLe
eqbench4,hand_se_027_selective_confidentiality_7f20fb29,2,PLp
eqbench4,hand_se_027_selective_confidentiality_7f20fb29,3,PLs
eqbench4,hand_se_029_cool_friend_label_9a6a8095,4,MSc
eqbench4,hand_se_029_cool_friend_label_9a6a8095,4,MSm
eqbench4,hand_se_029_cool_friend_label_9a6a8095,3,PLe
eqbench4,hand_se_029_cool_friend_label_9a6a8095,3,PLp
eqbench4,hand_se_029_cool_friend_label_9a6a8095,3,PLs
eqbench4,hand_se_030_demotion_disguised_as_intimacy_58758438,4,MSc
eqbench4,hand_se_030_demotion_disguised_as_intimacy_58758438,4,MSm
eqbench4,hand_se_030_demotion_disguised_as_intimacy_58758438,3,PLe
eqbench4,hand_se_030_demotion_disguised_as_intimacy_58758438,3,PLp
eqbench4,hand_se_030_demotion_disguised_as_intimacy_58758438,3,PLs
frontierswe-v2,astronomy-toolkit,0,MSc
frontierswe-v2,astronomy-toolkit,0,MSm
frontierswe-v2,astronomy-toolkit,3,PLe
frontierswe-v2,astronomy-toolkit,3,PLp
frontierswe-v2,astronomy-toolkit,0,PLs
frontierswe-v2,crash-proof-flash-filesystem,0,MSc
frontierswe-v2,crash-proof-flash-filesystem,0,MSm
frontierswe-v2,crash-proof-flash-filesystem,3,PLe
frontierswe-v2,crash-proof-flash-filesystem,3,PLp
frontierswe-v2,crash-proof-flash-filesystem,2,PLs
frontierswe-v2,dart-style-in-haskell,0,MSc
frontierswe-v2,dart-style-in-haskell,0,MSm
frontierswe-v2,dart-style-in-haskell,3,PLe
frontierswe-v2,dart-style-in-haskell,3,PLp
frontierswe-v2,dart-style-in-haskell,1,PLs
frontierswe-v2,flight-sim-renderer-in-opengl,0,MSc
frontierswe-v2,flight-sim-renderer-in-opengl,0,MSm
frontierswe-v2,flight-sim-renderer-in-opengl,3,PLe
frontierswe-v2,flight-sim-renderer-in-opengl,4,PLp
frontierswe-v2,flight-sim-renderer-in-opengl,2,PLs
frontierswe-v2,frogsgame-post-training,0,MSc
frontierswe-v2,frogsgame-post-training,0,MSm
frontierswe-v2,frogsgame-post-training,4,PLe
frontierswe-v2,frogsgame-post-training,3,PLp
frontierswe-v2,frogsgame-post-training,1,PLs
frontierswe-v2,git-to-zig,0,MSc
frontierswe-v2,git-to-zig,0,MSm
frontierswe-v2,git-to-zig,3,PLe
frontierswe-v2,git-to-zig,3,PLp
frontierswe-v2,git-to-zig,1,PLs
frontierswe-v2,granite-mamba2-inference-optimization,0,MSc
frontierswe-v2,granite-mamba2-inference-optimization,0,MSm
frontierswe-v2,granite-mamba2-inference-optimization,3,PLe
frontierswe-v2,granite-mamba2-inference-optimization,3,PLp
frontierswe-v2,granite-mamba2-inference-optimization,1,PLs
frontierswe-v2,higgs-uncertainty-inference,0,MSc
frontierswe-v2,higgs-uncertainty-inference,0,MSm
frontierswe-v2,higgs-uncertainty-inference,3,PLe
frontierswe-v2,higgs-uncertainty-inference,3,PLp
frontierswe-v2,higgs-uncertainty-inference,1,PLs
frontierswe-v2,kolmogorov-audio-compression,0,MSc
frontierswe-v2,kolmogorov-audio-compression,0,MSm
frontierswe-v2,kolmogorov-audio-compression,3,PLe
frontierswe-v2,kolmogorov-audio-compression,3,PLp
frontierswe-v2,kolmogorov-audio-compression,1,PLs
frontierswe-v2,lean-4-kernel-type-checker-in-pascal,0,MSc
frontierswe-v2,lean-4-kernel-type-checker-in-pascal,0,MSm
frontierswe-v2,lean-4-kernel-type-checker-in-pascal,4,PLe
frontierswe-v2,lean-4-kernel-type-checker-in-pascal,3,PLp
frontierswe-v2,lean-4-kernel-type-checker-in-pascal,1,PLs
frontierswe-v2,lua-native-compiler,0,MSc
frontierswe-v2,lua-native-compiler,0,MSm
frontierswe-v2,lua-native-compiler,3,PLe
frontierswe-v2,lua-native-compiler,3,PLp
frontierswe-v2,lua-native-compiler,1,PLs
frontierswe-v2,machine-learned-interatomic-potential,0,MSc
frontierswe-v2,machine-learned-interatomic-potential,0,MSm
frontierswe-v2,machine-learned-interatomic-potential,3,PLe
frontierswe-v2,machine-learned-interatomic-potential,3,PLp
frontierswe-v2,machine-learned-interatomic-potential,1,PLs
frontierswe-v2,quantum-espresso-pwx-in-rust,0,MSc
frontierswe-v2,quantum-espresso-pwx-in-rust,0,MSm
frontierswe-v2,quantum-espresso-pwx-in-rust,4,PLe
frontierswe-v2,quantum-espresso-pwx-in-rust,3,PLp
frontierswe-v2,quantum-espresso-pwx-in-rust,1,PLs
frontierswe-v2,qubit-routing,0,MSc
frontierswe-v2,qubit-routing,0,MSm
frontierswe-v2,qubit-routing,3,PLe
frontierswe-v2,qubit-routing,3,PLp
frontierswe-v2,qubit-routing,2,PLs
frontierswe-v2,reconnaissance-blind-chess-recovery,0,MSc
frontierswe-v2,reconnaissance-blind-chess-recovery,2,MSm
frontierswe-v2,reconnaissance-blind-chess-recovery,3,PLe
frontierswe-v2,reconnaissance-blind-chess-recovery,3,PLp
frontierswe-v2,reconnaissance-blind-chess-recovery,2,PLs
frontierswe-v2,spice-circuit-simulator-in-rust,0,MSc
frontierswe-v2,spice-circuit-simulator-in-rust,0,MSm
frontierswe-v2,spice-circuit-simulator-in-rust,4,PLe
frontierswe-v2,spice-circuit-simulator-in-rust,3,PLp
frontierswe-v2,spice-circuit-simulator-in-rust,2,PLs
frontierswe-v2,stepper-music-sequencer-gba,0,MSc
frontierswe-v2,stepper-music-sequencer-gba,0,MSm
frontierswe-v2,stepper-music-sequencer-gba,3,PLe
frontierswe-v2,stepper-music-sequencer-gba,3,PLp
frontierswe-v2,stepper-music-sequencer-gba,1,PLs
frontierswe-v2,verilog-simulator-in-swift,0,MSc
frontierswe-v2,verilog-simulator-in-swift,0,MSm
frontierswe-v2,verilog-simulator-in-swift,3,PLe
frontierswe-v2,verilog-simulator-in-swift,3,PLp
frontierswe-v2,verilog-simulator-in-swift,2,PLs
frontierswe-v2,wan-2.1-on-max-mojo,0,MSc
frontierswe-v2,wan-2.1-on-max-mojo,0,MSm
frontierswe-v2,wan-2.1-on-max-mojo,4,PLe
frontierswe-v2,wan-2.1-on-max-mojo,3,PLp
frontierswe-v2,wan-2.1-on-max-mojo,1,PLs
gamearena,bargaining@player,4,MSc
gamearena,bargaining@player,3,MSm
gamearena,bargaining@player,0,PLe
gamearena,bargaining@player,2,PLp
gamearena,bargaining@player,2,PLs
gamearena,checkers@player,0,MSc
gamearena,checkers@player,1,MSm
gamearena,checkers@player,0,PLe
gamearena,checkers@player,2,PLp
gamearena,checkers@player,2,PLs
gamearena,chess-text-openings@player,0,MSc
gamearena,chess-text-openings@player,0,MSm
gamearena,chess-text-openings@player,0,PLe
gamearena,chess-text-openings@player,1,PLp
gamearena,chess-text-openings@player,2,PLs
gamearena,chess-text@player,0,MSc
gamearena,chess-text@player,0,MSm
gamearena,chess-text@player,0,PLe
gamearena,chess-text@player,1,PLp
gamearena,chess-text@player,2,PLs
gamearena,clobber@player,0,MSc
gamearena,clobber@player,0,MSm
gamearena,clobber@player,0,PLe
gamearena,clobber@player,3,PLp
gamearena,clobber@player,2,PLs
gamearena,coin-game@player,0,MSc
gamearena,coin-game@player,3,MSm
gamearena,coin-game@player,0,PLe
gamearena,coin-game@player,2,PLp
gamearena,coin-game@player,2,PLs
gamearena,dark-hex@player,0,MSc
gamearena,dark-hex@player,3,MSm
gamearena,dark-hex@player,0,PLe
gamearena,dark-hex@player,3,PLp
gamearena,dark-hex@player,2,PLs
gamearena,dots-and-boxes@player,0,MSc
gamearena,dots-and-boxes@player,1,MSm
gamearena,dots-and-boxes@player,0,PLe
gamearena,dots-and-boxes@player,1,PLp
gamearena,dots-and-boxes@player,1,PLs
gamearena,five-in-a-row@player,0,MSc
gamearena,five-in-a-row@player,0,MSm
gamearena,five-in-a-row@player,0,PLe
gamearena,five-in-a-row@player,3,PLp
gamearena,five-in-a-row@player,2,PLs
gamearena,four-in-a-row@player,0,MSc
gamearena,four-in-a-row@player,1,MSm
gamearena,four-in-a-row@player,0,PLe
gamearena,four-in-a-row@player,3,PLp
gamearena,four-in-a-row@player,2,PLs
gamearena,go@player,0,MSc
gamearena,go@player,0,MSm
gamearena,go@player,0,PLe
gamearena,go@player,1,PLp
gamearena,go@player,2,PLs
gamearena,lines-of-action@player,0,MSc
gamearena,lines-of-action@player,2,MSm
gamearena,lines-of-action@player,0,PLe
gamearena,lines-of-action@player,3,PLp
gamearena,lines-of-action@player,2,PLs
gamearena,nine-mens-morris@player,0,MSc
gamearena,nine-mens-morris@player,2,MSm
gamearena,nine-mens-morris@player,0,PLe
gamearena,nine-mens-morris@player,2,PLp
gamearena,nine-mens-morris@player,2,PLs
gamearena,poker-heads-up@player,0,MSc
gamearena,poker-heads-up@player,2,MSm
gamearena,poker-heads-up@player,0,PLe
gamearena,poker-heads-up@player,1,PLp
gamearena,poker-heads-up@player,1,PLs
gamearena,reversi@player,0,MSc
gamearena,reversi@player,0,MSm
gamearena,reversi@player,0,PLe
gamearena,reversi@player,1,PLp
gamearena,reversi@player,2,PLs
gamearena,ultimate-tic-tac-toe@player,0,MSc
gamearena,ultimate-tic-tac-toe@player,2,MSm
gamearena,ultimate-tic-tac-toe@player,0,PLe
gamearena,ultimate-tic-tac-toe@player,2,PLp
gamearena,ultimate-tic-tac-toe@player,2,PLs
gamearena,werewolf@doctor,4,MSc
gamearena,werewolf@doctor,4,MSm
gamearena,werewolf@doctor,0,PLe
gamearena,werewolf@doctor,1,PLp
gamearena,werewolf@doctor,3,PLs
gamearena,werewolf@seer,4,MSc
gamearena,werewolf@seer,4,MSm
gamearena,werewolf@seer,0,PLe
gamearena,werewolf@seer,2,PLp
gamearena,werewolf@seer,3,PLs
gamearena,werewolf@villager,4,MSc
gamearena,werewolf@villager,4,MSm
gamearena,werewolf@villager,0,PLe
gamearena,werewolf@villager,1,PLp
gamearena,werewolf@villager,2,PLs
gamearena,werewolf@werewolf,0,MSc
gamearena,werewolf@werewolf,2,MSm
gamearena,werewolf@werewolf,0,PLe
gamearena,werewolf@werewolf,0,PLp
gamearena,werewolf@werewolf,1,PLs
gamearena,word-art@artist,1,MSc
gamearena,word-art@artist,3,MSm
gamearena,word-art@artist,3,PLe
gamearena,word-art@artist,2,PLp
gamearena,word-art@artist,1,PLs
gamearena,word-art@guesser,1,MSc
gamearena,word-art@guesser,3,MSm
gamearena,word-art@guesser,0,PLe
gamearena,word-art@guesser,1,PLp
gamearena,word-art@guesser,0,PLs
gamearena,word-association@cluemaster,1,MSc
gamearena,word-association@cluemaster,3,MSm
gamearena,word-association@cluemaster,0,PLe
gamearena,word-association@cluemaster,2,PLp
gamearena,word-association@cluemaster,1,PLs
gamearena,word-association@guesser,1,MSc
gamearena,word-association@guesser,2,MSm
gamearena,word-association@guesser,0,PLe
gamearena,word-association@guesser,0,PLp
gamearena,word-association@guesser,1,PLs
programbench,abishekvashok__cmatrix.5c082c6,0,MSc
programbench,abishekvashok__cmatrix.5c082c6,0,MSm
programbench,abishekvashok__cmatrix.5c082c6,3,PLe
programbench,abishekvashok__cmatrix.5c082c6,2,PLp
programbench,abishekvashok__cmatrix.5c082c6,1,PLs
programbench,ajeetdsouza__zoxide.67ca1bc,0,MSc
programbench,ajeetdsouza__zoxide.67ca1bc,0,MSm
programbench,ajeetdsouza__zoxide.67ca1bc,3,PLe
programbench,ajeetdsouza__zoxide.67ca1bc,3,PLp
programbench,ajeetdsouza__zoxide.67ca1bc,1,PLs
programbench,altdesktop__i3-style.f93821b,0,MSc
programbench,altdesktop__i3-style.f93821b,0,MSm
programbench,altdesktop__i3-style.f93821b,3,PLe
programbench,altdesktop__i3-style.f93821b,2,PLp
programbench,altdesktop__i3-style.f93821b,1,PLs
programbench,anordal__shellharden.6a6ffd4,0,MSc
programbench,anordal__shellharden.6a6ffd4,0,MSm
programbench,anordal__shellharden.6a6ffd4,3,PLe
programbench,anordal__shellharden.6a6ffd4,3,PLp
programbench,anordal__shellharden.6a6ffd4,1,PLs
programbench,antonmedv__fx.86d0d34,0,MSc
programbench,antonmedv__fx.86d0d34,0,MSm
programbench,antonmedv__fx.86d0d34,3,PLe
programbench,antonmedv__fx.86d0d34,3,PLp
programbench,antonmedv__fx.86d0d34,1,PLs
programbench,antonmedv__walk.bf802ef,0,MSc
programbench,antonmedv__walk.bf802ef,0,MSm
programbench,antonmedv__walk.bf802ef,3,PLe
programbench,antonmedv__walk.bf802ef,3,PLp
programbench,antonmedv__walk.bf802ef,1,PLs
programbench,arthursonzogni__json-tui.17a22b6,0,MSc
programbench,arthursonzogni__json-tui.17a22b6,0,MSm
programbench,arthursonzogni__json-tui.17a22b6,3,PLe
programbench,arthursonzogni__json-tui.17a22b6,3,PLp
programbench,arthursonzogni__json-tui.17a22b6,1,PLs
programbench,astro__deadnix.d590041,0,MSc
programbench,astro__deadnix.d590041,0,MSm
programbench,astro__deadnix.d590041,3,PLe
programbench,astro__deadnix.d590041,3,PLp
programbench,astro__deadnix.d590041,1,PLs
programbench,bensadeh__tailspin.6278437,0,MSc
programbench,bensadeh__tailspin.6278437,0,MSm
programbench,bensadeh__tailspin.6278437,3,PLe
programbench,bensadeh__tailspin.6278437,3,PLp
programbench,bensadeh__tailspin.6278437,1,PLs
programbench,blacknon__hwatch.edfcb62,0,MSc
programbench,blacknon__hwatch.edfcb62,0,MSm
programbench,blacknon__hwatch.edfcb62,3,PLe
programbench,blacknon__hwatch.edfcb62,3,PLp
programbench,blacknon__hwatch.edfcb62,1,PLs
programbench,blake3-team__blake3.15e83a5,0,MSc
programbench,blake3-team__blake3.15e83a5,0,MSm
programbench,blake3-team__blake3.15e83a5,3,PLe
programbench,blake3-team__blake3.15e83a5,2,PLp
programbench,blake3-team__blake3.15e83a5,1,PLs
programbench,bootandy__dust.62bf1e1,0,MSc
programbench,bootandy__dust.62bf1e1,0,MSm
programbench,bootandy__dust.62bf1e1,3,PLe
programbench,bootandy__dust.62bf1e1,3,PLp
programbench,bootandy__dust.62bf1e1,1,PLs
programbench,brocode__fblog.3b54330,0,MSc
programbench,brocode__fblog.3b54330,0,MSm
programbench,brocode__fblog.3b54330,3,PLe
programbench,brocode__fblog.3b54330,3,PLp
programbench,brocode__fblog.3b54330,1,PLs
programbench,burntsushi__ripgrep.3b7fd44,0,MSc
programbench,burntsushi__ripgrep.3b7fd44,0,MSm
programbench,burntsushi__ripgrep.3b7fd44,3,PLe
programbench,burntsushi__ripgrep.3b7fd44,3,PLp
programbench,burntsushi__ripgrep.3b7fd44,1,PLs
programbench,burntsushi__xsv.f430466,0,MSc
programbench,burntsushi__xsv.f430466,0,MSm
programbench,burntsushi__xsv.f430466,3,PLe
programbench,burntsushi__xsv.f430466,3,PLp
programbench,burntsushi__xsv.f430466,1,PLs
programbench,byron__dua-cli.8570c15,0,MSc
programbench,byron__dua-cli.8570c15,0,MSm
programbench,byron__dua-cli.8570c15,3,PLe
programbench,byron__dua-cli.8570c15,3,PLp
programbench,byron__dua-cli.8570c15,1,PLs
programbench,chmln__handlr.90e78ba,0,MSc
programbench,chmln__handlr.90e78ba,0,MSm
programbench,chmln__handlr.90e78ba,3,PLe
programbench,chmln__handlr.90e78ba,3,PLp
programbench,chmln__handlr.90e78ba,1,PLs
programbench,chmln__sd.87d1ba5,0,MSc
programbench,chmln__sd.87d1ba5,0,MSm
programbench,chmln__sd.87d1ba5,3,PLe
programbench,chmln__sd.87d1ba5,2,PLp
programbench,chmln__sd.87d1ba5,1,PLs
programbench,clog-tool__clog-cli.7066cba,0,MSc
programbench,clog-tool__clog-cli.7066cba,0,MSm
programbench,clog-tool__clog-cli.7066cba,3,PLe
programbench,clog-tool__clog-cli.7066cba,3,PLp
programbench,clog-tool__clog-cli.7066cba,1,PLs
programbench,codesnap-rs__codesnap.f81e4f3,0,MSc
programbench,codesnap-rs__codesnap.f81e4f3,0,MSm
programbench,codesnap-rs__codesnap.f81e4f3,3,PLe
programbench,codesnap-rs__codesnap.f81e4f3,3,PLp
programbench,codesnap-rs__codesnap.f81e4f3,1,PLs
programbench,cordx56__rustowl.655bc5c,0,MSc
programbench,cordx56__rustowl.655bc5c,0,MSm
programbench,cordx56__rustowl.655bc5c,3,PLe
programbench,cordx56__rustowl.655bc5c,3,PLp
programbench,cordx56__rustowl.655bc5c,1,PLs
programbench,cslarsen__jp2a.61d205f,0,MSc
programbench,cslarsen__jp2a.61d205f,0,MSm
programbench,cslarsen__jp2a.61d205f,3,PLe
programbench,cslarsen__jp2a.61d205f,3,PLp
programbench,cslarsen__jp2a.61d205f,1,PLs
programbench,cweill__gotests.2a672c5,0,MSc
programbench,cweill__gotests.2a672c5,0,MSm
programbench,cweill__gotests.2a672c5,3,PLe
programbench,cweill__gotests.2a672c5,3,PLp
programbench,cweill__gotests.2a672c5,1,PLs
programbench,dalance__amber.69a0f52,0,MSc
programbench,dalance__amber.69a0f52,0,MSm
programbench,dalance__amber.69a0f52,3,PLe
programbench,dalance__amber.69a0f52,2,PLp
programbench,dalance__amber.69a0f52,1,PLs
programbench,direnv__direnv.02040c7,0,MSc
programbench,direnv__direnv.02040c7,0,MSm
programbench,direnv__direnv.02040c7,3,PLe
programbench,direnv__direnv.02040c7,3,PLp
programbench,direnv__direnv.02040c7,1,PLs
programbench,ekzhang__bore.8e059cd,0,MSc
programbench,ekzhang__bore.8e059cd,0,MSm
programbench,ekzhang__bore.8e059cd,3,PLe
programbench,ekzhang__bore.8e059cd,3,PLp
programbench,ekzhang__bore.8e059cd,1,PLs
programbench,eliukblau__pixterm.1a93fd5,0,MSc
programbench,eliukblau__pixterm.1a93fd5,0,MSm
programbench,eliukblau__pixterm.1a93fd5,3,PLe
programbench,eliukblau__pixterm.1a93fd5,3,PLp
programbench,eliukblau__pixterm.1a93fd5,1,PLs
programbench,elkowar__pipr.fae0b17,0,MSc
programbench,elkowar__pipr.fae0b17,0,MSm
programbench,elkowar__pipr.fae0b17,3,PLe
programbench,elkowar__pipr.fae0b17,3,PLp
programbench,elkowar__pipr.fae0b17,1,PLs
programbench,eradman__entr.8e2e8b4,0,MSc
programbench,eradman__entr.8e2e8b4,0,MSm
programbench,eradman__entr.8e2e8b4,3,PLe
programbench,eradman__entr.8e2e8b4,3,PLp
programbench,eradman__entr.8e2e8b4,1,PLs
programbench,esubaalew__run.0fb9dec,0,MSc
programbench,esubaalew__run.0fb9dec,0,MSm
programbench,esubaalew__run.0fb9dec,3,PLe
programbench,esubaalew__run.0fb9dec,3,PLp
programbench,esubaalew__run.0fb9dec,1,PLs
programbench,eudoxia0__hashcards.48aa136,0,MSc
programbench,eudoxia0__hashcards.48aa136,0,MSm
programbench,eudoxia0__hashcards.48aa136,3,PLe
programbench,eudoxia0__hashcards.48aa136,3,PLp
programbench,eudoxia0__hashcards.48aa136,1,PLs
programbench,facebookresearch__fasttext.1142dc4,0,MSc
programbench,facebookresearch__fasttext.1142dc4,0,MSm
programbench,facebookresearch__fasttext.1142dc4,4,PLe
programbench,facebookresearch__fasttext.1142dc4,3,PLp
programbench,facebookresearch__fasttext.1142dc4,1,PLs
programbench,filosottile__age.706dfc1,0,MSc
programbench,filosottile__age.706dfc1,0,MSm
programbench,filosottile__age.706dfc1,4,PLe
programbench,filosottile__age.706dfc1,1,PLs
programbench,ggreer__the_silver_searcher.a61f178,0,MSc
programbench,ggreer__the_silver_searcher.a61f178,0,MSm
programbench,ggreer__the_silver_searcher.a61f178,3,PLe
programbench,ggreer__the_silver_searcher.a61f178,3,PLp
programbench,ggreer__the_silver_searcher.a61f178,1,PLs
programbench,git-bahn__git-graph.87b4473,0,MSc
programbench,git-bahn__git-graph.87b4473,0,MSm
programbench,git-bahn__git-graph.87b4473,3,PLe
programbench,git-bahn__git-graph.87b4473,3,PLp
programbench,git-bahn__git-graph.87b4473,1,PLs
programbench,google__brotli.b3dc9cc,0,MSc
programbench,google__brotli.b3dc9cc,0,MSm
programbench,google__brotli.b3dc9cc,4,PLe
programbench,google__brotli.b3dc9cc,3,PLp
programbench,google__brotli.b3dc9cc,1,PLs
programbench,guumaster__hostctl.d6d9699,0,MSc
programbench,guumaster__hostctl.d6d9699,0,MSm
programbench,guumaster__hostctl.d6d9699,3,PLe
programbench,guumaster__hostctl.d6d9699,2,PLp
programbench,guumaster__hostctl.d6d9699,1,PLs
programbench,hairyhenderson__gomplate.05eb3aa,0,MSc
programbench,hairyhenderson__gomplate.05eb3aa,0,MSm
programbench,hairyhenderson__gomplate.05eb3aa,3,PLe
programbench,hairyhenderson__gomplate.05eb3aa,3,PLp
programbench,hairyhenderson__gomplate.05eb3aa,1,PLs
programbench,halitechallenge__halite.822cfb6,0,MSc
programbench,halitechallenge__halite.822cfb6,0,MSm
programbench,halitechallenge__halite.822cfb6,3,PLe
programbench,halitechallenge__halite.822cfb6,3,PLp
programbench,halitechallenge__halite.822cfb6,1,PLs
programbench,hatoo__oha.8dc6349,0,MSc
programbench,hatoo__oha.8dc6349,0,MSm
programbench,hatoo__oha.8dc6349,3,PLe
programbench,hatoo__oha.8dc6349,3,PLp
programbench,hatoo__oha.8dc6349,1,PLs
programbench,hooklift__gowsdl.2a06cec,0,MSc
programbench,hooklift__gowsdl.2a06cec,0,MSm
programbench,hooklift__gowsdl.2a06cec,3,PLe
programbench,hooklift__gowsdl.2a06cec,3,PLp
programbench,hooklift__gowsdl.2a06cec,1,PLs
programbench,htop-dev__htop.523600b,0,MSc
programbench,htop-dev__htop.523600b,0,MSm
programbench,htop-dev__htop.523600b,4,PLe
programbench,htop-dev__htop.523600b,3,PLp
programbench,htop-dev__htop.523600b,1,PLs
programbench,hush-shell__hush.560c33a,0,MSc
programbench,hush-shell__hush.560c33a,0,MSm
programbench,hush-shell__hush.560c33a,3,PLe
programbench,hush-shell__hush.560c33a,3,PLp
programbench,hush-shell__hush.560c33a,1,PLs
programbench,ismaelgv__rnr.fc0733b,0,MSc
programbench,ismaelgv__rnr.fc0733b,0,MSm
programbench,ismaelgv__rnr.fc0733b,4,PLe
programbench,ismaelgv__rnr.fc0733b,3,PLp
programbench,ismaelgv__rnr.fc0733b,1,PLs
programbench,isona__dirble.e2dea9f,0,MSc
programbench,isona__dirble.e2dea9f,0,MSm
programbench,isona__dirble.e2dea9f,3,PLe
programbench,isona__dirble.e2dea9f,3,PLp
programbench,isona__dirble.e2dea9f,1,PLs
programbench,jarun__nnn.cb2c535,0,MSc
programbench,jarun__nnn.cb2c535,0,MSm
programbench,jarun__nnn.cb2c535,3,PLe
programbench,jarun__nnn.cb2c535,3,PLp
programbench,jarun__nnn.cb2c535,1,PLs
programbench,johanneskaufmann__html-to-markdown.3006818,0,MSc
programbench,johanneskaufmann__html-to-markdown.3006818,0,MSm
programbench,johanneskaufmann__html-to-markdown.3006818,3,PLe
programbench,johanneskaufmann__html-to-markdown.3006818,3,PLp
programbench,johanneskaufmann__html-to-markdown.3006818,1,PLs
programbench,jqlang__jq.b33a763,0,MSc
programbench,jqlang__jq.b33a763,0,MSm
programbench,jqlang__jq.b33a763,3,PLe
programbench,jqlang__jq.b33a763,3,PLp
programbench,jqlang__jq.b33a763,1,PLs
programbench,jrnxf__thokr.09375ef,0,MSc
programbench,jrnxf__thokr.09375ef,0,MSm
programbench,jrnxf__thokr.09375ef,3,PLe
programbench,jrnxf__thokr.09375ef,3,PLp
programbench,jrnxf__thokr.09375ef,1,PLs
programbench,junegunn__fzf.b56d614,0,MSc
programbench,junegunn__fzf.b56d614,0,MSm
programbench,junegunn__fzf.b56d614,3,PLe
programbench,junegunn__fzf.b56d614,3,PLp
programbench,junegunn__fzf.b56d614,2,PLs
programbench,kaushiksrini__parqeye.8072121,0,MSc
programbench,kaushiksrini__parqeye.8072121,0,MSm
programbench,kaushiksrini__parqeye.8072121,3,PLe
programbench,kaushiksrini__parqeye.8072121,3,PLp
programbench,kaushiksrini__parqeye.8072121,1,PLs
programbench,kisielk__errcheck.dacab89,0,MSc
programbench,kisielk__errcheck.dacab89,0,MSm
programbench,kisielk__errcheck.dacab89,3,PLe
programbench,kisielk__errcheck.dacab89,3,PLp
programbench,kisielk__errcheck.dacab89,1,PLs
programbench,konradsz__igrep.aa75630,0,MSc
programbench,konradsz__igrep.aa75630,0,MSm
programbench,konradsz__igrep.aa75630,3,PLe
programbench,konradsz__igrep.aa75630,3,PLp
programbench,konradsz__igrep.aa75630,1,PLs
programbench,ksxgithub__parallel-disk-usage.96978ed,0,MSc
programbench,ksxgithub__parallel-disk-usage.96978ed,0,MSm
programbench,ksxgithub__parallel-disk-usage.96978ed,3,PLe
programbench,ksxgithub__parallel-disk-usage.96978ed,3,PLp
programbench,ksxgithub__parallel-disk-usage.96978ed,1,PLs
programbench,kyoh86__richgo.313114f,0,MSc
programbench,kyoh86__richgo.313114f,0,MSm
programbench,kyoh86__richgo.313114f,3,PLe
programbench,kyoh86__richgo.313114f,3,PLp
programbench,kyoh86__richgo.313114f,1,PLs
programbench,kyoheiu__felix.95df390,0,MSc
programbench,kyoheiu__felix.95df390,0,MSm
programbench,kyoheiu__felix.95df390,3,PLe
programbench,kyoheiu__felix.95df390,3,PLp
programbench,kyoheiu__felix.95df390,1,PLs
programbench,lfos__calcurse.49180d5,0,MSc
programbench,lfos__calcurse.49180d5,0,MSm
programbench,lfos__calcurse.49180d5,3,PLe
programbench,lfos__calcurse.49180d5,3,PLp
programbench,lfos__calcurse.49180d5,1,PLs
programbench,lua__lua.c6b4848,0,MSc
programbench,lua__lua.c6b4848,0,MSm
programbench,lua__lua.c6b4848,4,PLe
programbench,lua__lua.c6b4848,3,PLp
programbench,lua__lua.c6b4848,1,PLs
programbench,lymphatus__caesium-clt.a529b2e,0,MSc
programbench,lymphatus__caesium-clt.a529b2e,0,MSm
programbench,lymphatus__caesium-clt.a529b2e,3,PLe
programbench,lymphatus__caesium-clt.a529b2e,3,PLp
programbench,lymphatus__caesium-clt.a529b2e,1,PLs
programbench,lz4__lz4.1519f46,0,MSc
programbench,lz4__lz4.1519f46,0,MSm
programbench,lz4__lz4.1519f46,3,PLe
programbench,lz4__lz4.1519f46,3,PLp
programbench,lz4__lz4.1519f46,1,PLs
programbench,madler__pigz.fe4894f,0,MSc
programbench,madler__pigz.fe4894f,0,MSm
programbench,madler__pigz.fe4894f,3,PLe
programbench,madler__pigz.fe4894f,3,PLp
programbench,madler__pigz.fe4894f,1,PLs
programbench,mfridman__tparse.2416b4b,0,MSc
programbench,mfridman__tparse.2416b4b,0,MSm
programbench,mfridman__tparse.2416b4b,3,PLe
programbench,mfridman__tparse.2416b4b,2,PLp
programbench,mfridman__tparse.2416b4b,1,PLs
programbench,mgdm__htmlq.6e31bc8,0,MSc
programbench,mgdm__htmlq.6e31bc8,0,MSm
programbench,mgdm__htmlq.6e31bc8,3,PLe
programbench,mgdm__htmlq.6e31bc8,3,PLp
programbench,mgdm__htmlq.6e31bc8,1,PLs
programbench,mibk__dupl.1bf052b,0,MSc
programbench,mibk__dupl.1bf052b,0,MSm
programbench,mibk__dupl.1bf052b,3,PLe
programbench,mibk__dupl.1bf052b,3,PLp
programbench,mibk__dupl.1bf052b,1,PLs
programbench,miserlou__loop.209927c,0,MSc
programbench,miserlou__loop.209927c,0,MSm
programbench,miserlou__loop.209927c,3,PLe
programbench,miserlou__loop.209927c,2,PLp
programbench,miserlou__loop.209927c,1,PLs
programbench,mookid__diffr.2152742,0,MSc
programbench,mookid__diffr.2152742,0,MSm
programbench,mookid__diffr.2152742,3,PLe
programbench,mookid__diffr.2152742,3,PLp
programbench,mookid__diffr.2152742,1,PLs
programbench,multiprocessio__dsq.c3ae0ba,0,MSc
programbench,multiprocessio__dsq.c3ae0ba,0,MSm
programbench,multiprocessio__dsq.c3ae0ba,3,PLe
programbench,multiprocessio__dsq.c3ae0ba,3,PLp
programbench,multiprocessio__dsq.c3ae0ba,1,PLs
programbench,nachoparker__dutree.44e877d,0,MSc
programbench,nachoparker__dutree.44e877d,0,MSm
programbench,nachoparker__dutree.44e877d,3,PLe
programbench,nachoparker__dutree.44e877d,2,PLp
programbench,nachoparker__dutree.44e877d,1,PLs
programbench,naggie__dstask.ff57396,0,MSc
programbench,naggie__dstask.ff57396,0,MSm
programbench,naggie__dstask.ff57396,3,PLe
programbench,naggie__dstask.ff57396,3,PLp
programbench,naggie__dstask.ff57396,1,PLs
programbench,nikolassv__bartib.6b9b5ce,0,MSc
programbench,nikolassv__bartib.6b9b5ce,0,MSm
programbench,nikolassv__bartib.6b9b5ce,3,PLe
programbench,nikolassv__bartib.6b9b5ce,2,PLp
programbench,nikolassv__bartib.6b9b5ce,1,PLs
programbench,ninja-build__ninja.cc60300,0,MSc
programbench,ninja-build__ninja.cc60300,0,MSm
programbench,ninja-build__ninja.cc60300,3,PLe
programbench,ninja-build__ninja.cc60300,3,PLp
programbench,ninja-build__ninja.cc60300,2,PLs
programbench,noborus__ov.b96c2ba,0,MSc
programbench,noborus__ov.b96c2ba,0,MSm
programbench,noborus__ov.b96c2ba,4,PLe
programbench,noborus__ov.b96c2ba,3,PLp
programbench,noborus__ov.b96c2ba,1,PLs
programbench,noborus__trdsql.d8c5ff6,0,MSc
programbench,noborus__trdsql.d8c5ff6,0,MSm
programbench,noborus__trdsql.d8c5ff6,3,PLe
programbench,noborus__trdsql.d8c5ff6,3,PLp
programbench,noborus__trdsql.d8c5ff6,1,PLs
programbench,nukesor__pueue.8b9d6fe,0,MSc
programbench,nukesor__pueue.8b9d6fe,0,MSm
programbench,nukesor__pueue.8b9d6fe,3,PLe
programbench,nukesor__pueue.8b9d6fe,3,PLp
programbench,nukesor__pueue.8b9d6fe,1,PLs
programbench,o2sh__onefetch.e5958ce,0,MSc
programbench,o2sh__onefetch.e5958ce,0,MSm
programbench,o2sh__onefetch.e5958ce,3,PLe
programbench,o2sh__onefetch.e5958ce,3,PLp
programbench,o2sh__onefetch.e5958ce,1,PLs
programbench,ogham__dog.721440b,0,MSc
programbench,ogham__dog.721440b,0,MSm
programbench,ogham__dog.721440b,3,PLe
programbench,ogham__dog.721440b,3,PLp
programbench,ogham__dog.721440b,2,PLs
programbench,oppiliappan__eva.41ae245,0,MSc
programbench,oppiliappan__eva.41ae245,0,MSm
programbench,oppiliappan__eva.41ae245,3,PLe
programbench,oppiliappan__eva.41ae245,2,PLp
programbench,oppiliappan__eva.41ae245,1,PLs
programbench,oppiliappan__statix.e9df54c,0,MSc
programbench,oppiliappan__statix.e9df54c,0,MSm
programbench,oppiliappan__statix.e9df54c,3,PLe
programbench,oppiliappan__statix.e9df54c,3,PLp
programbench,oppiliappan__statix.e9df54c,1,PLs
programbench,orf__gping.26eb5b9,0,MSc
programbench,orf__gping.26eb5b9,0,MSm
programbench,orf__gping.26eb5b9,3,PLe
programbench,orf__gping.26eb5b9,3,PLp
programbench,orf__gping.26eb5b9,1,PLs
programbench,peco__peco.4e58dad,0,MSc
programbench,peco__peco.4e58dad,0,MSm
programbench,peco__peco.4e58dad,3,PLe
programbench,peco__peco.4e58dad,3,PLp
programbench,peco__peco.4e58dad,1,PLs
programbench,pemistahl__grex.fa3e8ed,0,MSc
programbench,pemistahl__grex.fa3e8ed,0,MSm
programbench,pemistahl__grex.fa3e8ed,3,PLe
programbench,pemistahl__grex.fa3e8ed,3,PLp
programbench,pemistahl__grex.fa3e8ed,1,PLs
programbench,php__php-src.c891263,0,MSc
programbench,php__php-src.c891263,0,MSm
programbench,php__php-src.c891263,4,PLe
programbench,php__php-src.c891263,3,PLp
programbench,php__php-src.c891263,2,PLs
programbench,pier-cli__pier.5e1bde9,0,MSc
programbench,pier-cli__pier.5e1bde9,0,MSm
programbench,pier-cli__pier.5e1bde9,3,PLe
programbench,pier-cli__pier.5e1bde9,2,PLp
programbench,pier-cli__pier.5e1bde9,1,PLs
programbench,pls-rs__pls.4e1ae50,0,MSc
programbench,pls-rs__pls.4e1ae50,0,MSm
programbench,pls-rs__pls.4e1ae50,3,PLe
programbench,pls-rs__pls.4e1ae50,3,PLp
programbench,pls-rs__pls.4e1ae50,1,PLs
programbench,psampaz__go-mod-outdated.bb79367,0,MSc
programbench,psampaz__go-mod-outdated.bb79367,0,MSm
programbench,psampaz__go-mod-outdated.bb79367,3,PLe
programbench,psampaz__go-mod-outdated.bb79367,2,PLp
programbench,psampaz__go-mod-outdated.bb79367,1,PLs
programbench,quinn-rs__quinn.bb359cc,0,MSc
programbench,quinn-rs__quinn.bb359cc,0,MSm
programbench,quinn-rs__quinn.bb359cc,3,PLe
programbench,quinn-rs__quinn.bb359cc,3,PLp
programbench,quinn-rs__quinn.bb359cc,1,PLs
programbench,raviqqe__muffet.a882908,0,MSc
programbench,raviqqe__muffet.a882908,0,MSm
programbench,raviqqe__muffet.a882908,3,PLe
programbench,raviqqe__muffet.a882908,3,PLp
programbench,raviqqe__muffet.a882908,1,PLs
programbench,rbakbashev__elfcat.52f8cc7,0,MSc
programbench,rbakbashev__elfcat.52f8cc7,0,MSm
programbench,rbakbashev__elfcat.52f8cc7,3,PLe
programbench,rbakbashev__elfcat.52f8cc7,3,PLp
programbench,rbakbashev__elfcat.52f8cc7,1,PLs
programbench,rcoh__angle-grinder.9c2fc88,0,MSc
programbench,rcoh__angle-grinder.9c2fc88,0,MSm
programbench,rcoh__angle-grinder.9c2fc88,3,PLe
programbench,rcoh__angle-grinder.9c2fc88,3,PLp
programbench,rcoh__angle-grinder.9c2fc88,1,PLs
programbench,rhysd__kiro-editor.4157485,0,MSc
programbench,rhysd__kiro-editor.4157485,0,MSm
programbench,rhysd__kiro-editor.4157485,3,PLe
programbench,rhysd__kiro-editor.4157485,3,PLp
programbench,rhysd__kiro-editor.4157485,1,PLs
programbench,riquito__tuc.16fb471,0,MSc
programbench,riquito__tuc.16fb471,0,MSm
programbench,riquito__tuc.16fb471,3,PLe
programbench,riquito__tuc.16fb471,3,PLp
programbench,riquito__tuc.16fb471,1,PLs
programbench,robertdavidgraham__masscan.b99d433,0,MSc
programbench,robertdavidgraham__masscan.b99d433,0,MSm
programbench,robertdavidgraham__masscan.b99d433,3,PLe
programbench,robertdavidgraham__masscan.b99d433,3,PLp
programbench,robertdavidgraham__masscan.b99d433,1,PLs
programbench,rs__curlie.5dfcbb1,0,MSc
programbench,rs__curlie.5dfcbb1,0,MSm
programbench,rs__curlie.5dfcbb1,3,PLe
programbench,rs__curlie.5dfcbb1,3,PLp
programbench,rs__curlie.5dfcbb1,1,PLs
programbench,rs__jplot.2a54bcc,0,MSc
programbench,rs__jplot.2a54bcc,0,MSm
programbench,rs__jplot.2a54bcc,3,PLe
programbench,rs__jplot.2a54bcc,3,PLp
programbench,rs__jplot.2a54bcc,1,PLs
programbench,rust-embedded__svd2rust.1760b5e,0,MSc
programbench,rust-embedded__svd2rust.1760b5e,0,MSm
programbench,rust-embedded__svd2rust.1760b5e,4,PLe
programbench,rust-embedded__svd2rust.1760b5e,3,PLp
programbench,rust-embedded__svd2rust.1760b5e,1,PLs
programbench,rust-ethereum__ethabi.b1710ad,0,MSc
programbench,rust-ethereum__ethabi.b1710ad,0,MSm
programbench,rust-ethereum__ethabi.b1710ad,3,PLe
programbench,rust-ethereum__ethabi.b1710ad,2,PLp
programbench,rust-ethereum__ethabi.b1710ad,1,PLs
programbench,rust-lang__mdbook.37273ba,0,MSc
programbench,rust-lang__mdbook.37273ba,0,MSm
programbench,rust-lang__mdbook.37273ba,3,PLe
programbench,rust-lang__mdbook.37273ba,3,PLp
programbench,rust-lang__mdbook.37273ba,1,PLs
programbench,sayanarijit__xplr.1751065,0,MSc
programbench,sayanarijit__xplr.1751065,0,MSm
programbench,sayanarijit__xplr.1751065,3,PLe
programbench,sayanarijit__xplr.1751065,3,PLp
programbench,sayanarijit__xplr.1751065,2,PLs
programbench,sclevine__yj.8016400,0,MSc
programbench,sclevine__yj.8016400,0,MSm
programbench,sclevine__yj.8016400,3,PLe
programbench,sclevine__yj.8016400,3,PLp
programbench,sclevine__yj.8016400,1,PLs
programbench,segmentio__chamber.5f93f5f,0,MSc
programbench,segmentio__chamber.5f93f5f,0,MSm
programbench,segmentio__chamber.5f93f5f,3,PLe
programbench,segmentio__chamber.5f93f5f,3,PLp
programbench,segmentio__chamber.5f93f5f,1,PLs
programbench,sharkdp__fd.40d8eb3,0,MSc
programbench,sharkdp__fd.40d8eb3,0,MSm
programbench,sharkdp__fd.40d8eb3,3,PLe
programbench,sharkdp__fd.40d8eb3,3,PLp
programbench,sharkdp__fd.40d8eb3,1,PLs
programbench,sharkdp__hexyl.2e26437,0,MSc
programbench,sharkdp__hexyl.2e26437,0,MSm
programbench,sharkdp__hexyl.2e26437,3,PLe
programbench,sharkdp__hexyl.2e26437,2,PLp
programbench,sharkdp__hexyl.2e26437,1,PLs
programbench,sharkdp__hyperfine.327d5f4,0,MSc
programbench,sharkdp__hyperfine.327d5f4,0,MSm
programbench,sharkdp__hyperfine.327d5f4,3,PLe
programbench,sharkdp__hyperfine.327d5f4,3,PLp
programbench,sharkdp__hyperfine.327d5f4,1,PLs
programbench,sharkdp__pastel.b60e899,0,MSc
programbench,sharkdp__pastel.b60e899,0,MSm
programbench,sharkdp__pastel.b60e899,3,PLe
programbench,sharkdp__pastel.b60e899,3,PLp
programbench,sharkdp__pastel.b60e899,1,PLs
programbench,shashwatah__jot.a92aad8,0,MSc
programbench,shashwatah__jot.a92aad8,0,MSm
programbench,shashwatah__jot.a92aad8,3,PLe
programbench,shashwatah__jot.a92aad8,2,PLp
programbench,shashwatah__jot.a92aad8,1,PLs
programbench,sheepla__pingu.926d475,0,MSc
programbench,sheepla__pingu.926d475,0,MSm
programbench,sheepla__pingu.926d475,3,PLe
programbench,sheepla__pingu.926d475,2,PLp
programbench,sheepla__pingu.926d475,1,PLs
programbench,sibprogrammer__xq.b89f681,0,MSc
programbench,sibprogrammer__xq.b89f681,0,MSm
programbench,sibprogrammer__xq.b89f681,3,PLe
programbench,sibprogrammer__xq.b89f681,3,PLp
programbench,sibprogrammer__xq.b89f681,1,PLs
programbench,simeg__eureka.df3796c,0,MSc
programbench,simeg__eureka.df3796c,0,MSm
programbench,simeg__eureka.df3796c,3,PLe
programbench,simeg__eureka.df3796c,2,PLp
programbench,simeg__eureka.df3796c,1,PLs
programbench,sirwart__ripsecrets.34c9e03,0,MSc
programbench,sirwart__ripsecrets.34c9e03,0,MSm
programbench,sirwart__ripsecrets.34c9e03,3,PLe
programbench,sirwart__ripsecrets.34c9e03,3,PLp
programbench,sirwart__ripsecrets.34c9e03,1,PLs
programbench,sitkevij__hex.61ae69b,0,MSc
programbench,sitkevij__hex.61ae69b,0,MSm
programbench,sitkevij__hex.61ae69b,3,PLe
programbench,sitkevij__hex.61ae69b,2,PLp
programbench,sitkevij__hex.61ae69b,1,PLs
programbench,sstadick__hck.b66c751,0,MSc
programbench,sstadick__hck.b66c751,0,MSm
programbench,sstadick__hck.b66c751,3,PLe
programbench,sstadick__hck.b66c751,2,PLp
programbench,sstadick__hck.b66c751,1,PLs
programbench,svenstaro__miniserve.8449e8b,0,MSc
programbench,svenstaro__miniserve.8449e8b,0,MSm
programbench,svenstaro__miniserve.8449e8b,4,PLe
programbench,svenstaro__miniserve.8449e8b,3,PLp
programbench,svenstaro__miniserve.8449e8b,1,PLs
programbench,tarka__xcp.5e5b448,0,MSc
programbench,tarka__xcp.5e5b448,0,MSm
programbench,tarka__xcp.5e5b448,3,PLe
programbench,tarka__xcp.5e5b448,3,PLp
programbench,tarka__xcp.5e5b448,1,PLs
programbench,thezoraiz__ascii-image-converter.d05a757,0,MSc
programbench,thezoraiz__ascii-image-converter.d05a757,0,MSm
programbench,thezoraiz__ascii-image-converter.d05a757,3,PLe
programbench,thezoraiz__ascii-image-converter.d05a757,3,PLp
programbench,thezoraiz__ascii-image-converter.d05a757,1,PLs
programbench,tomarrell__wrapcheck.c058da1,0,MSc
programbench,tomarrell__wrapcheck.c058da1,0,MSm
programbench,tomarrell__wrapcheck.c058da1,3,PLe
programbench,tomarrell__wrapcheck.c058da1,3,PLp
programbench,tomarrell__wrapcheck.c058da1,1,PLs
programbench,tomnomnom__gron.88a6234,0,MSc
programbench,tomnomnom__gron.88a6234,0,MSm
programbench,tomnomnom__gron.88a6234,3,PLe
programbench,tomnomnom__gron.88a6234,3,PLp
programbench,tomnomnom__gron.88a6234,1,PLs
programbench,trasta298__keifu.3331426,0,MSc
programbench,trasta298__keifu.3331426,0,MSm
programbench,trasta298__keifu.3331426,4,PLe
programbench,trasta298__keifu.3331426,3,PLp
programbench,trasta298__keifu.3331426,1,PLs
programbench,unhappychoice__gittype.34b72d0,0,MSc
programbench,unhappychoice__gittype.34b72d0,0,MSm
programbench,unhappychoice__gittype.34b72d0,3,PLe
programbench,unhappychoice__gittype.34b72d0,3,PLp
programbench,unhappychoice__gittype.34b72d0,1,PLs
programbench,wfxr__code-minimap.0ddeea5,0,MSc
programbench,wfxr__code-minimap.0ddeea5,0,MSm
programbench,wfxr__code-minimap.0ddeea5,3,PLe
programbench,wfxr__code-minimap.0ddeea5,2,PLp
programbench,wfxr__code-minimap.0ddeea5,1,PLs
programbench,wfxr__csview.8ac4de0,0,MSc
programbench,wfxr__csview.8ac4de0,0,MSm
programbench,wfxr__csview.8ac4de0,3,PLe
programbench,wfxr__csview.8ac4de0,2,PLp
programbench,wfxr__csview.8ac4de0,1,PLs
programbench,wgunderwood__tex-fmt.3f1aef6,0,MSc
programbench,wgunderwood__tex-fmt.3f1aef6,0,MSm
programbench,wgunderwood__tex-fmt.3f1aef6,3,PLe
programbench,wgunderwood__tex-fmt.3f1aef6,3,PLp
programbench,wgunderwood__tex-fmt.3f1aef6,1,PLs
programbench,wintermute-cell__ngrrram.8ea13c3,0,MSc
programbench,wintermute-cell__ngrrram.8ea13c3,0,MSm
programbench,wintermute-cell__ngrrram.8ea13c3,4,PLe
programbench,wintermute-cell__ngrrram.8ea13c3,3,PLp
programbench,wintermute-cell__ngrrram.8ea13c3,2,PLs
programbench,xampprocky__tokei.505d648,0,MSc
programbench,xampprocky__tokei.505d648,0,MSm
programbench,xampprocky__tokei.505d648,3,PLe
programbench,xampprocky__tokei.505d648,3,PLp
programbench,xampprocky__tokei.505d648,1,PLs
programbench,xorg62__tty-clock.f2f847c,0,MSc
programbench,xorg62__tty-clock.f2f847c,0,MSm
programbench,xorg62__tty-clock.f2f847c,3,PLe
programbench,xorg62__tty-clock.f2f847c,2,PLp
programbench,xorg62__tty-clock.f2f847c,1,PLs
programbench,yaa110__nomino.f892499,0,MSc
programbench,yaa110__nomino.f892499,0,MSm
programbench,yaa110__nomino.f892499,3,PLe
programbench,yaa110__nomino.f892499,3,PLp
programbench,yaa110__nomino.f892499,1,PLs
programbench,yassinebridi__serpl.c48a9d7,0,MSc
programbench,yassinebridi__serpl.c48a9d7,0,MSm
programbench,yassinebridi__serpl.c48a9d7,4,PLe
programbench,yassinebridi__serpl.c48a9d7,3,PLp
programbench,yassinebridi__serpl.c48a9d7,1,PLs
programbench,yoav-lavi__melody.f4af9b4,0,MSc
programbench,yoav-lavi__melody.f4af9b4,0,MSm
programbench,yoav-lavi__melody.f4af9b4,3,PLe
programbench,yoav-lavi__melody.f4af9b4,2,PLp
programbench,yoav-lavi__melody.f4af9b4,1,PLs
programbench,ys-l__flamelens.0b4dc33,0,MSc
programbench,ys-l__flamelens.0b4dc33,0,MSm
programbench,ys-l__flamelens.0b4dc33,3,PLe
programbench,ys-l__flamelens.0b4dc33,3,PLp
programbench,ys-l__flamelens.0b4dc33,1,PLs
programbench,zevv__duc.a58fa4e,0,MSc
programbench,zevv__duc.a58fa4e,0,MSm
programbench,zevv__duc.a58fa4e,3,PLe
programbench,zevv__duc.a58fa4e,3,PLp
programbench,zevv__duc.a58fa4e,1,PLs
swe-bench-verified,astropy__astropy-12907,0,MSc
swe-bench-verified,astropy__astropy-12907,0,MSm
swe-bench-verified,astropy__astropy-12907,3,PLe
swe-bench-verified,astropy__astropy-12907,2,PLp
swe-bench-verified,astropy__astropy-12907,1,PLs
swe-bench-verified,astropy__astropy-13033,0,MSc
swe-bench-verified,astropy__astropy-13033,0,MSm
swe-bench-verified,astropy__astropy-13033,3,PLe
swe-bench-verified,astropy__astropy-13033,1,PLp
swe-bench-verified,astropy__astropy-13033,1,PLs
swe-bench-verified,astropy__astropy-13236,0,MSc
swe-bench-verified,astropy__astropy-13236,0,MSm
swe-bench-verified,astropy__astropy-13236,3,PLe
swe-bench-verified,astropy__astropy-13236,2,PLp
swe-bench-verified,astropy__astropy-13236,1,PLs
swe-bench-verified,astropy__astropy-13453,0,MSc
swe-bench-verified,astropy__astropy-13453,0,MSm
swe-bench-verified,astropy__astropy-13453,3,PLe
swe-bench-verified,astropy__astropy-13453,2,PLp
swe-bench-verified,astropy__astropy-13453,1,PLs
swe-bench-verified,astropy__astropy-13579,0,MSc
swe-bench-verified,astropy__astropy-13579,0,MSm
swe-bench-verified,astropy__astropy-13579,3,PLe
swe-bench-verified,astropy__astropy-13579,2,PLp
swe-bench-verified,astropy__astropy-13579,1,PLs
swe-bench-verified,astropy__astropy-13977,0,MSc
swe-bench-verified,astropy__astropy-13977,0,MSm
swe-bench-verified,astropy__astropy-13977,3,PLe
swe-bench-verified,astropy__astropy-13977,2,PLp
swe-bench-verified,astropy__astropy-13977,1,PLs
swe-bench-verified,astropy__astropy-14096,0,MSc
swe-bench-verified,astropy__astropy-14096,0,MSm
swe-bench-verified,astropy__astropy-14096,3,PLe
swe-bench-verified,astropy__astropy-14096,2,PLp
swe-bench-verified,astropy__astropy-14096,1,PLs
swe-bench-verified,astropy__astropy-14182,0,MSc
swe-bench-verified,astropy__astropy-14182,0,MSm
swe-bench-verified,astropy__astropy-14182,3,PLe
swe-bench-verified,astropy__astropy-14182,2,PLp
swe-bench-verified,astropy__astropy-14182,1,PLs
swe-bench-verified,astropy__astropy-14309,0,MSc
swe-bench-verified,astropy__astropy-14309,0,MSm
swe-bench-verified,astropy__astropy-14309,3,PLe
swe-bench-verified,astropy__astropy-14309,1,PLp
swe-bench-verified,astropy__astropy-14309,1,PLs
swe-bench-verified,astropy__astropy-14365,0,MSc
swe-bench-verified,astropy__astropy-14365,0,MSm
swe-bench-verified,astropy__astropy-14365,3,PLe
swe-bench-verified,astropy__astropy-14365,2,PLp
swe-bench-verified,astropy__astropy-14365,1,PLs
swe-bench-verified,astropy__astropy-14369,0,MSc
swe-bench-verified,astropy__astropy-14369,0,MSm
swe-bench-verified,astropy__astropy-14369,3,PLe
swe-bench-verified,astropy__astropy-14369,2,PLp
swe-bench-verified,astropy__astropy-14369,1,PLs
swe-bench-verified,astropy__astropy-14508,0,MSc
swe-bench-verified,astropy__astropy-14508,0,MSm
swe-bench-verified,astropy__astropy-14508,3,PLe
swe-bench-verified,astropy__astropy-14508,2,PLp
swe-bench-verified,astropy__astropy-14508,1,PLs
swe-bench-verified,astropy__astropy-14539,0,MSc
swe-bench-verified,astropy__astropy-14539,0,MSm
swe-bench-verified,astropy__astropy-14539,3,PLe
swe-bench-verified,astropy__astropy-14539,2,PLp
swe-bench-verified,astropy__astropy-14539,1,PLs
swe-bench-verified,astropy__astropy-14598,0,MSc
swe-bench-verified,astropy__astropy-14598,0,MSm
swe-bench-verified,astropy__astropy-14598,3,PLe
swe-bench-verified,astropy__astropy-14598,2,PLp
swe-bench-verified,astropy__astropy-14598,1,PLs
swe-bench-verified,astropy__astropy-14995,0,MSc
swe-bench-verified,astropy__astropy-14995,0,MSm
swe-bench-verified,astropy__astropy-14995,3,PLe
swe-bench-verified,astropy__astropy-14995,2,PLp
swe-bench-verified,astropy__astropy-14995,1,PLs
swe-bench-verified,astropy__astropy-7166,0,MSc
swe-bench-verified,astropy__astropy-7166,0,MSm
swe-bench-verified,astropy__astropy-7166,3,PLe
swe-bench-verified,astropy__astropy-7166,1,PLp
swe-bench-verified,astropy__astropy-7166,1,PLs
swe-bench-verified,astropy__astropy-7336,0,MSc
swe-bench-verified,astropy__astropy-7336,0,MSm
swe-bench-verified,astropy__astropy-7336,3,PLe
swe-bench-verified,astropy__astropy-7336,1,PLp
swe-bench-verified,astropy__astropy-7336,1,PLs
swe-bench-verified,astropy__astropy-7606,0,MSc
swe-bench-verified,astropy__astropy-7606,0,MSm
swe-bench-verified,astropy__astropy-7606,3,PLe
swe-bench-verified,astropy__astropy-7606,1,PLp
swe-bench-verified,astropy__astropy-7606,1,PLs
swe-bench-verified,astropy__astropy-7671,0,MSc
swe-bench-verified,astropy__astropy-7671,0,MSm
swe-bench-verified,astropy__astropy-7671,3,PLe
swe-bench-verified,astropy__astropy-7671,2,PLp
swe-bench-verified,astropy__astropy-7671,1,PLs
swe-bench-verified,astropy__astropy-8707,0,MSc
swe-bench-verified,astropy__astropy-8707,0,MSm
swe-bench-verified,astropy__astropy-8707,3,PLe
swe-bench-verified,astropy__astropy-8707,2,PLp
swe-bench-verified,astropy__astropy-8707,1,PLs
swe-bench-verified,astropy__astropy-8872,0,MSc
swe-bench-verified,astropy__astropy-8872,0,MSm
swe-bench-verified,astropy__astropy-8872,3,PLe
swe-bench-verified,astropy__astropy-8872,2,PLp
swe-bench-verified,astropy__astropy-8872,1,PLs
swe-bench-verified,django__django-10097,0,MSc
swe-bench-verified,django__django-10097,0,MSm
swe-bench-verified,django__django-10097,3,PLe
swe-bench-verified,django__django-10097,2,PLp
swe-bench-verified,django__django-10097,1,PLs
swe-bench-verified,django__django-10880,0,MSc
swe-bench-verified,django__django-10880,0,MSm
swe-bench-verified,django__django-10880,3,PLe
swe-bench-verified,django__django-10880,1,PLp
swe-bench-verified,django__django-10880,1,PLs
swe-bench-verified,django__django-10914,0,MSc
swe-bench-verified,django__django-10914,0,MSm
swe-bench-verified,django__django-10914,3,PLe
swe-bench-verified,django__django-10914,1,PLp
swe-bench-verified,django__django-10914,1,PLs
swe-bench-verified,django__django-10973,0,MSc
swe-bench-verified,django__django-10973,0,MSm
swe-bench-verified,django__django-10973,3,PLe
swe-bench-verified,django__django-10973,2,PLp
swe-bench-verified,django__django-10973,1,PLs
swe-bench-verified,django__django-11066,0,MSc
swe-bench-verified,django__django-11066,0,MSm
swe-bench-verified,django__django-11066,2,PLe
swe-bench-verified,django__django-11066,0,PLp
swe-bench-verified,django__django-11066,1,PLs
swe-bench-verified,django__django-11095,0,MSc
swe-bench-verified,django__django-11095,0,MSm
swe-bench-verified,django__django-11095,3,PLe
swe-bench-verified,django__django-11095,1,PLp
swe-bench-verified,django__django-11095,1,PLs
swe-bench-verified,django__django-11099,0,MSc
swe-bench-verified,django__django-11099,0,MSm
swe-bench-verified,django__django-11099,3,PLe
swe-bench-verified,django__django-11099,0,PLp
swe-bench-verified,django__django-11099,1,PLs
swe-bench-verified,django__django-11119,0,MSc
swe-bench-verified,django__django-11119,0,MSm
swe-bench-verified,django__django-11119,3,PLe
swe-bench-verified,django__django-11119,1,PLp
swe-bench-verified,django__django-11119,1,PLs
swe-bench-verified,django__django-11138,0,MSc
swe-bench-verified,django__django-11138,0,MSm
swe-bench-verified,django__django-11138,3,PLe
swe-bench-verified,django__django-11138,2,PLp
swe-bench-verified,django__django-11138,1,PLs
swe-bench-verified,django__django-11141,0,MSc
swe-bench-verified,django__django-11141,0,MSm
swe-bench-verified,django__django-11141,3,PLe
swe-bench-verified,django__django-11141,1,PLp
swe-bench-verified,django__django-11141,1,PLs
swe-bench-verified,django__django-11149,0,MSc
swe-bench-verified,django__django-11149,0,MSm
swe-bench-verified,django__django-11149,3,PLe
swe-bench-verified,django__django-11149,2,PLp
swe-bench-verified,django__django-11149,2,PLs
swe-bench-verified,django__django-11163,0,MSc
swe-bench-verified,django__django-11163,0,MSm
swe-bench-verified,django__django-11163,2,PLe
swe-bench-verified,django__django-11163,0,PLp
swe-bench-verified,django__django-11163,1,PLs
swe-bench-verified,django__django-11179,0,MSc
swe-bench-verified,django__django-11179,0,MSm
swe-bench-verified,django__django-11179,3,PLe
swe-bench-verified,django__django-11179,1,PLp
swe-bench-verified,django__django-11179,1,PLs
swe-bench-verified,django__django-11206,0,MSc
swe-bench-verified,django__django-11206,0,MSm
swe-bench-verified,django__django-11206,3,PLe
swe-bench-verified,django__django-11206,2,PLp
swe-bench-verified,django__django-11206,1,PLs
swe-bench-verified,django__django-11211,0,MSc
swe-bench-verified,django__django-11211,0,MSm
swe-bench-verified,django__django-11211,3,PLe
swe-bench-verified,django__django-11211,2,PLp
swe-bench-verified,django__django-11211,1,PLs
swe-bench-verified,django__django-11239,0,MSc
swe-bench-verified,django__django-11239,0,MSm
swe-bench-verified,django__django-11239,3,PLe
swe-bench-verified,django__django-11239,1,PLp
swe-bench-verified,django__django-11239,1,PLs
swe-bench-verified,django__django-11265,0,MSc
swe-bench-verified,django__django-11265,0,MSm
swe-bench-verified,django__django-11265,3,PLe
swe-bench-verified,django__django-11265,2,PLp
swe-bench-verified,django__django-11265,1,PLs
swe-bench-verified,django__django-11276,0,MSc
swe-bench-verified,django__django-11276,0,MSm
swe-bench-verified,django__django-11276,3,PLe
swe-bench-verified,django__django-11276,1,PLp
swe-bench-verified,django__django-11276,1,PLs
swe-bench-verified,django__django-11292,0,MSc
swe-bench-verified,django__django-11292,0,MSm
swe-bench-verified,django__django-11292,3,PLe
swe-bench-verified,django__django-11292,2,PLp
swe-bench-verified,django__django-11292,1,PLs
swe-bench-verified,django__django-11299,0,MSc
swe-bench-verified,django__django-11299,0,MSm
swe-bench-verified,django__django-11299,3,PLe
swe-bench-verified,django__django-11299,2,PLp
swe-bench-verified,django__django-11299,1,PLs
swe-bench-verified,django__django-11333,0,MSc
swe-bench-verified,django__django-11333,0,MSm
swe-bench-verified,django__django-11333,3,PLe
swe-bench-verified,django__django-11333,1,PLp
swe-bench-verified,django__django-11333,2,PLs
swe-bench-verified,django__django-11433,0,MSc
swe-bench-verified,django__django-11433,0,MSm
swe-bench-verified,django__django-11433,3,PLe
swe-bench-verified,django__django-11433,2,PLp
swe-bench-verified,django__django-11433,1,PLs
swe-bench-verified,django__django-11451,0,MSc
swe-bench-verified,django__django-11451,0,MSm
swe-bench-verified,django__django-11451,3,PLe
swe-bench-verified,django__django-11451,1,PLp
swe-bench-verified,django__django-11451,1,PLs
swe-bench-verified,django__django-11477,0,MSc
swe-bench-verified,django__django-11477,0,MSm
swe-bench-verified,django__django-11477,3,PLe
swe-bench-verified,django__django-11477,2,PLp
swe-bench-verified,django__django-11477,1,PLs
swe-bench-verified,django__django-11490,0,MSc
swe-bench-verified,django__django-11490,0,MSm
swe-bench-verified,django__django-11490,3,PLe
swe-bench-verified,django__django-11490,2,PLp
swe-bench-verified,django__django-11490,1,PLs
swe-bench-verified,django__django-11532,0,MSc
swe-bench-verified,django__django-11532,0,MSm
swe-bench-verified,django__django-11532,3,PLe
swe-bench-verified,django__django-11532,2,PLp
swe-bench-verified,django__django-11532,1,PLs
swe-bench-verified,django__django-11551,0,MSc
swe-bench-verified,django__django-11551,0,MSm
swe-bench-verified,django__django-11551,3,PLe
swe-bench-verified,django__django-11551,1,PLp
swe-bench-verified,django__django-11551,1,PLs
swe-bench-verified,django__django-11555,0,MSc
swe-bench-verified,django__django-11555,0,MSm
swe-bench-verified,django__django-11555,3,PLe
swe-bench-verified,django__django-11555,2,PLp
swe-bench-verified,django__django-11555,1,PLs
swe-bench-verified,django__django-11603,0,MSc
swe-bench-verified,django__django-11603,0,MSm
swe-bench-verified,django__django-11603,2,PLe
swe-bench-verified,django__django-11603,1,PLp
swe-bench-verified,django__django-11603,1,PLs
swe-bench-verified,django__django-11728,0,MSc
swe-bench-verified,django__django-11728,0,MSm
swe-bench-verified,django__django-11728,3,PLe
swe-bench-verified,django__django-11728,1,PLp
swe-bench-verified,django__django-11728,1,PLs
swe-bench-verified,django__django-11734,0,MSc
swe-bench-verified,django__django-11734,0,MSm
swe-bench-verified,django__django-11734,3,PLe
swe-bench-verified,django__django-11734,3,PLp
swe-bench-verified,django__django-11734,1,PLs
swe-bench-verified,django__django-11740,0,MSc
swe-bench-verified,django__django-11740,0,MSm
swe-bench-verified,django__django-11740,3,PLe
swe-bench-verified,django__django-11740,2,PLp
swe-bench-verified,django__django-11740,1,PLs
swe-bench-verified,django__django-11749,0,MSc
swe-bench-verified,django__django-11749,0,MSm
swe-bench-verified,django__django-11749,3,PLe
swe-bench-verified,django__django-11749,2,PLp
swe-bench-verified,django__django-11749,1,PLs
swe-bench-verified,django__django-11790,0,MSc
swe-bench-verified,django__django-11790,0,MSm
swe-bench-verified,django__django-11790,3,PLe
swe-bench-verified,django__django-11790,1,PLp
swe-bench-verified,django__django-11790,1,PLs
swe-bench-verified,django__django-11815,0,MSc
swe-bench-verified,django__django-11815,0,MSm
swe-bench-verified,django__django-11815,3,PLe
swe-bench-verified,django__django-11815,1,PLp
swe-bench-verified,django__django-11815,1,PLs
swe-bench-verified,django__django-11820,0,MSc
swe-bench-verified,django__django-11820,0,MSm
swe-bench-verified,django__django-11820,3,PLe
swe-bench-verified,django__django-11820,2,PLp
swe-bench-verified,django__django-11820,1,PLs
swe-bench-verified,django__django-11848,0,MSc
swe-bench-verified,django__django-11848,0,MSm
swe-bench-verified,django__django-11848,3,PLe
swe-bench-verified,django__django-11848,2,PLp
swe-bench-verified,django__django-11848,1,PLs
swe-bench-verified,django__django-11880,0,MSc
swe-bench-verified,django__django-11880,0,MSm
swe-bench-verified,django__django-11880,3,PLe
swe-bench-verified,django__django-11880,1,PLp
swe-bench-verified,django__django-11880,1,PLs
swe-bench-verified,django__django-11885,0,MSc
swe-bench-verified,django__django-11885,0,MSm
swe-bench-verified,django__django-11885,3,PLe
swe-bench-verified,django__django-11885,2,PLp
swe-bench-verified,django__django-11885,1,PLs
swe-bench-verified,django__django-11951,0,MSc
swe-bench-verified,django__django-11951,0,MSm
swe-bench-verified,django__django-11951,2,PLe
swe-bench-verified,django__django-11951,0,PLp
swe-bench-verified,django__django-11951,1,PLs
swe-bench-verified,django__django-11964,0,MSc
swe-bench-verified,django__django-11964,0,MSm
swe-bench-verified,django__django-11964,3,PLe
swe-bench-verified,django__django-11964,2,PLp
swe-bench-verified,django__django-11964,1,PLs
swe-bench-verified,django__django-11999,0,MSc
swe-bench-verified,django__django-11999,0,MSm
swe-bench-verified,django__django-11999,3,PLe
swe-bench-verified,django__django-11999,1,PLp
swe-bench-verified,django__django-11999,1,PLs
swe-bench-verified,django__django-12039,0,MSc
swe-bench-verified,django__django-12039,0,MSm
swe-bench-verified,django__django-12039,3,PLe
swe-bench-verified,django__django-12039,2,PLp
swe-bench-verified,django__django-12039,1,PLs
swe-bench-verified,django__django-12050,0,MSc
swe-bench-verified,django__django-12050,0,MSm
swe-bench-verified,django__django-12050,3,PLe
swe-bench-verified,django__django-12050,1,PLp
swe-bench-verified,django__django-12050,1,PLs
swe-bench-verified,django__django-12125,0,MSc
swe-bench-verified,django__django-12125,0,MSm
swe-bench-verified,django__django-12125,3,PLe
swe-bench-verified,django__django-12125,2,PLp
swe-bench-verified,django__django-12125,1,PLs
swe-bench-verified,django__django-12143,0,MSc
swe-bench-verified,django__django-12143,0,MSm
swe-bench-verified,django__django-12143,3,PLe
swe-bench-verified,django__django-12143,1,PLp
swe-bench-verified,django__django-12143,1,PLs
swe-bench-verified,django__django-12155,0,MSc
swe-bench-verified,django__django-12155,0,MSm
swe-bench-verified,django__django-12155,3,PLe
swe-bench-verified,django__django-12155,1,PLp
swe-bench-verified,django__django-12155,1,PLs
swe-bench-verified,django__django-12193,0,MSc
swe-bench-verified,django__django-12193,0,MSm
swe-bench-verified,django__django-12193,3,PLe
swe-bench-verified,django__django-12193,1,PLp
swe-bench-verified,django__django-12193,1,PLs
swe-bench-verified,django__django-12209,0,MSc
swe-bench-verified,django__django-12209,0,MSm
swe-bench-verified,django__django-12209,3,PLe
swe-bench-verified,django__django-12209,2,PLp
swe-bench-verified,django__django-12209,1,PLs
swe-bench-verified,django__django-12262,0,MSc
swe-bench-verified,django__django-12262,0,MSm
swe-bench-verified,django__django-12262,3,PLe
swe-bench-verified,django__django-12262,2,PLp
swe-bench-verified,django__django-12262,1,PLs
swe-bench-verified,django__django-12273,0,MSc
swe-bench-verified,django__django-12273,0,MSm
swe-bench-verified,django__django-12273,3,PLe
swe-bench-verified,django__django-12273,2,PLp
swe-bench-verified,django__django-12273,2,PLs
swe-bench-verified,django__django-12276,0,MSc
swe-bench-verified,django__django-12276,0,MSm
swe-bench-verified,django__django-12276,3,PLe
swe-bench-verified,django__django-12276,1,PLp
swe-bench-verified,django__django-12276,1,PLs
swe-bench-verified,django__django-12304,0,MSc
swe-bench-verified,django__django-12304,0,MSm
swe-bench-verified,django__django-12304,3,PLe
swe-bench-verified,django__django-12304,1,PLp
swe-bench-verified,django__django-12304,1,PLs
swe-bench-verified,django__django-12308,0,MSc
swe-bench-verified,django__django-12308,0,MSm
swe-bench-verified,django__django-12308,3,PLe
swe-bench-verified,django__django-12308,1,PLp
swe-bench-verified,django__django-12308,1,PLs
swe-bench-verified,django__django-12419,0,MSc
swe-bench-verified,django__django-12419,0,MSm
swe-bench-verified,django__django-12419,3,PLe
swe-bench-verified,django__django-12419,1,PLp
swe-bench-verified,django__django-12419,1,PLs
swe-bench-verified,django__django-12663,0,MSc
swe-bench-verified,django__django-12663,0,MSm
swe-bench-verified,django__django-12663,3,PLe
swe-bench-verified,django__django-12663,2,PLp
swe-bench-verified,django__django-12663,1,PLs
swe-bench-verified,django__django-12708,0,MSc
swe-bench-verified,django__django-12708,0,MSm
swe-bench-verified,django__django-12708,3,PLe
swe-bench-verified,django__django-12708,2,PLp
swe-bench-verified,django__django-12708,1,PLs
swe-bench-verified,django__django-12713,0,MSc
swe-bench-verified,django__django-12713,0,MSm
swe-bench-verified,django__django-12713,3,PLe
swe-bench-verified,django__django-12713,1,PLp
swe-bench-verified,django__django-12713,1,PLs
swe-bench-verified,django__django-12741,0,MSc
swe-bench-verified,django__django-12741,0,MSm
swe-bench-verified,django__django-12741,3,PLe
swe-bench-verified,django__django-12741,1,PLp
swe-bench-verified,django__django-12741,1,PLs
swe-bench-verified,django__django-12754,0,MSc
swe-bench-verified,django__django-12754,0,MSm
swe-bench-verified,django__django-12754,3,PLe
swe-bench-verified,django__django-12754,2,PLp
swe-bench-verified,django__django-12754,1,PLs
swe-bench-verified,django__django-12774,0,MSc
swe-bench-verified,django__django-12774,0,MSm
swe-bench-verified,django__django-12774,3,PLe
swe-bench-verified,django__django-12774,2,PLp
swe-bench-verified,django__django-12774,1,PLs
swe-bench-verified,django__django-12858,0,MSc
swe-bench-verified,django__django-12858,0,MSm
swe-bench-verified,django__django-12858,3,PLe
swe-bench-verified,django__django-12858,2,PLp
swe-bench-verified,django__django-12858,1,PLs
swe-bench-verified,django__django-12965,0,MSc
swe-bench-verified,django__django-12965,0,MSm
swe-bench-verified,django__django-12965,3,PLe
swe-bench-verified,django__django-12965,2,PLp
swe-bench-verified,django__django-12965,1,PLs
swe-bench-verified,django__django-13012,0,MSc
swe-bench-verified,django__django-13012,0,MSm
swe-bench-verified,django__django-13012,3,PLe
swe-bench-verified,django__django-13012,2,PLp
swe-bench-verified,django__django-13012,1,PLs
swe-bench-verified,django__django-13023,0,MSc
swe-bench-verified,django__django-13023,0,MSm
swe-bench-verified,django__django-13023,3,PLe
swe-bench-verified,django__django-13023,1,PLp
swe-bench-verified,django__django-13023,1,PLs
swe-bench-verified,django__django-13028,0,MSc
swe-bench-verified,django__django-13028,0,MSm
swe-bench-verified,django__django-13028,3,PLe
swe-bench-verified,django__django-13028,2,PLp
swe-bench-verified,django__django-13028,1,PLs
swe-bench-verified,django__django-13033,0,MSc
swe-bench-verified,django__django-13033,0,MSm
swe-bench-verified,django__django-13033,3,PLe
swe-bench-verified,django__django-13033,2,PLp
swe-bench-verified,django__django-13033,1,PLs
swe-bench-verified,django__django-13089,0,MSc
swe-bench-verified,django__django-13089,0,MSm
swe-bench-verified,django__django-13089,3,PLe
swe-bench-verified,django__django-13089,1,PLp
swe-bench-verified,django__django-13089,1,PLs
swe-bench-verified,django__django-13109,0,MSc
swe-bench-verified,django__django-13109,0,MSm
swe-bench-verified,django__django-13109,3,PLe
swe-bench-verified,django__django-13109,1,PLp
swe-bench-verified,django__django-13109,1,PLs
swe-bench-verified,django__django-13112,0,MSc
swe-bench-verified,django__django-13112,0,MSm
swe-bench-verified,django__django-13112,3,PLe
swe-bench-verified,django__django-13112,2,PLp
swe-bench-verified,django__django-13112,1,PLs
swe-bench-verified,django__django-13121,0,MSc
swe-bench-verified,django__django-13121,0,MSm
swe-bench-verified,django__django-13121,3,PLe
swe-bench-verified,django__django-13121,2,PLp
swe-bench-verified,django__django-13121,1,PLs
swe-bench-verified,django__django-13128,0,MSc
swe-bench-verified,django__django-13128,0,MSm
swe-bench-verified,django__django-13128,3,PLe
swe-bench-verified,django__django-13128,3,PLp
swe-bench-verified,django__django-13128,1,PLs
swe-bench-verified,django__django-13158,0,MSc
swe-bench-verified,django__django-13158,0,MSm
swe-bench-verified,django__django-13158,3,PLe
swe-bench-verified,django__django-13158,2,PLp
swe-bench-verified,django__django-13158,1,PLs
swe-bench-verified,django__django-13195,0,MSc
swe-bench-verified,django__django-13195,0,MSm
swe-bench-verified,django__django-13195,3,PLe
swe-bench-verified,django__django-13195,2,PLp
swe-bench-verified,django__django-13195,1,PLs
swe-bench-verified,django__django-13279,0,MSc
swe-bench-verified,django__django-13279,0,MSm
swe-bench-verified,django__django-13279,3,PLe
swe-bench-verified,django__django-13279,2,PLp
swe-bench-verified,django__django-13279,1,PLs
swe-bench-verified,django__django-13297,0,MSc
swe-bench-verified,django__django-13297,0,MSm
swe-bench-verified,django__django-13297,3,PLe
swe-bench-verified,django__django-13297,2,PLp
swe-bench-verified,django__django-13297,1,PLs
swe-bench-verified,django__django-13315,0,MSc
swe-bench-verified,django__django-13315,0,MSm
swe-bench-verified,django__django-13315,3,PLe
swe-bench-verified,django__django-13315,2,PLp
swe-bench-verified,django__django-13315,1,PLs
swe-bench-verified,django__django-13343,0,MSc
swe-bench-verified,django__django-13343,0,MSm
swe-bench-verified,django__django-13343,3,PLe
swe-bench-verified,django__django-13343,2,PLp
swe-bench-verified,django__django-13343,1,PLs
swe-bench-verified,django__django-13344,0,MSc
swe-bench-verified,django__django-13344,0,MSm
swe-bench-verified,django__django-13344,3,PLe
swe-bench-verified,django__django-13344,2,PLp
swe-bench-verified,django__django-13344,1,PLs
swe-bench-verified,django__django-13346,0,MSc
swe-bench-verified,django__django-13346,0,MSm
swe-bench-verified,django__django-13346,3,PLe
swe-bench-verified,django__django-13346,2,PLp
swe-bench-verified,django__django-13346,1,PLs
swe-bench-verified,django__django-13363,0,MSc
swe-bench-verified,django__django-13363,0,MSm
swe-bench-verified,django__django-13363,3,PLe
swe-bench-verified,django__django-13363,1,PLp
swe-bench-verified,django__django-13363,1,PLs
swe-bench-verified,django__django-13406,0,MSc
swe-bench-verified,django__django-13406,0,MSm
swe-bench-verified,django__django-13406,3,PLe
swe-bench-verified,django__django-13406,2,PLp
swe-bench-verified,django__django-13406,1,PLs
swe-bench-verified,django__django-13410,0,MSc
swe-bench-verified,django__django-13410,0,MSm
swe-bench-verified,django__django-13410,2,PLe
swe-bench-verified,django__django-13410,0,PLp
swe-bench-verified,django__django-13410,1,PLs
swe-bench-verified,django__django-13417,0,MSc
swe-bench-verified,django__django-13417,0,MSm
swe-bench-verified,django__django-13417,3,PLe
swe-bench-verified,django__django-13417,2,PLp
swe-bench-verified,django__django-13417,1,PLs
swe-bench-verified,django__django-13449,0,MSc
swe-bench-verified,django__django-13449,0,MSm
swe-bench-verified,django__django-13449,3,PLe
swe-bench-verified,django__django-13449,2,PLp
swe-bench-verified,django__django-13449,1,PLs
swe-bench-verified,django__django-13512,0,MSc
swe-bench-verified,django__django-13512,0,MSm
swe-bench-verified,django__django-13512,3,PLe
swe-bench-verified,django__django-13512,1,PLp
swe-bench-verified,django__django-13512,1,PLs
swe-bench-verified,django__django-13516,0,MSc
swe-bench-verified,django__django-13516,0,MSm
swe-bench-verified,django__django-13516,3,PLe
swe-bench-verified,django__django-13516,1,PLp
swe-bench-verified,django__django-13516,1,PLs
swe-bench-verified,django__django-13551,0,MSc
swe-bench-verified,django__django-13551,0,MSm
swe-bench-verified,django__django-13551,3,PLe
swe-bench-verified,django__django-13551,2,PLp
swe-bench-verified,django__django-13551,1,PLs
swe-bench-verified,django__django-13568,0,MSc
swe-bench-verified,django__django-13568,0,MSm
swe-bench-verified,django__django-13568,3,PLe
swe-bench-verified,django__django-13568,2,PLp
swe-bench-verified,django__django-13568,1,PLs
swe-bench-verified,django__django-13569,0,MSc
swe-bench-verified,django__django-13569,0,MSm
swe-bench-verified,django__django-13569,3,PLe
swe-bench-verified,django__django-13569,2,PLp
swe-bench-verified,django__django-13569,1,PLs
swe-bench-verified,django__django-13590,0,MSc
swe-bench-verified,django__django-13590,0,MSm
swe-bench-verified,django__django-13590,3,PLe
swe-bench-verified,django__django-13590,1,PLp
swe-bench-verified,django__django-13590,1,PLs
swe-bench-verified,django__django-13658,0,MSc
swe-bench-verified,django__django-13658,0,MSm
swe-bench-verified,django__django-13658,2,PLe
swe-bench-verified,django__django-13658,0,PLp
swe-bench-verified,django__django-13658,1,PLs
swe-bench-verified,django__django-13670,0,MSc
swe-bench-verified,django__django-13670,0,MSm
swe-bench-verified,django__django-13670,3,PLe
swe-bench-verified,django__django-13670,1,PLp
swe-bench-verified,django__django-13670,1,PLs
swe-bench-verified,django__django-13741,0,MSc
swe-bench-verified,django__django-13741,0,MSm
swe-bench-verified,django__django-13741,3,PLe
swe-bench-verified,django__django-13741,1,PLp
swe-bench-verified,django__django-13741,1,PLs
swe-bench-verified,django__django-13786,0,MSc
swe-bench-verified,django__django-13786,0,MSm
swe-bench-verified,django__django-13786,3,PLe
swe-bench-verified,django__django-13786,2,PLp
swe-bench-verified,django__django-13786,1,PLs
swe-bench-verified,django__django-13794,0,MSc
swe-bench-verified,django__django-13794,0,MSm
swe-bench-verified,django__django-13794,3,PLe
swe-bench-verified,django__django-13794,1,PLp
swe-bench-verified,django__django-13794,1,PLs
swe-bench-verified,django__django-13807,0,MSc
swe-bench-verified,django__django-13807,0,MSm
swe-bench-verified,django__django-13807,3,PLe
swe-bench-verified,django__django-13807,1,PLp
swe-bench-verified,django__django-13807,1,PLs
swe-bench-verified,django__django-13810,0,MSc
swe-bench-verified,django__django-13810,0,MSm
swe-bench-verified,django__django-13810,3,PLe
swe-bench-verified,django__django-13810,2,PLp
swe-bench-verified,django__django-13810,1,PLs
swe-bench-verified,django__django-13820,0,MSc
swe-bench-verified,django__django-13820,0,MSm
swe-bench-verified,django__django-13820,3,PLe
swe-bench-verified,django__django-13820,1,PLp
swe-bench-verified,django__django-13820,1,PLs
swe-bench-verified,django__django-13821,0,MSc
swe-bench-verified,django__django-13821,0,MSm
swe-bench-verified,django__django-13821,3,PLe
swe-bench-verified,django__django-13821,2,PLp
swe-bench-verified,django__django-13821,1,PLs
swe-bench-verified,django__django-13837,0,MSc
swe-bench-verified,django__django-13837,0,MSm
swe-bench-verified,django__django-13837,3,PLe
swe-bench-verified,django__django-13837,2,PLp
swe-bench-verified,django__django-13837,1,PLs
swe-bench-verified,django__django-13925,0,MSc
swe-bench-verified,django__django-13925,0,MSm
swe-bench-verified,django__django-13925,3,PLe
swe-bench-verified,django__django-13925,2,PLp
swe-bench-verified,django__django-13925,1,PLs
swe-bench-verified,django__django-13933,0,MSc
swe-bench-verified,django__django-13933,0,MSm
swe-bench-verified,django__django-13933,3,PLe
swe-bench-verified,django__django-13933,1,PLp
swe-bench-verified,django__django-13933,1,PLs
swe-bench-verified,django__django-13964,0,MSc
swe-bench-verified,django__django-13964,0,MSm
swe-bench-verified,django__django-13964,3,PLe
swe-bench-verified,django__django-13964,2,PLp
swe-bench-verified,django__django-13964,1,PLs
swe-bench-verified,django__django-14007,0,MSc
swe-bench-verified,django__django-14007,0,MSm
swe-bench-verified,django__django-14007,3,PLe
swe-bench-verified,django__django-14007,2,PLp
swe-bench-verified,django__django-14007,1,PLs
swe-bench-verified,django__django-14017,0,MSc
swe-bench-verified,django__django-14017,0,MSm
swe-bench-verified,django__django-14017,3,PLe
swe-bench-verified,django__django-14017,2,PLp
swe-bench-verified,django__django-14017,1,PLs
swe-bench-verified,django__django-14053,0,MSc
swe-bench-verified,django__django-14053,0,MSm
swe-bench-verified,django__django-14053,3,PLe
swe-bench-verified,django__django-14053,2,PLp
swe-bench-verified,django__django-14053,1,PLs
swe-bench-verified,django__django-14089,0,MSc
swe-bench-verified,django__django-14089,0,MSm
swe-bench-verified,django__django-14089,2,PLe
swe-bench-verified,django__django-14089,0,PLp
swe-bench-verified,django__django-14089,1,PLs
swe-bench-verified,django__django-14122,0,MSc
swe-bench-verified,django__django-14122,0,MSm
swe-bench-verified,django__django-14122,3,PLe
swe-bench-verified,django__django-14122,2,PLp
swe-bench-verified,django__django-14122,1,PLs
swe-bench-verified,django__django-14140,0,MSc
swe-bench-verified,django__django-14140,0,MSm
swe-bench-verified,django__django-14140,3,PLe
swe-bench-verified,django__django-14140,2,PLp
swe-bench-verified,django__django-14140,1,PLs
swe-bench-verified,django__django-14170,0,MSc
swe-bench-verified,django__django-14170,0,MSm
swe-bench-verified,django__django-14170,3,PLe
swe-bench-verified,django__django-14170,2,PLp
swe-bench-verified,django__django-14170,1,PLs
swe-bench-verified,django__django-14238,0,MSc
swe-bench-verified,django__django-14238,0,MSm
swe-bench-verified,django__django-14238,3,PLe
swe-bench-verified,django__django-14238,1,PLp
swe-bench-verified,django__django-14238,1,PLs
swe-bench-verified,django__django-14311,0,MSc
swe-bench-verified,django__django-14311,0,MSm
swe-bench-verified,django__django-14311,3,PLe
swe-bench-verified,django__django-14311,2,PLp
swe-bench-verified,django__django-14311,1,PLs
swe-bench-verified,django__django-14315,0,MSc
swe-bench-verified,django__django-14315,0,MSm
swe-bench-verified,django__django-14315,3,PLe
swe-bench-verified,django__django-14315,1,PLp
swe-bench-verified,django__django-14315,1,PLs
swe-bench-verified,django__django-14349,0,MSc
swe-bench-verified,django__django-14349,0,MSm
swe-bench-verified,django__django-14349,3,PLe
swe-bench-verified,django__django-14349,1,PLp
swe-bench-verified,django__django-14349,1,PLs
swe-bench-verified,django__django-14351,0,MSc
swe-bench-verified,django__django-14351,0,MSm
swe-bench-verified,django__django-14351,3,PLe
swe-bench-verified,django__django-14351,2,PLp
swe-bench-verified,django__django-14351,1,PLs
swe-bench-verified,django__django-14373,0,MSc
swe-bench-verified,django__django-14373,0,MSm
swe-bench-verified,django__django-14373,3,PLe
swe-bench-verified,django__django-14373,1,PLp
swe-bench-verified,django__django-14373,1,PLs
swe-bench-verified,django__django-14376,0,MSc
swe-bench-verified,django__django-14376,0,MSm
swe-bench-verified,django__django-14376,3,PLe
swe-bench-verified,django__django-14376,1,PLp
swe-bench-verified,django__django-14376,1,PLs
swe-bench-verified,django__django-14404,0,MSc
swe-bench-verified,django__django-14404,0,MSm
swe-bench-verified,django__django-14404,3,PLe
swe-bench-verified,django__django-14404,1,PLp
swe-bench-verified,django__django-14404,1,PLs
swe-bench-verified,django__django-14434,0,MSc
swe-bench-verified,django__django-14434,0,MSm
swe-bench-verified,django__django-14434,3,PLe
swe-bench-verified,django__django-14434,1,PLp
swe-bench-verified,django__django-14434,1,PLs
swe-bench-verified,django__django-14493,0,MSc
swe-bench-verified,django__django-14493,0,MSm
swe-bench-verified,django__django-14493,3,PLe
swe-bench-verified,django__django-14493,1,PLp
swe-bench-verified,django__django-14493,1,PLs
swe-bench-verified,django__django-14500,0,MSc
swe-bench-verified,django__django-14500,0,MSm
swe-bench-verified,django__django-14500,3,PLe
swe-bench-verified,django__django-14500,1,PLp
swe-bench-verified,django__django-14500,1,PLs
swe-bench-verified,django__django-14534,0,MSc
swe-bench-verified,django__django-14534,0,MSm
swe-bench-verified,django__django-14534,3,PLe
swe-bench-verified,django__django-14534,1,PLp
swe-bench-verified,django__django-14534,1,PLs
swe-bench-verified,django__django-14539,0,MSc
swe-bench-verified,django__django-14539,0,MSm
swe-bench-verified,django__django-14539,3,PLe
swe-bench-verified,django__django-14539,2,PLp
swe-bench-verified,django__django-14539,1,PLs
swe-bench-verified,django__django-14559,0,MSc
swe-bench-verified,django__django-14559,0,MSm
swe-bench-verified,django__django-14559,3,PLe
swe-bench-verified,django__django-14559,1,PLp
swe-bench-verified,django__django-14559,1,PLs
swe-bench-verified,django__django-14580,0,MSc
swe-bench-verified,django__django-14580,0,MSm
swe-bench-verified,django__django-14580,3,PLe
swe-bench-verified,django__django-14580,2,PLp
swe-bench-verified,django__django-14580,1,PLs
swe-bench-verified,django__django-14608,0,MSc
swe-bench-verified,django__django-14608,0,MSm
swe-bench-verified,django__django-14608,3,PLe
swe-bench-verified,django__django-14608,1,PLp
swe-bench-verified,django__django-14608,1,PLs
swe-bench-verified,django__django-14631,0,MSc
swe-bench-verified,django__django-14631,0,MSm
swe-bench-verified,django__django-14631,3,PLe
swe-bench-verified,django__django-14631,2,PLp
swe-bench-verified,django__django-14631,1,PLs
swe-bench-verified,django__django-14672,0,MSc
swe-bench-verified,django__django-14672,0,MSm
swe-bench-verified,django__django-14672,2,PLe
swe-bench-verified,django__django-14672,1,PLp
swe-bench-verified,django__django-14672,1,PLs
swe-bench-verified,django__django-14752,0,MSc
swe-bench-verified,django__django-14752,0,MSm
swe-bench-verified,django__django-14752,2,PLe
swe-bench-verified,django__django-14752,0,PLp
swe-bench-verified,django__django-14752,1,PLs
swe-bench-verified,django__django-14765,0,MSc
swe-bench-verified,django__django-14765,0,MSm
swe-bench-verified,django__django-14765,2,PLe
swe-bench-verified,django__django-14765,0,PLp
swe-bench-verified,django__django-14765,1,PLs
swe-bench-verified,django__django-14771,0,MSc
swe-bench-verified,django__django-14771,0,MSm
swe-bench-verified,django__django-14771,3,PLe
swe-bench-verified,django__django-14771,2,PLp
swe-bench-verified,django__django-14771,1,PLs
swe-bench-verified,django__django-14792,0,MSc
swe-bench-verified,django__django-14792,0,MSm
swe-bench-verified,django__django-14792,3,PLe
swe-bench-verified,django__django-14792,2,PLp
swe-bench-verified,django__django-14792,1,PLs
swe-bench-verified,django__django-14855,0,MSc
swe-bench-verified,django__django-14855,0,MSm
swe-bench-verified,django__django-14855,3,PLe
swe-bench-verified,django__django-14855,1,PLp
swe-bench-verified,django__django-14855,1,PLs
swe-bench-verified,django__django-14999,0,MSc
swe-bench-verified,django__django-14999,0,MSm
swe-bench-verified,django__django-14999,3,PLe
swe-bench-verified,django__django-14999,2,PLp
swe-bench-verified,django__django-14999,1,PLs
swe-bench-verified,django__django-15022,0,MSc
swe-bench-verified,django__django-15022,0,MSm
swe-bench-verified,django__django-15022,3,PLe
swe-bench-verified,django__django-15022,2,PLp
swe-bench-verified,django__django-15022,1,PLs
swe-bench-verified,django__django-15037,0,MSc
swe-bench-verified,django__django-15037,0,MSm
swe-bench-verified,django__django-15037,3,PLe
swe-bench-verified,django__django-15037,2,PLp
swe-bench-verified,django__django-15037,1,PLs
swe-bench-verified,django__django-15098,0,MSc
swe-bench-verified,django__django-15098,0,MSm
swe-bench-verified,django__django-15098,3,PLe
swe-bench-verified,django__django-15098,2,PLp
swe-bench-verified,django__django-15098,1,PLs
swe-bench-verified,django__django-15103,0,MSc
swe-bench-verified,django__django-15103,0,MSm
swe-bench-verified,django__django-15103,3,PLe
swe-bench-verified,django__django-15103,2,PLp
swe-bench-verified,django__django-15103,1,PLs
swe-bench-verified,django__django-15104,0,MSc
swe-bench-verified,django__django-15104,0,MSm
swe-bench-verified,django__django-15104,3,PLe
swe-bench-verified,django__django-15104,1,PLp
swe-bench-verified,django__django-15104,1,PLs
swe-bench-verified,django__django-15127,0,MSc
swe-bench-verified,django__django-15127,0,MSm
swe-bench-verified,django__django-15127,3,PLe
swe-bench-verified,django__django-15127,2,PLp
swe-bench-verified,django__django-15127,1,PLs
swe-bench-verified,django__django-15128,0,MSc
swe-bench-verified,django__django-15128,0,MSm
swe-bench-verified,django__django-15128,3,PLe
swe-bench-verified,django__django-15128,2,PLp
swe-bench-verified,django__django-15128,1,PLs
swe-bench-verified,django__django-15161,0,MSc
swe-bench-verified,django__django-15161,0,MSm
swe-bench-verified,django__django-15161,3,PLe
swe-bench-verified,django__django-15161,2,PLp
swe-bench-verified,django__django-15161,1,PLs
swe-bench-verified,django__django-15252,0,MSc
swe-bench-verified,django__django-15252,0,MSm
swe-bench-verified,django__django-15252,3,PLe
swe-bench-verified,django__django-15252,2,PLp
swe-bench-verified,django__django-15252,1,PLs
swe-bench-verified,django__django-15268,0,MSc
swe-bench-verified,django__django-15268,0,MSm
swe-bench-verified,django__django-15268,3,PLe
swe-bench-verified,django__django-15268,2,PLp
swe-bench-verified,django__django-15268,2,PLs
swe-bench-verified,django__django-15277,0,MSc
swe-bench-verified,django__django-15277,0,MSm
swe-bench-verified,django__django-15277,2,PLe
swe-bench-verified,django__django-15277,0,PLp
swe-bench-verified,django__django-15277,1,PLs
swe-bench-verified,django__django-15278,0,MSc
swe-bench-verified,django__django-15278,0,MSm
swe-bench-verified,django__django-15278,3,PLe
swe-bench-verified,django__django-15278,2,PLp
swe-bench-verified,django__django-15278,1,PLs
swe-bench-verified,django__django-15280,0,MSc
swe-bench-verified,django__django-15280,0,MSm
swe-bench-verified,django__django-15280,3,PLe
swe-bench-verified,django__django-15280,2,PLp
swe-bench-verified,django__django-15280,1,PLs
swe-bench-verified,django__django-15315,0,MSc
swe-bench-verified,django__django-15315,0,MSm
swe-bench-verified,django__django-15315,3,PLe
swe-bench-verified,django__django-15315,1,PLp
swe-bench-verified,django__django-15315,1,PLs
swe-bench-verified,django__django-15368,0,MSc
swe-bench-verified,django__django-15368,0,MSm
swe-bench-verified,django__django-15368,3,PLe
swe-bench-verified,django__django-15368,1,PLp
swe-bench-verified,django__django-15368,1,PLs
swe-bench-verified,django__django-15375,0,MSc
swe-bench-verified,django__django-15375,0,MSm
swe-bench-verified,django__django-15375,3,PLe
swe-bench-verified,django__django-15375,2,PLp
swe-bench-verified,django__django-15375,1,PLs
swe-bench-verified,django__django-15380,0,MSc
swe-bench-verified,django__django-15380,0,MSm
swe-bench-verified,django__django-15380,3,PLe
swe-bench-verified,django__django-15380,2,PLp
swe-bench-verified,django__django-15380,1,PLs
swe-bench-verified,django__django-15382,0,MSc
swe-bench-verified,django__django-15382,0,MSm
swe-bench-verified,django__django-15382,3,PLe
swe-bench-verified,django__django-15382,2,PLp
swe-bench-verified,django__django-15382,1,PLs
swe-bench-verified,django__django-15467,0,MSc
swe-bench-verified,django__django-15467,0,MSm
swe-bench-verified,django__django-15467,3,PLe
swe-bench-verified,django__django-15467,1,PLp
swe-bench-verified,django__django-15467,1,PLs
swe-bench-verified,django__django-15503,0,MSc
swe-bench-verified,django__django-15503,0,MSm
swe-bench-verified,django__django-15503,3,PLe
swe-bench-verified,django__django-15503,2,PLp
swe-bench-verified,django__django-15503,1,PLs
swe-bench-verified,django__django-15525,0,MSc
swe-bench-verified,django__django-15525,0,MSm
swe-bench-verified,django__django-15525,3,PLe
swe-bench-verified,django__django-15525,2,PLp
swe-bench-verified,django__django-15525,1,PLs
swe-bench-verified,django__django-15554,0,MSc
swe-bench-verified,django__django-15554,0,MSm
swe-bench-verified,django__django-15554,3,PLe
swe-bench-verified,django__django-15554,2,PLp
swe-bench-verified,django__django-15554,1,PLs
swe-bench-verified,django__django-15561,0,MSc
swe-bench-verified,django__django-15561,0,MSm
swe-bench-verified,django__django-15561,3,PLe
swe-bench-verified,django__django-15561,2,PLp
swe-bench-verified,django__django-15561,1,PLs
swe-bench-verified,django__django-15563,0,MSc
swe-bench-verified,django__django-15563,0,MSm
swe-bench-verified,django__django-15563,3,PLe
swe-bench-verified,django__django-15563,2,PLp
swe-bench-verified,django__django-15563,1,PLs
swe-bench-verified,django__django-15569,0,MSc
swe-bench-verified,django__django-15569,0,MSm
swe-bench-verified,django__django-15569,3,PLe
swe-bench-verified,django__django-15569,1,PLp
swe-bench-verified,django__django-15569,1,PLs
swe-bench-verified,django__django-15572,0,MSc
swe-bench-verified,django__django-15572,0,MSm
swe-bench-verified,django__django-15572,3,PLe
swe-bench-verified,django__django-15572,2,PLp
swe-bench-verified,django__django-15572,2,PLs
swe-bench-verified,django__django-15695,0,MSc
swe-bench-verified,django__django-15695,0,MSm
swe-bench-verified,django__django-15695,3,PLe
swe-bench-verified,django__django-15695,2,PLp
swe-bench-verified,django__django-15695,1,PLs
swe-bench-verified,django__django-15731,0,MSc
swe-bench-verified,django__django-15731,0,MSm
swe-bench-verified,django__django-15731,3,PLe
swe-bench-verified,django__django-15731,1,PLp
swe-bench-verified,django__django-15731,1,PLs
swe-bench-verified,django__django-15732,0,MSc
swe-bench-verified,django__django-15732,0,MSm
swe-bench-verified,django__django-15732,3,PLe
swe-bench-verified,django__django-15732,2,PLp
swe-bench-verified,django__django-15732,1,PLs
swe-bench-verified,django__django-15741,0,MSc
swe-bench-verified,django__django-15741,0,MSm
swe-bench-verified,django__django-15741,3,PLe
swe-bench-verified,django__django-15741,1,PLp
swe-bench-verified,django__django-15741,1,PLs
swe-bench-verified,django__django-15814,0,MSc
swe-bench-verified,django__django-15814,0,MSm
swe-bench-verified,django__django-15814,3,PLe
swe-bench-verified,django__django-15814,1,PLp
swe-bench-verified,django__django-15814,1,PLs
swe-bench-verified,django__django-15851,0,MSc
swe-bench-verified,django__django-15851,0,MSm
swe-bench-verified,django__django-15851,3,PLe
swe-bench-verified,django__django-15851,1,PLp
swe-bench-verified,django__django-15851,1,PLs
swe-bench-verified,django__django-15863,0,MSc
swe-bench-verified,django__django-15863,0,MSm
swe-bench-verified,django__django-15863,3,PLe
swe-bench-verified,django__django-15863,2,PLp
swe-bench-verified,django__django-15863,1,PLs
swe-bench-verified,django__django-15916,0,MSc
swe-bench-verified,django__django-15916,0,MSm
swe-bench-verified,django__django-15916,3,PLe
swe-bench-verified,django__django-15916,2,PLp
swe-bench-verified,django__django-15916,1,PLs
swe-bench-verified,django__django-15930,0,MSc
swe-bench-verified,django__django-15930,0,MSm
swe-bench-verified,django__django-15930,3,PLe
swe-bench-verified,django__django-15930,2,PLp
swe-bench-verified,django__django-15930,1,PLs
swe-bench-verified,django__django-15957,0,MSc
swe-bench-verified,django__django-15957,0,MSm
swe-bench-verified,django__django-15957,3,PLe
swe-bench-verified,django__django-15957,3,PLp
swe-bench-verified,django__django-15957,1,PLs
swe-bench-verified,django__django-15973,0,MSc
swe-bench-verified,django__django-15973,0,MSm
swe-bench-verified,django__django-15973,3,PLe
swe-bench-verified,django__django-15973,2,PLp
swe-bench-verified,django__django-15973,1,PLs
swe-bench-verified,django__django-15987,0,MSc
swe-bench-verified,django__django-15987,0,MSm
swe-bench-verified,django__django-15987,3,PLe
swe-bench-verified,django__django-15987,1,PLp
swe-bench-verified,django__django-15987,1,PLs
swe-bench-verified,django__django-16032,0,MSc
swe-bench-verified,django__django-16032,0,MSm
swe-bench-verified,django__django-16032,3,PLe
swe-bench-verified,django__django-16032,2,PLp
swe-bench-verified,django__django-16032,1,PLs
swe-bench-verified,django__django-16082,0,MSc
swe-bench-verified,django__django-16082,0,MSm
swe-bench-verified,django__django-16082,3,PLe
swe-bench-verified,django__django-16082,1,PLp
swe-bench-verified,django__django-16082,1,PLs
swe-bench-verified,django__django-16100,0,MSc
swe-bench-verified,django__django-16100,0,MSm
swe-bench-verified,django__django-16100,3,PLe
swe-bench-verified,django__django-16100,1,PLp
swe-bench-verified,django__django-16100,1,PLs
swe-bench-verified,django__django-16136,0,MSc
swe-bench-verified,django__django-16136,0,MSm
swe-bench-verified,django__django-16136,3,PLe
swe-bench-verified,django__django-16136,2,PLp
swe-bench-verified,django__django-16136,1,PLs
swe-bench-verified,django__django-16145,0,MSc
swe-bench-verified,django__django-16145,0,MSm
swe-bench-verified,django__django-16145,3,PLe
swe-bench-verified,django__django-16145,1,PLp
swe-bench-verified,django__django-16145,1,PLs
swe-bench-verified,django__django-16255,0,MSc
swe-bench-verified,django__django-16255,0,MSm
swe-bench-verified,django__django-16255,3,PLe
swe-bench-verified,django__django-16255,1,PLp
swe-bench-verified,django__django-16255,1,PLs
swe-bench-verified,django__django-16256,0,MSc
swe-bench-verified,django__django-16256,0,MSm
swe-bench-verified,django__django-16256,3,PLe
swe-bench-verified,django__django-16256,2,PLp
swe-bench-verified,django__django-16256,1,PLs
swe-bench-verified,django__django-16315,0,MSc
swe-bench-verified,django__django-16315,0,MSm
swe-bench-verified,django__django-16315,3,PLe
swe-bench-verified,django__django-16315,2,PLp
swe-bench-verified,django__django-16315,1,PLs
swe-bench-verified,django__django-16333,0,MSc
swe-bench-verified,django__django-16333,0,MSm
swe-bench-verified,django__django-16333,3,PLe
swe-bench-verified,django__django-16333,1,PLp
swe-bench-verified,django__django-16333,1,PLs
swe-bench-verified,django__django-16429,0,MSc
swe-bench-verified,django__django-16429,0,MSm
swe-bench-verified,django__django-16429,2,PLe
swe-bench-verified,django__django-16429,1,PLp
swe-bench-verified,django__django-16429,1,PLs
swe-bench-verified,django__django-16454,0,MSc
swe-bench-verified,django__django-16454,0,MSm
swe-bench-verified,django__django-16454,3,PLe
swe-bench-verified,django__django-16454,2,PLp
swe-bench-verified,django__django-16454,1,PLs
swe-bench-verified,django__django-16493,0,MSc
swe-bench-verified,django__django-16493,0,MSm
swe-bench-verified,django__django-16493,3,PLe
swe-bench-verified,django__django-16493,2,PLp
swe-bench-verified,django__django-16493,1,PLs
swe-bench-verified,django__django-16527,0,MSc
swe-bench-verified,django__django-16527,0,MSm
swe-bench-verified,django__django-16527,3,PLe
swe-bench-verified,django__django-16527,0,PLp
swe-bench-verified,django__django-16527,1,PLs
swe-bench-verified,django__django-16560,0,MSc
swe-bench-verified,django__django-16560,0,MSm
swe-bench-verified,django__django-16560,3,PLe
swe-bench-verified,django__django-16560,2,PLp
swe-bench-verified,django__django-16560,1,PLs
swe-bench-verified,django__django-16569,0,MSc
swe-bench-verified,django__django-16569,0,MSm
swe-bench-verified,django__django-16569,2,PLe
swe-bench-verified,django__django-16569,1,PLp
swe-bench-verified,django__django-16569,1,PLs
swe-bench-verified,django__django-16612,0,MSc
swe-bench-verified,django__django-16612,0,MSm
swe-bench-verified,django__django-16612,3,PLe
swe-bench-verified,django__django-16612,1,PLp
swe-bench-verified,django__django-16612,1,PLs
swe-bench-verified,django__django-16642,0,MSc
swe-bench-verified,django__django-16642,0,MSm
swe-bench-verified,django__django-16642,3,PLe
swe-bench-verified,django__django-16642,1,PLp
swe-bench-verified,django__django-16642,1,PLs
swe-bench-verified,django__django-16661,0,MSc
swe-bench-verified,django__django-16661,0,MSm
swe-bench-verified,django__django-16661,3,PLe
swe-bench-verified,django__django-16661,2,PLp
swe-bench-verified,django__django-16661,1,PLs
swe-bench-verified,django__django-16662,0,MSc
swe-bench-verified,django__django-16662,0,MSm
swe-bench-verified,django__django-16662,3,PLe
swe-bench-verified,django__django-16662,1,PLp
swe-bench-verified,django__django-16662,1,PLs
swe-bench-verified,django__django-16801,0,MSc
swe-bench-verified,django__django-16801,0,MSm
swe-bench-verified,django__django-16801,3,PLe
swe-bench-verified,django__django-16801,1,PLp
swe-bench-verified,django__django-16801,1,PLs
swe-bench-verified,django__django-16819,0,MSc
swe-bench-verified,django__django-16819,0,MSm
swe-bench-verified,django__django-16819,3,PLe
swe-bench-verified,django__django-16819,2,PLp
swe-bench-verified,django__django-16819,1,PLs
swe-bench-verified,django__django-16877,0,MSc
swe-bench-verified,django__django-16877,0,MSm
swe-bench-verified,django__django-16877,3,PLe
swe-bench-verified,django__django-16877,1,PLp
swe-bench-verified,django__django-16877,1,PLs
swe-bench-verified,django__django-16899,0,MSc
swe-bench-verified,django__django-16899,0,MSm
swe-bench-verified,django__django-16899,3,PLe
swe-bench-verified,django__django-16899,1,PLp
swe-bench-verified,django__django-16899,1,PLs
swe-bench-verified,django__django-16901,0,MSc
swe-bench-verified,django__django-16901,0,MSm
swe-bench-verified,django__django-16901,3,PLe
swe-bench-verified,django__django-16901,2,PLp
swe-bench-verified,django__django-16901,1,PLs
swe-bench-verified,django__django-16938,0,MSc
swe-bench-verified,django__django-16938,0,MSm
swe-bench-verified,django__django-16938,3,PLe
swe-bench-verified,django__django-16938,2,PLp
swe-bench-verified,django__django-16938,1,PLs
swe-bench-verified,django__django-16950,0,MSc
swe-bench-verified,django__django-16950,0,MSm
swe-bench-verified,django__django-16950,3,PLe
swe-bench-verified,django__django-16950,2,PLp
swe-bench-verified,django__django-16950,1,PLs
swe-bench-verified,django__django-17029,0,MSc
swe-bench-verified,django__django-17029,0,MSm
swe-bench-verified,django__django-17029,3,PLe
swe-bench-verified,django__django-17029,0,PLp
swe-bench-verified,django__django-17029,1,PLs
swe-bench-verified,django__django-17084,0,MSc
swe-bench-verified,django__django-17084,0,MSm
swe-bench-verified,django__django-17084,3,PLe
swe-bench-verified,django__django-17084,2,PLp
swe-bench-verified,django__django-17084,1,PLs
swe-bench-verified,django__django-17087,0,MSc
swe-bench-verified,django__django-17087,0,MSm
swe-bench-verified,django__django-17087,3,PLe
swe-bench-verified,django__django-17087,2,PLp
swe-bench-verified,django__django-17087,1,PLs
swe-bench-verified,django__django-7530,0,MSc
swe-bench-verified,django__django-7530,0,MSm
swe-bench-verified,django__django-7530,3,PLe
swe-bench-verified,django__django-7530,1,PLp
swe-bench-verified,django__django-7530,1,PLs
swe-bench-verified,django__django-9296,0,MSc
swe-bench-verified,django__django-9296,0,MSm
swe-bench-verified,django__django-9296,2,PLe
swe-bench-verified,django__django-9296,0,PLp
swe-bench-verified,django__django-9296,1,PLs
swe-bench-verified,matplotlib__matplotlib-13989,0,MSc
swe-bench-verified,matplotlib__matplotlib-13989,0,MSm
swe-bench-verified,matplotlib__matplotlib-13989,3,PLe
swe-bench-verified,matplotlib__matplotlib-13989,1,PLp
swe-bench-verified,matplotlib__matplotlib-13989,1,PLs
swe-bench-verified,matplotlib__matplotlib-20488,0,MSc
swe-bench-verified,matplotlib__matplotlib-20488,0,MSm
swe-bench-verified,matplotlib__matplotlib-20488,3,PLe
swe-bench-verified,matplotlib__matplotlib-20488,2,PLp
swe-bench-verified,matplotlib__matplotlib-20488,1,PLs
swe-bench-verified,matplotlib__matplotlib-20676,0,MSc
swe-bench-verified,matplotlib__matplotlib-20676,0,MSm
swe-bench-verified,matplotlib__matplotlib-20676,3,PLe
swe-bench-verified,matplotlib__matplotlib-20676,2,PLp
swe-bench-verified,matplotlib__matplotlib-20676,1,PLs
swe-bench-verified,matplotlib__matplotlib-20826,0,MSc
swe-bench-verified,matplotlib__matplotlib-20826,0,MSm
swe-bench-verified,matplotlib__matplotlib-20826,3,PLe
swe-bench-verified,matplotlib__matplotlib-20826,2,PLp
swe-bench-verified,matplotlib__matplotlib-20826,1,PLs
swe-bench-verified,matplotlib__matplotlib-20859,0,MSc
swe-bench-verified,matplotlib__matplotlib-20859,0,MSm
swe-bench-verified,matplotlib__matplotlib-20859,2,PLe
swe-bench-verified,matplotlib__matplotlib-20859,1,PLp
swe-bench-verified,matplotlib__matplotlib-20859,1,PLs
swe-bench-verified,matplotlib__matplotlib-21568,0,MSc
swe-bench-verified,matplotlib__matplotlib-21568,0,MSm
swe-bench-verified,matplotlib__matplotlib-21568,3,PLe
swe-bench-verified,matplotlib__matplotlib-21568,2,PLp
swe-bench-verified,matplotlib__matplotlib-21568,1,PLs
swe-bench-verified,matplotlib__matplotlib-22719,0,MSc
swe-bench-verified,matplotlib__matplotlib-22719,0,MSm
swe-bench-verified,matplotlib__matplotlib-22719,3,PLe
swe-bench-verified,matplotlib__matplotlib-22719,1,PLp
swe-bench-verified,matplotlib__matplotlib-22719,1,PLs
swe-bench-verified,matplotlib__matplotlib-22865,0,MSc
swe-bench-verified,matplotlib__matplotlib-22865,0,MSm
swe-bench-verified,matplotlib__matplotlib-22865,3,PLe
swe-bench-verified,matplotlib__matplotlib-22865,1,PLp
swe-bench-verified,matplotlib__matplotlib-22865,1,PLs
swe-bench-verified,matplotlib__matplotlib-22871,0,MSc
swe-bench-verified,matplotlib__matplotlib-22871,0,MSm
swe-bench-verified,matplotlib__matplotlib-22871,3,PLe
swe-bench-verified,matplotlib__matplotlib-22871,2,PLp
swe-bench-verified,matplotlib__matplotlib-22871,1,PLs
swe-bench-verified,matplotlib__matplotlib-23299,0,MSc
swe-bench-verified,matplotlib__matplotlib-23299,0,MSm
swe-bench-verified,matplotlib__matplotlib-23299,3,PLe
swe-bench-verified,matplotlib__matplotlib-23299,2,PLp
swe-bench-verified,matplotlib__matplotlib-23299,1,PLs
swe-bench-verified,matplotlib__matplotlib-23412,0,MSc
swe-bench-verified,matplotlib__matplotlib-23412,0,MSm
swe-bench-verified,matplotlib__matplotlib-23412,3,PLe
swe-bench-verified,matplotlib__matplotlib-23412,2,PLp
swe-bench-verified,matplotlib__matplotlib-23412,1,PLs
swe-bench-verified,matplotlib__matplotlib-23476,0,MSc
swe-bench-verified,matplotlib__matplotlib-23476,0,MSm
swe-bench-verified,matplotlib__matplotlib-23476,3,PLe
swe-bench-verified,matplotlib__matplotlib-23476,2,PLp
swe-bench-verified,matplotlib__matplotlib-23476,1,PLs
swe-bench-verified,matplotlib__matplotlib-24026,0,MSc
swe-bench-verified,matplotlib__matplotlib-24026,0,MSm
swe-bench-verified,matplotlib__matplotlib-24026,3,PLe
swe-bench-verified,matplotlib__matplotlib-24026,2,PLp
swe-bench-verified,matplotlib__matplotlib-24026,1,PLs
swe-bench-verified,matplotlib__matplotlib-24149,0,MSc
swe-bench-verified,matplotlib__matplotlib-24149,0,MSm
swe-bench-verified,matplotlib__matplotlib-24149,3,PLe
swe-bench-verified,matplotlib__matplotlib-24149,1,PLp
swe-bench-verified,matplotlib__matplotlib-24149,1,PLs
swe-bench-verified,matplotlib__matplotlib-24177,0,MSc
swe-bench-verified,matplotlib__matplotlib-24177,0,MSm
swe-bench-verified,matplotlib__matplotlib-24177,3,PLe
swe-bench-verified,matplotlib__matplotlib-24177,2,PLp
swe-bench-verified,matplotlib__matplotlib-24177,1,PLs
swe-bench-verified,matplotlib__matplotlib-24570,0,MSc
swe-bench-verified,matplotlib__matplotlib-24570,0,MSm
swe-bench-verified,matplotlib__matplotlib-24570,3,PLe
swe-bench-verified,matplotlib__matplotlib-24570,1,PLp
swe-bench-verified,matplotlib__matplotlib-24570,1,PLs
swe-bench-verified,matplotlib__matplotlib-24627,0,MSc
swe-bench-verified,matplotlib__matplotlib-24627,0,MSm
swe-bench-verified,matplotlib__matplotlib-24627,3,PLe
swe-bench-verified,matplotlib__matplotlib-24627,2,PLp
swe-bench-verified,matplotlib__matplotlib-24627,1,PLs
swe-bench-verified,matplotlib__matplotlib-24637,0,MSc
swe-bench-verified,matplotlib__matplotlib-24637,0,MSm
swe-bench-verified,matplotlib__matplotlib-24637,3,PLe
swe-bench-verified,matplotlib__matplotlib-24637,1,PLp
swe-bench-verified,matplotlib__matplotlib-24637,1,PLs
swe-bench-verified,matplotlib__matplotlib-24870,0,MSc
swe-bench-verified,matplotlib__matplotlib-24870,0,MSm
swe-bench-verified,matplotlib__matplotlib-24870,3,PLe
swe-bench-verified,matplotlib__matplotlib-24870,2,PLp
swe-bench-verified,matplotlib__matplotlib-24870,1,PLs
swe-bench-verified,matplotlib__matplotlib-24970,0,MSc
swe-bench-verified,matplotlib__matplotlib-24970,0,MSm
swe-bench-verified,matplotlib__matplotlib-24970,3,PLe
swe-bench-verified,matplotlib__matplotlib-24970,2,PLp
swe-bench-verified,matplotlib__matplotlib-24970,1,PLs
swe-bench-verified,matplotlib__matplotlib-25122,0,MSc
swe-bench-verified,matplotlib__matplotlib-25122,0,MSm
swe-bench-verified,matplotlib__matplotlib-25122,3,PLe
swe-bench-verified,matplotlib__matplotlib-25122,1,PLp
swe-bench-verified,matplotlib__matplotlib-25122,1,PLs
swe-bench-verified,matplotlib__matplotlib-25287,0,MSc
swe-bench-verified,matplotlib__matplotlib-25287,0,MSm
swe-bench-verified,matplotlib__matplotlib-25287,3,PLe
swe-bench-verified,matplotlib__matplotlib-25287,1,PLp
swe-bench-verified,matplotlib__matplotlib-25287,1,PLs
swe-bench-verified,matplotlib__matplotlib-25311,0,MSc
swe-bench-verified,matplotlib__matplotlib-25311,0,MSm
swe-bench-verified,matplotlib__matplotlib-25311,3,PLe
swe-bench-verified,matplotlib__matplotlib-25311,2,PLp
swe-bench-verified,matplotlib__matplotlib-25311,1,PLs
swe-bench-verified,matplotlib__matplotlib-25332,0,MSc
swe-bench-verified,matplotlib__matplotlib-25332,0,MSm
swe-bench-verified,matplotlib__matplotlib-25332,3,PLe
swe-bench-verified,matplotlib__matplotlib-25332,2,PLp
swe-bench-verified,matplotlib__matplotlib-25332,1,PLs
swe-bench-verified,matplotlib__matplotlib-25775,0,MSc
swe-bench-verified,matplotlib__matplotlib-25775,0,MSm
swe-bench-verified,matplotlib__matplotlib-25775,3,PLe
swe-bench-verified,matplotlib__matplotlib-25775,2,PLp
swe-bench-verified,matplotlib__matplotlib-25775,1,PLs
swe-bench-verified,matplotlib__matplotlib-25960,0,MSc
swe-bench-verified,matplotlib__matplotlib-25960,0,MSm
swe-bench-verified,matplotlib__matplotlib-25960,3,PLe
swe-bench-verified,matplotlib__matplotlib-25960,2,PLp
swe-bench-verified,matplotlib__matplotlib-25960,1,PLs
swe-bench-verified,matplotlib__matplotlib-26113,0,MSc
swe-bench-verified,matplotlib__matplotlib-26113,0,MSm
swe-bench-verified,matplotlib__matplotlib-26113,3,PLe
swe-bench-verified,matplotlib__matplotlib-26113,2,PLp
swe-bench-verified,matplotlib__matplotlib-26113,1,PLs
swe-bench-verified,matplotlib__matplotlib-26208,0,MSc
swe-bench-verified,matplotlib__matplotlib-26208,0,MSm
swe-bench-verified,matplotlib__matplotlib-26208,3,PLe
swe-bench-verified,matplotlib__matplotlib-26208,2,PLp
swe-bench-verified,matplotlib__matplotlib-26208,1,PLs
swe-bench-verified,matplotlib__matplotlib-26291,0,MSc
swe-bench-verified,matplotlib__matplotlib-26291,0,MSm
swe-bench-verified,matplotlib__matplotlib-26291,3,PLe
swe-bench-verified,matplotlib__matplotlib-26291,1,PLp
swe-bench-verified,matplotlib__matplotlib-26291,1,PLs
swe-bench-verified,matplotlib__matplotlib-26342,0,MSc
swe-bench-verified,matplotlib__matplotlib-26342,0,MSm
swe-bench-verified,matplotlib__matplotlib-26342,3,PLe
swe-bench-verified,matplotlib__matplotlib-26342,1,PLp
swe-bench-verified,matplotlib__matplotlib-26342,1,PLs
swe-bench-verified,mwaskom__seaborn-3069,0,MSc
swe-bench-verified,mwaskom__seaborn-3069,0,MSm
swe-bench-verified,mwaskom__seaborn-3069,3,PLe
swe-bench-verified,mwaskom__seaborn-3069,3,PLp
swe-bench-verified,mwaskom__seaborn-3069,1,PLs
swe-bench-verified,mwaskom__seaborn-3187,0,MSc
swe-bench-verified,mwaskom__seaborn-3187,0,MSm
swe-bench-verified,mwaskom__seaborn-3187,3,PLe
swe-bench-verified,mwaskom__seaborn-3187,2,PLp
swe-bench-verified,mwaskom__seaborn-3187,1,PLs
swe-bench-verified,pallets__flask-5014,0,MSc
swe-bench-verified,pallets__flask-5014,0,MSm
swe-bench-verified,pallets__flask-5014,3,PLe
swe-bench-verified,pallets__flask-5014,1,PLp
swe-bench-verified,pallets__flask-5014,1,PLs
swe-bench-verified,psf__requests-1142,0,MSc
swe-bench-verified,psf__requests-1142,0,MSm
swe-bench-verified,psf__requests-1142,3,PLe
swe-bench-verified,psf__requests-1142,1,PLp
swe-bench-verified,psf__requests-1142,1,PLs
swe-bench-verified,psf__requests-1724,0,MSc
swe-bench-verified,psf__requests-1724,0,MSm
swe-bench-verified,psf__requests-1724,3,PLe
swe-bench-verified,psf__requests-1724,1,PLp
swe-bench-verified,psf__requests-1724,1,PLs
swe-bench-verified,psf__requests-1766,0,MSc
swe-bench-verified,psf__requests-1766,0,MSm
swe-bench-verified,psf__requests-1766,3,PLe
swe-bench-verified,psf__requests-1766,1,PLp
swe-bench-verified,psf__requests-1766,1,PLs
swe-bench-verified,psf__requests-1921,0,MSc
swe-bench-verified,psf__requests-1921,0,MSm
swe-bench-verified,psf__requests-1921,3,PLe
swe-bench-verified,psf__requests-1921,1,PLp
swe-bench-verified,psf__requests-1921,1,PLs
swe-bench-verified,psf__requests-2317,0,MSc
swe-bench-verified,psf__requests-2317,0,MSm
swe-bench-verified,psf__requests-2317,3,PLe
swe-bench-verified,psf__requests-2317,1,PLp
swe-bench-verified,psf__requests-2317,1,PLs
swe-bench-verified,psf__requests-2931,0,MSc
swe-bench-verified,psf__requests-2931,0,MSm
swe-bench-verified,psf__requests-2931,3,PLe
swe-bench-verified,psf__requests-2931,1,PLp
swe-bench-verified,psf__requests-2931,1,PLs
swe-bench-verified,psf__requests-5414,0,MSc
swe-bench-verified,psf__requests-5414,0,MSm
swe-bench-verified,psf__requests-5414,3,PLe
swe-bench-verified,psf__requests-5414,2,PLp
swe-bench-verified,psf__requests-5414,1,PLs
swe-bench-verified,psf__requests-6028,0,MSc
swe-bench-verified,psf__requests-6028,0,MSm
swe-bench-verified,psf__requests-6028,3,PLe
swe-bench-verified,psf__requests-6028,2,PLp
swe-bench-verified,psf__requests-6028,1,PLs
swe-bench-verified,pydata__xarray-2905,0,MSc
swe-bench-verified,pydata__xarray-2905,0,MSm
swe-bench-verified,pydata__xarray-2905,3,PLe
swe-bench-verified,pydata__xarray-2905,2,PLp
swe-bench-verified,pydata__xarray-2905,1,PLs
swe-bench-verified,pydata__xarray-3095,0,MSc
swe-bench-verified,pydata__xarray-3095,0,MSm
swe-bench-verified,pydata__xarray-3095,3,PLe
swe-bench-verified,pydata__xarray-3095,2,PLp
swe-bench-verified,pydata__xarray-3095,1,PLs
swe-bench-verified,pydata__xarray-3151,0,MSc
swe-bench-verified,pydata__xarray-3151,0,MSm
swe-bench-verified,pydata__xarray-3151,3,PLe
swe-bench-verified,pydata__xarray-3151,2,PLp
swe-bench-verified,pydata__xarray-3151,1,PLs
swe-bench-verified,pydata__xarray-3677,0,MSc
swe-bench-verified,pydata__xarray-3677,0,MSm
swe-bench-verified,pydata__xarray-3677,2,PLe
swe-bench-verified,pydata__xarray-3677,2,PLp
swe-bench-verified,pydata__xarray-3677,1,PLs
swe-bench-verified,pydata__xarray-3993,0,MSc
swe-bench-verified,pydata__xarray-3993,0,MSm
swe-bench-verified,pydata__xarray-3993,3,PLe
swe-bench-verified,pydata__xarray-3993,2,PLp
swe-bench-verified,pydata__xarray-3993,1,PLs
swe-bench-verified,pydata__xarray-4075,0,MSc
swe-bench-verified,pydata__xarray-4075,0,MSm
swe-bench-verified,pydata__xarray-4075,3,PLe
swe-bench-verified,pydata__xarray-4075,1,PLp
swe-bench-verified,pydata__xarray-4075,1,PLs
swe-bench-verified,pydata__xarray-4094,0,MSc
swe-bench-verified,pydata__xarray-4094,0,MSm
swe-bench-verified,pydata__xarray-4094,3,PLe
swe-bench-verified,pydata__xarray-4094,2,PLp
swe-bench-verified,pydata__xarray-4094,1,PLs
swe-bench-verified,pydata__xarray-4356,0,MSc
swe-bench-verified,pydata__xarray-4356,0,MSm
swe-bench-verified,pydata__xarray-4356,3,PLe
swe-bench-verified,pydata__xarray-4356,1,PLp
swe-bench-verified,pydata__xarray-4356,1,PLs
swe-bench-verified,pydata__xarray-4629,0,MSc
swe-bench-verified,pydata__xarray-4629,0,MSm
swe-bench-verified,pydata__xarray-4629,3,PLe
swe-bench-verified,pydata__xarray-4629,0,PLp
swe-bench-verified,pydata__xarray-4629,1,PLs
swe-bench-verified,pydata__xarray-4695,0,MSc
swe-bench-verified,pydata__xarray-4695,0,MSm
swe-bench-verified,pydata__xarray-4695,3,PLe
swe-bench-verified,pydata__xarray-4695,2,PLp
swe-bench-verified,pydata__xarray-4695,1,PLs
swe-bench-verified,pydata__xarray-4966,0,MSc
swe-bench-verified,pydata__xarray-4966,0,MSm
swe-bench-verified,pydata__xarray-4966,3,PLe
swe-bench-verified,pydata__xarray-4966,2,PLp
swe-bench-verified,pydata__xarray-4966,1,PLs
swe-bench-verified,pydata__xarray-6461,0,MSc
swe-bench-verified,pydata__xarray-6461,0,MSm
swe-bench-verified,pydata__xarray-6461,3,PLe
swe-bench-verified,pydata__xarray-6461,1,PLp
swe-bench-verified,pydata__xarray-6461,1,PLs
swe-bench-verified,pydata__xarray-6599,0,MSc
swe-bench-verified,pydata__xarray-6599,0,MSm
swe-bench-verified,pydata__xarray-6599,3,PLe
swe-bench-verified,pydata__xarray-6599,2,PLp
swe-bench-verified,pydata__xarray-6599,1,PLs
swe-bench-verified,pydata__xarray-6721,0,MSc
swe-bench-verified,pydata__xarray-6721,0,MSm
swe-bench-verified,pydata__xarray-6721,3,PLe
swe-bench-verified,pydata__xarray-6721,2,PLp
swe-bench-verified,pydata__xarray-6721,1,PLs
swe-bench-verified,pydata__xarray-6744,0,MSc
swe-bench-verified,pydata__xarray-6744,0,MSm
swe-bench-verified,pydata__xarray-6744,3,PLe
swe-bench-verified,pydata__xarray-6744,2,PLp
swe-bench-verified,pydata__xarray-6744,1,PLs
swe-bench-verified,pydata__xarray-6938,0,MSc
swe-bench-verified,pydata__xarray-6938,0,MSm
swe-bench-verified,pydata__xarray-6938,3,PLe
swe-bench-verified,pydata__xarray-6938,2,PLp
swe-bench-verified,pydata__xarray-6938,1,PLs
swe-bench-verified,pydata__xarray-7233,0,MSc
swe-bench-verified,pydata__xarray-7233,0,MSm
swe-bench-verified,pydata__xarray-7233,3,PLe
swe-bench-verified,pydata__xarray-7233,2,PLp
swe-bench-verified,pydata__xarray-7233,1,PLs
swe-bench-verified,pylint-dev__pylint-4970,0,MSc
swe-bench-verified,pylint-dev__pylint-4970,0,MSm
swe-bench-verified,pylint-dev__pylint-4970,3,PLe
swe-bench-verified,pylint-dev__pylint-4970,1,PLp
swe-bench-verified,pylint-dev__pylint-4970,1,PLs
swe-bench-verified,pylint-dev__pylint-6386,0,MSc
swe-bench-verified,pylint-dev__pylint-6386,0,MSm
swe-bench-verified,pylint-dev__pylint-6386,3,PLe
swe-bench-verified,pylint-dev__pylint-6386,2,PLp
swe-bench-verified,pylint-dev__pylint-6386,1,PLs
swe-bench-verified,pylint-dev__pylint-6528,0,MSc
swe-bench-verified,pylint-dev__pylint-6528,0,MSm
swe-bench-verified,pylint-dev__pylint-6528,3,PLe
swe-bench-verified,pylint-dev__pylint-6528,2,PLp
swe-bench-verified,pylint-dev__pylint-6528,1,PLs
swe-bench-verified,pylint-dev__pylint-6903,0,MSc
swe-bench-verified,pylint-dev__pylint-6903,0,MSm
swe-bench-verified,pylint-dev__pylint-6903,3,PLe
swe-bench-verified,pylint-dev__pylint-6903,2,PLp
swe-bench-verified,pylint-dev__pylint-6903,1,PLs
swe-bench-verified,pylint-dev__pylint-7277,0,MSc
swe-bench-verified,pylint-dev__pylint-7277,0,MSm
swe-bench-verified,pylint-dev__pylint-7277,3,PLe
swe-bench-verified,pylint-dev__pylint-7277,2,PLp
swe-bench-verified,pylint-dev__pylint-7277,1,PLs
swe-bench-verified,pylint-dev__pylint-8898,0,MSc
swe-bench-verified,pylint-dev__pylint-8898,0,MSm
swe-bench-verified,pylint-dev__pylint-8898,3,PLe
swe-bench-verified,pylint-dev__pylint-8898,2,PLp
swe-bench-verified,pylint-dev__pylint-8898,1,PLs
swe-bench-verified,pytest-dev__pytest-10051,0,MSc
swe-bench-verified,pytest-dev__pytest-10051,0,MSm
swe-bench-verified,pytest-dev__pytest-10051,3,PLe
swe-bench-verified,pytest-dev__pytest-10051,1,PLp
swe-bench-verified,pytest-dev__pytest-10051,1,PLs
swe-bench-verified,pytest-dev__pytest-10081,0,MSc
swe-bench-verified,pytest-dev__pytest-10081,0,MSm
swe-bench-verified,pytest-dev__pytest-10081,3,PLe
swe-bench-verified,pytest-dev__pytest-10081,2,PLp
swe-bench-verified,pytest-dev__pytest-10081,1,PLs
swe-bench-verified,pytest-dev__pytest-10356,0,MSc
swe-bench-verified,pytest-dev__pytest-10356,0,MSm
swe-bench-verified,pytest-dev__pytest-10356,3,PLe
swe-bench-verified,pytest-dev__pytest-10356,2,PLp
swe-bench-verified,pytest-dev__pytest-10356,1,PLs
swe-bench-verified,pytest-dev__pytest-5262,0,MSc
swe-bench-verified,pytest-dev__pytest-5262,0,MSm
swe-bench-verified,pytest-dev__pytest-5262,3,PLe
swe-bench-verified,pytest-dev__pytest-5262,1,PLp
swe-bench-verified,pytest-dev__pytest-5262,1,PLs
swe-bench-verified,pytest-dev__pytest-5631,0,MSc
swe-bench-verified,pytest-dev__pytest-5631,0,MSm
swe-bench-verified,pytest-dev__pytest-5631,3,PLe
swe-bench-verified,pytest-dev__pytest-5631,1,PLp
swe-bench-verified,pytest-dev__pytest-5631,1,PLs
swe-bench-verified,pytest-dev__pytest-5787,0,MSc
swe-bench-verified,pytest-dev__pytest-5787,0,MSm
swe-bench-verified,pytest-dev__pytest-5787,3,PLe
swe-bench-verified,pytest-dev__pytest-5787,2,PLp
swe-bench-verified,pytest-dev__pytest-5787,1,PLs
swe-bench-verified,pytest-dev__pytest-5809,0,MSc
swe-bench-verified,pytest-dev__pytest-5809,0,MSm
swe-bench-verified,pytest-dev__pytest-5809,2,PLe
swe-bench-verified,pytest-dev__pytest-5809,1,PLp
swe-bench-verified,pytest-dev__pytest-5809,1,PLs
swe-bench-verified,pytest-dev__pytest-5840,0,MSc
swe-bench-verified,pytest-dev__pytest-5840,0,MSm
swe-bench-verified,pytest-dev__pytest-5840,3,PLe
swe-bench-verified,pytest-dev__pytest-5840,2,PLp
swe-bench-verified,pytest-dev__pytest-5840,1,PLs
swe-bench-verified,pytest-dev__pytest-6197,0,MSc
swe-bench-verified,pytest-dev__pytest-6197,0,MSm
swe-bench-verified,pytest-dev__pytest-6197,3,PLe
swe-bench-verified,pytest-dev__pytest-6197,2,PLp
swe-bench-verified,pytest-dev__pytest-6197,1,PLs
swe-bench-verified,pytest-dev__pytest-6202,0,MSc
swe-bench-verified,pytest-dev__pytest-6202,0,MSm
swe-bench-verified,pytest-dev__pytest-6202,3,PLe
swe-bench-verified,pytest-dev__pytest-6202,1,PLp
swe-bench-verified,pytest-dev__pytest-6202,1,PLs
swe-bench-verified,pytest-dev__pytest-7205,0,MSc
swe-bench-verified,pytest-dev__pytest-7205,0,MSm
swe-bench-verified,pytest-dev__pytest-7205,3,PLe
swe-bench-verified,pytest-dev__pytest-7205,1,PLp
swe-bench-verified,pytest-dev__pytest-7205,1,PLs
swe-bench-verified,pytest-dev__pytest-7236,0,MSc
swe-bench-verified,pytest-dev__pytest-7236,0,MSm
swe-bench-verified,pytest-dev__pytest-7236,3,PLe
swe-bench-verified,pytest-dev__pytest-7236,2,PLp
swe-bench-verified,pytest-dev__pytest-7236,1,PLs
swe-bench-verified,pytest-dev__pytest-7324,0,MSc
swe-bench-verified,pytest-dev__pytest-7324,0,MSm
swe-bench-verified,pytest-dev__pytest-7324,3,PLe
swe-bench-verified,pytest-dev__pytest-7324,2,PLp
swe-bench-verified,pytest-dev__pytest-7324,1,PLs
swe-bench-verified,pytest-dev__pytest-7432,0,MSc
swe-bench-verified,pytest-dev__pytest-7432,0,MSm
swe-bench-verified,pytest-dev__pytest-7432,3,PLe
swe-bench-verified,pytest-dev__pytest-7432,1,PLp
swe-bench-verified,pytest-dev__pytest-7432,1,PLs
swe-bench-verified,pytest-dev__pytest-7490,0,MSc
swe-bench-verified,pytest-dev__pytest-7490,0,MSm
swe-bench-verified,pytest-dev__pytest-7490,3,PLe
swe-bench-verified,pytest-dev__pytest-7490,2,PLp
swe-bench-verified,pytest-dev__pytest-7490,1,PLs
swe-bench-verified,pytest-dev__pytest-7521,0,MSc
swe-bench-verified,pytest-dev__pytest-7521,0,MSm
swe-bench-verified,pytest-dev__pytest-7521,3,PLe
swe-bench-verified,pytest-dev__pytest-7521,1,PLp
swe-bench-verified,pytest-dev__pytest-7521,1,PLs
swe-bench-verified,pytest-dev__pytest-7571,0,MSc
swe-bench-verified,pytest-dev__pytest-7571,0,MSm
swe-bench-verified,pytest-dev__pytest-7571,3,PLe
swe-bench-verified,pytest-dev__pytest-7571,1,PLp
swe-bench-verified,pytest-dev__pytest-7571,1,PLs
swe-bench-verified,pytest-dev__pytest-7982,0,MSc
swe-bench-verified,pytest-dev__pytest-7982,0,MSm
swe-bench-verified,pytest-dev__pytest-7982,3,PLe
swe-bench-verified,pytest-dev__pytest-7982,1,PLp
swe-bench-verified,pytest-dev__pytest-7982,1,PLs
swe-bench-verified,pytest-dev__pytest-8399,0,MSc
swe-bench-verified,pytest-dev__pytest-8399,0,MSm
swe-bench-verified,pytest-dev__pytest-8399,3,PLe
swe-bench-verified,pytest-dev__pytest-8399,1,PLp
swe-bench-verified,pytest-dev__pytest-8399,1,PLs
swe-bench-verified,scikit-learn__scikit-learn-10297,0,MSc
swe-bench-verified,scikit-learn__scikit-learn-10297,0,MSm
swe-bench-verified,scikit-learn__scikit-learn-10297,3,PLe
swe-bench-verified,scikit-learn__scikit-learn-10297,1,PLp
swe-bench-verified,scikit-learn__scikit-learn-10297,1,PLs
swe-bench-verified,scikit-learn__scikit-learn-10844,0,MSc
swe-bench-verified,scikit-learn__scikit-learn-10844,0,MSm
swe-bench-verified,scikit-learn__scikit-learn-10844,3,PLe
swe-bench-verified,scikit-learn__scikit-learn-10844,1,PLp
swe-bench-verified,scikit-learn__scikit-learn-10844,1,PLs
swe-bench-verified,scikit-learn__scikit-learn-10908,0,MSc
swe-bench-verified,scikit-learn__scikit-learn-10908,0,MSm
swe-bench-verified,scikit-learn__scikit-learn-10908,3,PLe
swe-bench-verified,scikit-learn__scikit-learn-10908,1,PLp
swe-bench-verified,scikit-learn__scikit-learn-10908,1,PLs
swe-bench-verified,scikit-learn__scikit-learn-11310,0,MSc
swe-bench-verified,scikit-learn__scikit-learn-11310,0,MSm
swe-bench-verified,scikit-learn__scikit-learn-11310,3,PLe
swe-bench-verified,scikit-learn__scikit-learn-11310,1,PLp
swe-bench-verified,scikit-learn__scikit-learn-11310,1,PLs
swe-bench-verified,scikit-learn__scikit-learn-11578,0,MSc
swe-bench-verified,scikit-learn__scikit-learn-11578,0,MSm
swe-bench-verified,scikit-learn__scikit-learn-11578,3,PLe
swe-bench-verified,scikit-learn__scikit-learn-11578,1,PLp
swe-bench-verified,scikit-learn__scikit-learn-11578,1,PLs
swe-bench-verified,scikit-learn__scikit-learn-12585,0,MSc
swe-bench-verified,scikit-learn__scikit-learn-12585,0,MSm
swe-bench-verified,scikit-learn__scikit-learn-12585,3,PLe
swe-bench-verified,scikit-learn__scikit-learn-12585,1,PLp
swe-bench-verified,scikit-learn__scikit-learn-12585,1,PLs
swe-bench-verified,scikit-learn__scikit-learn-12682,0,MSc
swe-bench-verified,scikit-learn__scikit-learn-12682,0,MSm
swe-bench-verified,scikit-learn__scikit-learn-12682,3,PLe
swe-bench-verified,scikit-learn__scikit-learn-12682,2,PLp
swe-bench-verified,scikit-learn__scikit-learn-12682,1,PLs
swe-bench-verified,scikit-learn__scikit-learn-12973,0,MSc
swe-bench-verified,scikit-learn__scikit-learn-12973,0,MSm
swe-bench-verified,scikit-learn__scikit-learn-12973,3,PLe
swe-bench-verified,scikit-learn__scikit-learn-12973,1,PLp
swe-bench-verified,scikit-learn__scikit-learn-12973,1,PLs
swe-bench-verified,scikit-learn__scikit-learn-13124,0,MSc
swe-bench-verified,scikit-learn__scikit-learn-13124,0,MSm
swe-bench-verified,scikit-learn__scikit-learn-13124,3,PLe
swe-bench-verified,scikit-learn__scikit-learn-13124,2,PLp
swe-bench-verified,scikit-learn__scikit-learn-13124,1,PLs
swe-bench-verified,scikit-learn__scikit-learn-13135,0,MSc
swe-bench-verified,scikit-learn__scikit-learn-13135,0,MSm
swe-bench-verified,scikit-learn__scikit-learn-13135,3,PLe
swe-bench-verified,scikit-learn__scikit-learn-13135,2,PLp
swe-bench-verified,scikit-learn__scikit-learn-13135,1,PLs
swe-bench-verified,scikit-learn__scikit-learn-13142,0,MSc
swe-bench-verified,scikit-learn__scikit-learn-13142,0,MSm
swe-bench-verified,scikit-learn__scikit-learn-13142,3,PLe
swe-bench-verified,scikit-learn__scikit-learn-13142,2,PLp
swe-bench-verified,scikit-learn__scikit-learn-13142,1,PLs
swe-bench-verified,scikit-learn__scikit-learn-13328,0,MSc
swe-bench-verified,scikit-learn__scikit-learn-13328,0,MSm
swe-bench-verified,scikit-learn__scikit-learn-13328,3,PLe
swe-bench-verified,scikit-learn__scikit-learn-13328,1,PLp
swe-bench-verified,scikit-learn__scikit-learn-13328,1,PLs
swe-bench-verified,scikit-learn__scikit-learn-13439,0,MSc
swe-bench-verified,scikit-learn__scikit-learn-13439,0,MSm
swe-bench-verified,scikit-learn__scikit-learn-13439,3,PLe
swe-bench-verified,scikit-learn__scikit-learn-13439,1,PLp
swe-bench-verified,scikit-learn__scikit-learn-13439,1,PLs
swe-bench-verified,scikit-learn__scikit-learn-13496,0,MSc
swe-bench-verified,scikit-learn__scikit-learn-13496,0,MSm
swe-bench-verified,scikit-learn__scikit-learn-13496,3,PLe
swe-bench-verified,scikit-learn__scikit-learn-13496,2,PLp
swe-bench-verified,scikit-learn__scikit-learn-13496,1,PLs
swe-bench-verified,scikit-learn__scikit-learn-13779,0,MSc
swe-bench-verified,scikit-learn__scikit-learn-13779,0,MSm
swe-bench-verified,scikit-learn__scikit-learn-13779,3,PLe
swe-bench-verified,scikit-learn__scikit-learn-13779,1,PLp
swe-bench-verified,scikit-learn__scikit-learn-13779,1,PLs
swe-bench-verified,scikit-learn__scikit-learn-14053,0,MSc
swe-bench-verified,scikit-learn__scikit-learn-14053,0,MSm
swe-bench-verified,scikit-learn__scikit-learn-14053,3,PLe
swe-bench-verified,scikit-learn__scikit-learn-14053,1,PLp
swe-bench-verified,scikit-learn__scikit-learn-14053,1,PLs
swe-bench-verified,scikit-learn__scikit-learn-14141,0,MSc
swe-bench-verified,scikit-learn__scikit-learn-14141,0,MSm
swe-bench-verified,scikit-learn__scikit-learn-14141,3,PLe
swe-bench-verified,scikit-learn__scikit-learn-14141,1,PLp
swe-bench-verified,scikit-learn__scikit-learn-14141,0,PLs
swe-bench-verified,scikit-learn__scikit-learn-14496,0,MSc
swe-bench-verified,scikit-learn__scikit-learn-14496,0,MSm
swe-bench-verified,scikit-learn__scikit-learn-14496,3,PLe
swe-bench-verified,scikit-learn__scikit-learn-14496,1,PLp
swe-bench-verified,scikit-learn__scikit-learn-14496,1,PLs
swe-bench-verified,scikit-learn__scikit-learn-14629,0,MSc
swe-bench-verified,scikit-learn__scikit-learn-14629,0,MSm
swe-bench-verified,scikit-learn__scikit-learn-14629,3,PLe
swe-bench-verified,scikit-learn__scikit-learn-14629,2,PLp
swe-bench-verified,scikit-learn__scikit-learn-14629,1,PLs
swe-bench-verified,scikit-learn__scikit-learn-14710,0,MSc
swe-bench-verified,scikit-learn__scikit-learn-14710,0,MSm
swe-bench-verified,scikit-learn__scikit-learn-14710,3,PLe
swe-bench-verified,scikit-learn__scikit-learn-14710,1,PLp
swe-bench-verified,scikit-learn__scikit-learn-14710,1,PLs
swe-bench-verified,scikit-learn__scikit-learn-14983,0,MSc
swe-bench-verified,scikit-learn__scikit-learn-14983,0,MSm
swe-bench-verified,scikit-learn__scikit-learn-14983,3,PLe
swe-bench-verified,scikit-learn__scikit-learn-14983,1,PLp
swe-bench-verified,scikit-learn__scikit-learn-14983,1,PLs
swe-bench-verified,scikit-learn__scikit-learn-15100,0,MSc
swe-bench-verified,scikit-learn__scikit-learn-15100,0,MSm
swe-bench-verified,scikit-learn__scikit-learn-15100,3,PLe
swe-bench-verified,scikit-learn__scikit-learn-15100,1,PLp
swe-bench-verified,scikit-learn__scikit-learn-15100,1,PLs
swe-bench-verified,scikit-learn__scikit-learn-25102,0,MSc
swe-bench-verified,scikit-learn__scikit-learn-25102,0,MSm
swe-bench-verified,scikit-learn__scikit-learn-25102,3,PLe
swe-bench-verified,scikit-learn__scikit-learn-25102,2,PLp
swe-bench-verified,scikit-learn__scikit-learn-25102,1,PLs
swe-bench-verified,scikit-learn__scikit-learn-25232,0,MSc
swe-bench-verified,scikit-learn__scikit-learn-25232,0,MSm
swe-bench-verified,scikit-learn__scikit-learn-25232,3,PLe
swe-bench-verified,scikit-learn__scikit-learn-25232,2,PLp
swe-bench-verified,scikit-learn__scikit-learn-25232,1,PLs
swe-bench-verified,scikit-learn__scikit-learn-25747,0,MSc
swe-bench-verified,scikit-learn__scikit-learn-25747,0,MSm
swe-bench-verified,scikit-learn__scikit-learn-25747,3,PLe
swe-bench-verified,scikit-learn__scikit-learn-25747,2,PLp
swe-bench-verified,scikit-learn__scikit-learn-25747,1,PLs
swe-bench-verified,scikit-learn__scikit-learn-25931,0,MSc
swe-bench-verified,scikit-learn__scikit-learn-25931,0,MSm
swe-bench-verified,scikit-learn__scikit-learn-25931,3,PLe
swe-bench-verified,scikit-learn__scikit-learn-25931,2,PLp
swe-bench-verified,scikit-learn__scikit-learn-25931,1,PLs
swe-bench-verified,scikit-learn__scikit-learn-25973,0,MSc
swe-bench-verified,scikit-learn__scikit-learn-25973,0,MSm
swe-bench-verified,scikit-learn__scikit-learn-25973,3,PLe
swe-bench-verified,scikit-learn__scikit-learn-25973,2,PLp
swe-bench-verified,scikit-learn__scikit-learn-25973,1,PLs
swe-bench-verified,scikit-learn__scikit-learn-26194,0,MSc
swe-bench-verified,scikit-learn__scikit-learn-26194,0,MSm
swe-bench-verified,scikit-learn__scikit-learn-26194,3,PLe
swe-bench-verified,scikit-learn__scikit-learn-26194,2,PLp
swe-bench-verified,scikit-learn__scikit-learn-26194,1,PLs
swe-bench-verified,scikit-learn__scikit-learn-26323,0,MSc
swe-bench-verified,scikit-learn__scikit-learn-26323,0,MSm
swe-bench-verified,scikit-learn__scikit-learn-26323,3,PLe
swe-bench-verified,scikit-learn__scikit-learn-26323,2,PLp
swe-bench-verified,scikit-learn__scikit-learn-26323,1,PLs
swe-bench-verified,scikit-learn__scikit-learn-9288,0,MSc
swe-bench-verified,scikit-learn__scikit-learn-9288,0,MSm
swe-bench-verified,scikit-learn__scikit-learn-9288,3,PLe
swe-bench-verified,scikit-learn__scikit-learn-9288,2,PLp
swe-bench-verified,scikit-learn__scikit-learn-9288,1,PLs
swe-bench-verified,sphinx-doc__sphinx-10323,0,MSc
swe-bench-verified,sphinx-doc__sphinx-10323,0,MSm
swe-bench-verified,sphinx-doc__sphinx-10323,3,PLe
swe-bench-verified,sphinx-doc__sphinx-10323,1,PLp
swe-bench-verified,sphinx-doc__sphinx-10323,1,PLs
swe-bench-verified,sphinx-doc__sphinx-10435,0,MSc
swe-bench-verified,sphinx-doc__sphinx-10435,0,MSm
swe-bench-verified,sphinx-doc__sphinx-10435,3,PLe
swe-bench-verified,sphinx-doc__sphinx-10435,1,PLp
swe-bench-verified,sphinx-doc__sphinx-10435,1,PLs
swe-bench-verified,sphinx-doc__sphinx-10449,0,MSc
swe-bench-verified,sphinx-doc__sphinx-10449,0,MSm
swe-bench-verified,sphinx-doc__sphinx-10449,3,PLe
swe-bench-verified,sphinx-doc__sphinx-10449,2,PLp
swe-bench-verified,sphinx-doc__sphinx-10449,1,PLs
swe-bench-verified,sphinx-doc__sphinx-10466,0,MSc
swe-bench-verified,sphinx-doc__sphinx-10466,0,MSm
swe-bench-verified,sphinx-doc__sphinx-10466,3,PLe
swe-bench-verified,sphinx-doc__sphinx-10466,1,PLp
swe-bench-verified,sphinx-doc__sphinx-10466,1,PLs
swe-bench-verified,sphinx-doc__sphinx-10614,0,MSc
swe-bench-verified,sphinx-doc__sphinx-10614,0,MSm
swe-bench-verified,sphinx-doc__sphinx-10614,3,PLe
swe-bench-verified,sphinx-doc__sphinx-10614,2,PLp
swe-bench-verified,sphinx-doc__sphinx-10614,1,PLs
swe-bench-verified,sphinx-doc__sphinx-10673,0,MSc
swe-bench-verified,sphinx-doc__sphinx-10673,0,MSm
swe-bench-verified,sphinx-doc__sphinx-10673,3,PLe
swe-bench-verified,sphinx-doc__sphinx-10673,3,PLp
swe-bench-verified,sphinx-doc__sphinx-10673,1,PLs
swe-bench-verified,sphinx-doc__sphinx-11445,0,MSc
swe-bench-verified,sphinx-doc__sphinx-11445,0,MSm
swe-bench-verified,sphinx-doc__sphinx-11445,3,PLe
swe-bench-verified,sphinx-doc__sphinx-11445,2,PLp
swe-bench-verified,sphinx-doc__sphinx-11445,1,PLs
swe-bench-verified,sphinx-doc__sphinx-7454,0,MSc
swe-bench-verified,sphinx-doc__sphinx-7454,0,MSm
swe-bench-verified,sphinx-doc__sphinx-7454,3,PLe
swe-bench-verified,sphinx-doc__sphinx-7454,2,PLp
swe-bench-verified,sphinx-doc__sphinx-7454,1,PLs
swe-bench-verified,sphinx-doc__sphinx-7462,0,MSc
swe-bench-verified,sphinx-doc__sphinx-7462,0,MSm
swe-bench-verified,sphinx-doc__sphinx-7462,3,PLe
swe-bench-verified,sphinx-doc__sphinx-7462,2,PLp
swe-bench-verified,sphinx-doc__sphinx-7462,1,PLs
swe-bench-verified,sphinx-doc__sphinx-7590,0,MSc
swe-bench-verified,sphinx-doc__sphinx-7590,0,MSm
swe-bench-verified,sphinx-doc__sphinx-7590,3,PLe
swe-bench-verified,sphinx-doc__sphinx-7590,2,PLp
swe-bench-verified,sphinx-doc__sphinx-7590,1,PLs
swe-bench-verified,sphinx-doc__sphinx-7757,0,MSc
swe-bench-verified,sphinx-doc__sphinx-7757,0,MSm
swe-bench-verified,sphinx-doc__sphinx-7757,3,PLe
swe-bench-verified,sphinx-doc__sphinx-7757,2,PLp
swe-bench-verified,sphinx-doc__sphinx-7757,1,PLs
swe-bench-verified,sphinx-doc__sphinx-7889,0,MSc
swe-bench-verified,sphinx-doc__sphinx-7889,0,MSm
swe-bench-verified,sphinx-doc__sphinx-7889,3,PLe
swe-bench-verified,sphinx-doc__sphinx-7889,2,PLp
swe-bench-verified,sphinx-doc__sphinx-7889,1,PLs
swe-bench-verified,sphinx-doc__sphinx-7910,0,MSc
swe-bench-verified,sphinx-doc__sphinx-7910,0,MSm
swe-bench-verified,sphinx-doc__sphinx-7910,3,PLe
swe-bench-verified,sphinx-doc__sphinx-7910,2,PLp
swe-bench-verified,sphinx-doc__sphinx-7910,1,PLs
swe-bench-verified,sphinx-doc__sphinx-7985,0,MSc
swe-bench-verified,sphinx-doc__sphinx-7985,0,MSm
swe-bench-verified,sphinx-doc__sphinx-7985,3,PLe
swe-bench-verified,sphinx-doc__sphinx-7985,2,PLp
swe-bench-verified,sphinx-doc__sphinx-7985,1,PLs
swe-bench-verified,sphinx-doc__sphinx-8035,0,MSc
swe-bench-verified,sphinx-doc__sphinx-8035,0,MSm
swe-bench-verified,sphinx-doc__sphinx-8035,3,PLe
swe-bench-verified,sphinx-doc__sphinx-8035,2,PLp
swe-bench-verified,sphinx-doc__sphinx-8035,1,PLs
swe-bench-verified,sphinx-doc__sphinx-8056,0,MSc
swe-bench-verified,sphinx-doc__sphinx-8056,0,MSm
swe-bench-verified,sphinx-doc__sphinx-8056,3,PLe
swe-bench-verified,sphinx-doc__sphinx-8056,2,PLp
swe-bench-verified,sphinx-doc__sphinx-8056,1,PLs
swe-bench-verified,sphinx-doc__sphinx-8120,0,MSc
swe-bench-verified,sphinx-doc__sphinx-8120,0,MSm
swe-bench-verified,sphinx-doc__sphinx-8120,3,PLe
swe-bench-verified,sphinx-doc__sphinx-8120,2,PLp
swe-bench-verified,sphinx-doc__sphinx-8120,1,PLs
swe-bench-verified,sphinx-doc__sphinx-8265,0,MSc
swe-bench-verified,sphinx-doc__sphinx-8265,0,MSm
swe-bench-verified,sphinx-doc__sphinx-8265,3,PLe
swe-bench-verified,sphinx-doc__sphinx-8265,2,PLp
swe-bench-verified,sphinx-doc__sphinx-8265,1,PLs
swe-bench-verified,sphinx-doc__sphinx-8269,0,MSc
swe-bench-verified,sphinx-doc__sphinx-8269,0,MSm
swe-bench-verified,sphinx-doc__sphinx-8269,3,PLe
swe-bench-verified,sphinx-doc__sphinx-8269,1,PLp
swe-bench-verified,sphinx-doc__sphinx-8269,1,PLs
swe-bench-verified,sphinx-doc__sphinx-8459,0,MSc
swe-bench-verified,sphinx-doc__sphinx-8459,0,MSm
swe-bench-verified,sphinx-doc__sphinx-8459,3,PLe
swe-bench-verified,sphinx-doc__sphinx-8459,2,PLp
swe-bench-verified,sphinx-doc__sphinx-8459,1,PLs
swe-bench-verified,sphinx-doc__sphinx-8475,0,MSc
swe-bench-verified,sphinx-doc__sphinx-8475,0,MSm
swe-bench-verified,sphinx-doc__sphinx-8475,3,PLe
swe-bench-verified,sphinx-doc__sphinx-8475,1,PLp
swe-bench-verified,sphinx-doc__sphinx-8475,1,PLs
swe-bench-verified,sphinx-doc__sphinx-8548,0,MSc
swe-bench-verified,sphinx-doc__sphinx-8548,0,MSm
swe-bench-verified,sphinx-doc__sphinx-8548,3,PLe
swe-bench-verified,sphinx-doc__sphinx-8548,2,PLp
swe-bench-verified,sphinx-doc__sphinx-8548,1,PLs
swe-bench-verified,sphinx-doc__sphinx-8551,0,MSc
swe-bench-verified,sphinx-doc__sphinx-8551,0,MSm
swe-bench-verified,sphinx-doc__sphinx-8551,3,PLe
swe-bench-verified,sphinx-doc__sphinx-8551,2,PLp
swe-bench-verified,sphinx-doc__sphinx-8551,1,PLs
swe-bench-verified,sphinx-doc__sphinx-8593,0,MSc
swe-bench-verified,sphinx-doc__sphinx-8593,0,MSm
swe-bench-verified,sphinx-doc__sphinx-8593,3,PLe
swe-bench-verified,sphinx-doc__sphinx-8593,2,PLp
swe-bench-verified,sphinx-doc__sphinx-8593,1,PLs
swe-bench-verified,sphinx-doc__sphinx-8595,0,MSc
swe-bench-verified,sphinx-doc__sphinx-8595,0,MSm
swe-bench-verified,sphinx-doc__sphinx-8595,3,PLe
swe-bench-verified,sphinx-doc__sphinx-8595,2,PLp
swe-bench-verified,sphinx-doc__sphinx-8595,1,PLs
swe-bench-verified,sphinx-doc__sphinx-8621,0,MSc
swe-bench-verified,sphinx-doc__sphinx-8621,0,MSm
swe-bench-verified,sphinx-doc__sphinx-8621,3,PLe
swe-bench-verified,sphinx-doc__sphinx-8621,2,PLp
swe-bench-verified,sphinx-doc__sphinx-8621,1,PLs
swe-bench-verified,sphinx-doc__sphinx-8638,0,MSc
swe-bench-verified,sphinx-doc__sphinx-8638,0,MSm
swe-bench-verified,sphinx-doc__sphinx-8638,3,PLe
swe-bench-verified,sphinx-doc__sphinx-8638,2,PLp
swe-bench-verified,sphinx-doc__sphinx-8638,1,PLs
swe-bench-verified,sphinx-doc__sphinx-8721,0,MSc
swe-bench-verified,sphinx-doc__sphinx-8721,0,MSm
swe-bench-verified,sphinx-doc__sphinx-8721,3,PLe
swe-bench-verified,sphinx-doc__sphinx-8721,2,PLp
swe-bench-verified,sphinx-doc__sphinx-8721,1,PLs
swe-bench-verified,sphinx-doc__sphinx-9229,0,MSc
swe-bench-verified,sphinx-doc__sphinx-9229,0,MSm
swe-bench-verified,sphinx-doc__sphinx-9229,3,PLe
swe-bench-verified,sphinx-doc__sphinx-9229,2,PLp
swe-bench-verified,sphinx-doc__sphinx-9229,1,PLs
swe-bench-verified,sphinx-doc__sphinx-9230,0,MSc
swe-bench-verified,sphinx-doc__sphinx-9230,0,MSm
swe-bench-verified,sphinx-doc__sphinx-9230,3,PLe
swe-bench-verified,sphinx-doc__sphinx-9230,2,PLp
swe-bench-verified,sphinx-doc__sphinx-9230,1,PLs
swe-bench-verified,sphinx-doc__sphinx-9258,0,MSc
swe-bench-verified,sphinx-doc__sphinx-9258,0,MSm
swe-bench-verified,sphinx-doc__sphinx-9258,3,PLe
swe-bench-verified,sphinx-doc__sphinx-9258,2,PLp
swe-bench-verified,sphinx-doc__sphinx-9258,1,PLs
swe-bench-verified,sphinx-doc__sphinx-9281,0,MSc
swe-bench-verified,sphinx-doc__sphinx-9281,0,MSm
swe-bench-verified,sphinx-doc__sphinx-9281,3,PLe
swe-bench-verified,sphinx-doc__sphinx-9281,2,PLp
swe-bench-verified,sphinx-doc__sphinx-9281,1,PLs
swe-bench-verified,sphinx-doc__sphinx-9320,0,MSc
swe-bench-verified,sphinx-doc__sphinx-9320,0,MSm
swe-bench-verified,sphinx-doc__sphinx-9320,3,PLe
swe-bench-verified,sphinx-doc__sphinx-9320,1,PLp
swe-bench-verified,sphinx-doc__sphinx-9320,1,PLs
swe-bench-verified,sphinx-doc__sphinx-9367,0,MSc
swe-bench-verified,sphinx-doc__sphinx-9367,0,MSm
swe-bench-verified,sphinx-doc__sphinx-9367,2,PLe
swe-bench-verified,sphinx-doc__sphinx-9367,1,PLp
swe-bench-verified,sphinx-doc__sphinx-9367,1,PLs
swe-bench-verified,sphinx-doc__sphinx-9461,0,MSc
swe-bench-verified,sphinx-doc__sphinx-9461,0,MSm
swe-bench-verified,sphinx-doc__sphinx-9461,3,PLe
swe-bench-verified,sphinx-doc__sphinx-9461,3,PLp
swe-bench-verified,sphinx-doc__sphinx-9461,1,PLs
swe-bench-verified,sphinx-doc__sphinx-9591,0,MSc
swe-bench-verified,sphinx-doc__sphinx-9591,0,MSm
swe-bench-verified,sphinx-doc__sphinx-9591,3,PLe
swe-bench-verified,sphinx-doc__sphinx-9591,2,PLp
swe-bench-verified,sphinx-doc__sphinx-9591,1,PLs
swe-bench-verified,sphinx-doc__sphinx-9602,0,MSc
swe-bench-verified,sphinx-doc__sphinx-9602,0,MSm
swe-bench-verified,sphinx-doc__sphinx-9602,3,PLe
swe-bench-verified,sphinx-doc__sphinx-9602,2,PLp
swe-bench-verified,sphinx-doc__sphinx-9602,1,PLs
swe-bench-verified,sphinx-doc__sphinx-9658,0,MSc
swe-bench-verified,sphinx-doc__sphinx-9658,0,MSm
swe-bench-verified,sphinx-doc__sphinx-9658,3,PLe
swe-bench-verified,sphinx-doc__sphinx-9658,2,PLp
swe-bench-verified,sphinx-doc__sphinx-9658,1,PLs
swe-bench-verified,sphinx-doc__sphinx-9673,0,MSc
swe-bench-verified,sphinx-doc__sphinx-9673,0,MSm
swe-bench-verified,sphinx-doc__sphinx-9673,3,PLe
swe-bench-verified,sphinx-doc__sphinx-9673,2,PLp
swe-bench-verified,sphinx-doc__sphinx-9673,1,PLs
swe-bench-verified,sphinx-doc__sphinx-9698,0,MSc
swe-bench-verified,sphinx-doc__sphinx-9698,0,MSm
swe-bench-verified,sphinx-doc__sphinx-9698,3,PLe
swe-bench-verified,sphinx-doc__sphinx-9698,1,PLp
swe-bench-verified,sphinx-doc__sphinx-9698,1,PLs
swe-bench-verified,sphinx-doc__sphinx-9711,0,MSc
swe-bench-verified,sphinx-doc__sphinx-9711,0,MSm
swe-bench-verified,sphinx-doc__sphinx-9711,3,PLe
swe-bench-verified,sphinx-doc__sphinx-9711,1,PLp
swe-bench-verified,sphinx-doc__sphinx-9711,1,PLs
swe-bench-verified,sympy__sympy-11618,0,MSc
swe-bench-verified,sympy__sympy-11618,0,MSm
swe-bench-verified,sympy__sympy-11618,3,PLe
swe-bench-verified,sympy__sympy-11618,1,PLp
swe-bench-verified,sympy__sympy-11618,1,PLs
swe-bench-verified,sympy__sympy-12096,0,MSc
swe-bench-verified,sympy__sympy-12096,0,MSm
swe-bench-verified,sympy__sympy-12096,3,PLe
swe-bench-verified,sympy__sympy-12096,1,PLp
swe-bench-verified,sympy__sympy-12096,1,PLs
swe-bench-verified,sympy__sympy-12419,0,MSc
swe-bench-verified,sympy__sympy-12419,0,MSm
swe-bench-verified,sympy__sympy-12419,3,PLe
swe-bench-verified,sympy__sympy-12419,2,PLp
swe-bench-verified,sympy__sympy-12419,1,PLs
swe-bench-verified,sympy__sympy-12481,0,MSc
swe-bench-verified,sympy__sympy-12481,0,MSm
swe-bench-verified,sympy__sympy-12481,3,PLe
swe-bench-verified,sympy__sympy-12481,1,PLp
swe-bench-verified,sympy__sympy-12481,1,PLs
swe-bench-verified,sympy__sympy-12489,0,MSc
swe-bench-verified,sympy__sympy-12489,0,MSm
swe-bench-verified,sympy__sympy-12489,3,PLe
swe-bench-verified,sympy__sympy-12489,2,PLp
swe-bench-verified,sympy__sympy-12489,1,PLs
swe-bench-verified,sympy__sympy-13031,0,MSc
swe-bench-verified,sympy__sympy-13031,0,MSm
swe-bench-verified,sympy__sympy-13031,3,PLe
swe-bench-verified,sympy__sympy-13031,2,PLp
swe-bench-verified,sympy__sympy-13031,1,PLs
swe-bench-verified,sympy__sympy-13091,0,MSc
swe-bench-verified,sympy__sympy-13091,0,MSm
swe-bench-verified,sympy__sympy-13091,3,PLe
swe-bench-verified,sympy__sympy-13091,2,PLp
swe-bench-verified,sympy__sympy-13091,1,PLs
swe-bench-verified,sympy__sympy-13372,0,MSc
swe-bench-verified,sympy__sympy-13372,0,MSm
swe-bench-verified,sympy__sympy-13372,3,PLe
swe-bench-verified,sympy__sympy-13372,1,PLp
swe-bench-verified,sympy__sympy-13372,1,PLs
swe-bench-verified,sympy__sympy-13480,0,MSc
swe-bench-verified,sympy__sympy-13480,0,MSm
swe-bench-verified,sympy__sympy-13480,3,PLe
swe-bench-verified,sympy__sympy-13480,1,PLp
swe-bench-verified,sympy__sympy-13480,1,PLs
swe-bench-verified,sympy__sympy-13551,0,MSc
swe-bench-verified,sympy__sympy-13551,0,MSm
swe-bench-verified,sympy__sympy-13551,3,PLe
swe-bench-verified,sympy__sympy-13551,2,PLp
swe-bench-verified,sympy__sympy-13551,1,PLs
swe-bench-verified,sympy__sympy-13615,0,MSc
swe-bench-verified,sympy__sympy-13615,0,MSm
swe-bench-verified,sympy__sympy-13615,3,PLe
swe-bench-verified,sympy__sympy-13615,2,PLp
swe-bench-verified,sympy__sympy-13615,1,PLs
swe-bench-verified,sympy__sympy-13647,0,MSc
swe-bench-verified,sympy__sympy-13647,0,MSm
swe-bench-verified,sympy__sympy-13647,3,PLe
swe-bench-verified,sympy__sympy-13647,2,PLp
swe-bench-verified,sympy__sympy-13647,1,PLs
swe-bench-verified,sympy__sympy-13757,0,MSc
swe-bench-verified,sympy__sympy-13757,0,MSm
swe-bench-verified,sympy__sympy-13757,3,PLe
swe-bench-verified,sympy__sympy-13757,2,PLp
swe-bench-verified,sympy__sympy-13757,1,PLs
swe-bench-verified,sympy__sympy-13798,0,MSc
swe-bench-verified,sympy__sympy-13798,0,MSm
swe-bench-verified,sympy__sympy-13798,3,PLe
swe-bench-verified,sympy__sympy-13798,2,PLp
swe-bench-verified,sympy__sympy-13798,1,PLs
swe-bench-verified,sympy__sympy-13877,0,MSc
swe-bench-verified,sympy__sympy-13877,0,MSm
swe-bench-verified,sympy__sympy-13877,3,PLe
swe-bench-verified,sympy__sympy-13877,3,PLp
swe-bench-verified,sympy__sympy-13877,1,PLs
swe-bench-verified,sympy__sympy-13878,0,MSc
swe-bench-verified,sympy__sympy-13878,0,MSm
swe-bench-verified,sympy__sympy-13878,3,PLe
swe-bench-verified,sympy__sympy-13878,2,PLp
swe-bench-verified,sympy__sympy-13878,1,PLs
swe-bench-verified,sympy__sympy-13974,0,MSc
swe-bench-verified,sympy__sympy-13974,0,MSm
swe-bench-verified,sympy__sympy-13974,3,PLe
swe-bench-verified,sympy__sympy-13974,2,PLp
swe-bench-verified,sympy__sympy-13974,1,PLs
swe-bench-verified,sympy__sympy-14248,0,MSc
swe-bench-verified,sympy__sympy-14248,0,MSm
swe-bench-verified,sympy__sympy-14248,3,PLe
swe-bench-verified,sympy__sympy-14248,2,PLp
swe-bench-verified,sympy__sympy-14248,1,PLs
swe-bench-verified,sympy__sympy-14711,0,MSc
swe-bench-verified,sympy__sympy-14711,0,MSm
swe-bench-verified,sympy__sympy-14711,3,PLe
swe-bench-verified,sympy__sympy-14711,1,PLp
swe-bench-verified,sympy__sympy-14711,1,PLs
swe-bench-verified,sympy__sympy-14976,0,MSc
swe-bench-verified,sympy__sympy-14976,0,MSm
swe-bench-verified,sympy__sympy-14976,3,PLe
swe-bench-verified,sympy__sympy-14976,2,PLp
swe-bench-verified,sympy__sympy-14976,1,PLs
swe-bench-verified,sympy__sympy-15017,0,MSc
swe-bench-verified,sympy__sympy-15017,0,MSm
swe-bench-verified,sympy__sympy-15017,3,PLe
swe-bench-verified,sympy__sympy-15017,1,PLp
swe-bench-verified,sympy__sympy-15017,1,PLs
swe-bench-verified,sympy__sympy-15345,0,MSc
swe-bench-verified,sympy__sympy-15345,0,MSm
swe-bench-verified,sympy__sympy-15345,3,PLe
swe-bench-verified,sympy__sympy-15345,1,PLp
swe-bench-verified,sympy__sympy-15345,1,PLs
swe-bench-verified,sympy__sympy-15349,0,MSc
swe-bench-verified,sympy__sympy-15349,0,MSm
swe-bench-verified,sympy__sympy-15349,3,PLe
swe-bench-verified,sympy__sympy-15349,1,PLp
swe-bench-verified,sympy__sympy-15349,1,PLs
swe-bench-verified,sympy__sympy-15599,0,MSc
swe-bench-verified,sympy__sympy-15599,0,MSm
swe-bench-verified,sympy__sympy-15599,3,PLe
swe-bench-verified,sympy__sympy-15599,2,PLp
swe-bench-verified,sympy__sympy-15599,1,PLs
swe-bench-verified,sympy__sympy-15809,0,MSc
swe-bench-verified,sympy__sympy-15809,0,MSm
swe-bench-verified,sympy__sympy-15809,3,PLe
swe-bench-verified,sympy__sympy-15809,1,PLp
swe-bench-verified,sympy__sympy-15809,1,PLs
swe-bench-verified,sympy__sympy-15875,0,MSc
swe-bench-verified,sympy__sympy-15875,0,MSm
swe-bench-verified,sympy__sympy-15875,3,PLe
swe-bench-verified,sympy__sympy-15875,2,PLp
swe-bench-verified,sympy__sympy-15875,1,PLs
swe-bench-verified,sympy__sympy-15976,0,MSc
swe-bench-verified,sympy__sympy-15976,0,MSm
swe-bench-verified,sympy__sympy-15976,3,PLe
swe-bench-verified,sympy__sympy-15976,2,PLp
swe-bench-verified,sympy__sympy-15976,1,PLs
swe-bench-verified,sympy__sympy-16597,0,MSc
swe-bench-verified,sympy__sympy-16597,0,MSm
swe-bench-verified,sympy__sympy-16597,3,PLe
swe-bench-verified,sympy__sympy-16597,3,PLp
swe-bench-verified,sympy__sympy-16597,1,PLs
swe-bench-verified,sympy__sympy-16766,0,MSc
swe-bench-verified,sympy__sympy-16766,0,MSm
swe-bench-verified,sympy__sympy-16766,3,PLe
swe-bench-verified,sympy__sympy-16766,1,PLp
swe-bench-verified,sympy__sympy-16766,1,PLs
swe-bench-verified,sympy__sympy-16792,0,MSc
swe-bench-verified,sympy__sympy-16792,0,MSm
swe-bench-verified,sympy__sympy-16792,3,PLe
swe-bench-verified,sympy__sympy-16792,2,PLp
swe-bench-verified,sympy__sympy-16792,1,PLs
swe-bench-verified,sympy__sympy-16886,0,MSc
swe-bench-verified,sympy__sympy-16886,0,MSm
swe-bench-verified,sympy__sympy-16886,1,PLe
swe-bench-verified,sympy__sympy-16886,0,PLp
swe-bench-verified,sympy__sympy-16886,0,PLs
swe-bench-verified,sympy__sympy-17139,0,MSc
swe-bench-verified,sympy__sympy-17139,0,MSm
swe-bench-verified,sympy__sympy-17139,3,PLe
swe-bench-verified,sympy__sympy-17139,1,PLp
swe-bench-verified,sympy__sympy-17139,1,PLs
swe-bench-verified,sympy__sympy-17318,0,MSc
swe-bench-verified,sympy__sympy-17318,0,MSm
swe-bench-verified,sympy__sympy-17318,3,PLe
swe-bench-verified,sympy__sympy-17318,2,PLp
swe-bench-verified,sympy__sympy-17318,1,PLs
swe-bench-verified,sympy__sympy-17630,0,MSc
swe-bench-verified,sympy__sympy-17630,0,MSm
swe-bench-verified,sympy__sympy-17630,3,PLe
swe-bench-verified,sympy__sympy-17630,2,PLp
swe-bench-verified,sympy__sympy-17630,1,PLs
swe-bench-verified,sympy__sympy-18189,0,MSc
swe-bench-verified,sympy__sympy-18189,0,MSm
swe-bench-verified,sympy__sympy-18189,3,PLe
swe-bench-verified,sympy__sympy-18189,1,PLp
swe-bench-verified,sympy__sympy-18189,1,PLs
swe-bench-verified,sympy__sympy-18211,0,MSc
swe-bench-verified,sympy__sympy-18211,0,MSm
swe-bench-verified,sympy__sympy-18211,3,PLe
swe-bench-verified,sympy__sympy-18211,2,PLp
swe-bench-verified,sympy__sympy-18211,1,PLs
swe-bench-verified,sympy__sympy-18698,0,MSc
swe-bench-verified,sympy__sympy-18698,0,MSm
swe-bench-verified,sympy__sympy-18698,3,PLe
swe-bench-verified,sympy__sympy-18698,2,PLp
swe-bench-verified,sympy__sympy-18698,1,PLs
swe-bench-verified,sympy__sympy-18763,0,MSc
swe-bench-verified,sympy__sympy-18763,0,MSm
swe-bench-verified,sympy__sympy-18763,3,PLe
swe-bench-verified,sympy__sympy-18763,1,PLp
swe-bench-verified,sympy__sympy-18763,1,PLs
swe-bench-verified,sympy__sympy-19040,0,MSc
swe-bench-verified,sympy__sympy-19040,0,MSm
swe-bench-verified,sympy__sympy-19040,3,PLe
swe-bench-verified,sympy__sympy-19040,2,PLp
swe-bench-verified,sympy__sympy-19040,1,PLs
swe-bench-verified,sympy__sympy-19346,0,MSc
swe-bench-verified,sympy__sympy-19346,0,MSm
swe-bench-verified,sympy__sympy-19346,3,PLe
swe-bench-verified,sympy__sympy-19346,1,PLp
swe-bench-verified,sympy__sympy-19346,1,PLs
swe-bench-verified,sympy__sympy-19495,0,MSc
swe-bench-verified,sympy__sympy-19495,0,MSm
swe-bench-verified,sympy__sympy-19495,3,PLe
swe-bench-verified,sympy__sympy-19495,2,PLp
swe-bench-verified,sympy__sympy-19495,1,PLs
swe-bench-verified,sympy__sympy-19637,0,MSc
swe-bench-verified,sympy__sympy-19637,0,MSm
swe-bench-verified,sympy__sympy-19637,2,PLe
swe-bench-verified,sympy__sympy-19637,1,PLp
swe-bench-verified,sympy__sympy-19637,1,PLs
swe-bench-verified,sympy__sympy-19783,0,MSc
swe-bench-verified,sympy__sympy-19783,0,MSm
swe-bench-verified,sympy__sympy-19783,3,PLe
swe-bench-verified,sympy__sympy-19783,2,PLp
swe-bench-verified,sympy__sympy-19783,1,PLs
swe-bench-verified,sympy__sympy-19954,0,MSc
swe-bench-verified,sympy__sympy-19954,0,MSm
swe-bench-verified,sympy__sympy-19954,3,PLe
swe-bench-verified,sympy__sympy-19954,2,PLp
swe-bench-verified,sympy__sympy-19954,1,PLs
swe-bench-verified,sympy__sympy-20590,0,MSc
swe-bench-verified,sympy__sympy-20590,0,MSm
swe-bench-verified,sympy__sympy-20590,3,PLe
swe-bench-verified,sympy__sympy-20590,1,PLp
swe-bench-verified,sympy__sympy-20590,1,PLs
swe-bench-verified,sympy__sympy-20801,0,MSc
swe-bench-verified,sympy__sympy-20801,0,MSm
swe-bench-verified,sympy__sympy-20801,3,PLe
swe-bench-verified,sympy__sympy-20801,2,PLp
swe-bench-verified,sympy__sympy-20801,1,PLs
swe-bench-verified,sympy__sympy-20916,0,MSc
swe-bench-verified,sympy__sympy-20916,0,MSm
swe-bench-verified,sympy__sympy-20916,3,PLe
swe-bench-verified,sympy__sympy-20916,2,PLp
swe-bench-verified,sympy__sympy-20916,1,PLs
swe-bench-verified,sympy__sympy-21379,0,MSc
swe-bench-verified,sympy__sympy-21379,0,MSm
swe-bench-verified,sympy__sympy-21379,3,PLe
swe-bench-verified,sympy__sympy-21379,2,PLp
swe-bench-verified,sympy__sympy-21379,1,PLs
swe-bench-verified,sympy__sympy-21596,0,MSc
swe-bench-verified,sympy__sympy-21596,0,MSm
swe-bench-verified,sympy__sympy-21596,3,PLe
swe-bench-verified,sympy__sympy-21596,2,PLp
swe-bench-verified,sympy__sympy-21596,1,PLs
swe-bench-verified,sympy__sympy-21612,0,MSc
swe-bench-verified,sympy__sympy-21612,0,MSm
swe-bench-verified,sympy__sympy-21612,3,PLe
swe-bench-verified,sympy__sympy-21612,2,PLp
swe-bench-verified,sympy__sympy-21612,1,PLs
swe-bench-verified,sympy__sympy-22080,0,MSc
swe-bench-verified,sympy__sympy-22080,0,MSm
swe-bench-verified,sympy__sympy-22080,3,PLe
swe-bench-verified,sympy__sympy-22080,2,PLp
swe-bench-verified,sympy__sympy-22080,1,PLs
swe-bench-verified,sympy__sympy-22456,0,MSc
swe-bench-verified,sympy__sympy-22456,0,MSm
swe-bench-verified,sympy__sympy-22456,3,PLe
swe-bench-verified,sympy__sympy-22456,2,PLp
swe-bench-verified,sympy__sympy-22456,1,PLs
swe-bench-verified,sympy__sympy-22914,0,MSc
swe-bench-verified,sympy__sympy-22914,0,MSm
swe-bench-verified,sympy__sympy-22914,3,PLe
swe-bench-verified,sympy__sympy-22914,0,PLp
swe-bench-verified,sympy__sympy-22914,1,PLs
swe-bench-verified,sympy__sympy-23262,0,MSc
swe-bench-verified,sympy__sympy-23262,0,MSm
swe-bench-verified,sympy__sympy-23262,3,PLe
swe-bench-verified,sympy__sympy-23262,2,PLp
swe-bench-verified,sympy__sympy-23262,1,PLs
swe-bench-verified,sympy__sympy-23413,0,MSc
swe-bench-verified,sympy__sympy-23413,0,MSm
swe-bench-verified,sympy__sympy-23413,3,PLe
swe-bench-verified,sympy__sympy-23413,2,PLp
swe-bench-verified,sympy__sympy-23413,1,PLs
swe-bench-verified,sympy__sympy-23534,0,MSc
swe-bench-verified,sympy__sympy-23534,0,MSm
swe-bench-verified,sympy__sympy-23534,3,PLe
swe-bench-verified,sympy__sympy-23534,1,PLp
swe-bench-verified,sympy__sympy-23534,1,PLs
swe-bench-verified,sympy__sympy-23824,0,MSc
swe-bench-verified,sympy__sympy-23824,0,MSm
swe-bench-verified,sympy__sympy-23824,3,PLe
swe-bench-verified,sympy__sympy-23824,1,PLp
swe-bench-verified,sympy__sympy-23824,1,PLs
swe-bench-verified,sympy__sympy-23950,0,MSc
swe-bench-verified,sympy__sympy-23950,0,MSm
swe-bench-verified,sympy__sympy-23950,3,PLe
swe-bench-verified,sympy__sympy-23950,1,PLp
swe-bench-verified,sympy__sympy-23950,1,PLs
swe-bench-verified,sympy__sympy-24066,0,MSc
swe-bench-verified,sympy__sympy-24066,0,MSm
swe-bench-verified,sympy__sympy-24066,3,PLe
swe-bench-verified,sympy__sympy-24066,2,PLp
swe-bench-verified,sympy__sympy-24066,1,PLs
swe-bench-verified,sympy__sympy-24213,0,MSc
swe-bench-verified,sympy__sympy-24213,0,MSm
swe-bench-verified,sympy__sympy-24213,3,PLe
swe-bench-verified,sympy__sympy-24213,1,PLp
swe-bench-verified,sympy__sympy-24213,1,PLs
swe-bench-verified,sympy__sympy-24443,0,MSc
swe-bench-verified,sympy__sympy-24443,0,MSm
swe-bench-verified,sympy__sympy-24443,3,PLe
swe-bench-verified,sympy__sympy-24443,2,PLp
swe-bench-verified,sympy__sympy-24443,1,PLs
swe-bench-verified,sympy__sympy-24539,0,MSc
swe-bench-verified,sympy__sympy-24539,0,MSm
swe-bench-verified,sympy__sympy-24539,3,PLe
swe-bench-verified,sympy__sympy-24539,1,PLp
swe-bench-verified,sympy__sympy-24539,1,PLs
swe-bench-verified,sympy__sympy-24562,0,MSc
swe-bench-verified,sympy__sympy-24562,0,MSm
swe-bench-verified,sympy__sympy-24562,3,PLe
swe-bench-verified,sympy__sympy-24562,2,PLp
swe-bench-verified,sympy__sympy-24562,1,PLs
swe-bench-verified,sympy__sympy-24661,0,MSc
swe-bench-verified,sympy__sympy-24661,0,MSm
swe-bench-verified,sympy__sympy-24661,3,PLe
swe-bench-verified,sympy__sympy-24661,2,PLp
swe-bench-verified,sympy__sympy-24661,1,PLs
tau2-airline,0,4,MSc
tau2-airline,0,2,MSm
tau2-airline,0,1,PLe
tau2-airline,0,1,PLp
tau2-airline,0,2,PLs
tau2-airline,1,4,MSc
tau2-airline,1,2,MSm
tau2-airline,1,1,PLe
tau2-airline,1,2,PLp
tau2-airline,1,2,PLs
tau2-airline,10,3,MSc
tau2-airline,10,2,MSm
tau2-airline,10,1,PLe
tau2-airline,10,2,PLp
tau2-airline,10,2,PLs
tau2-airline,11,2,MSc
tau2-airline,11,2,MSm
tau2-airline,11,1,PLe
tau2-airline,11,2,PLp
tau2-airline,11,2,PLs
tau2-airline,12,2,MSc
tau2-airline,12,2,MSm
tau2-airline,12,1,PLe
tau2-airline,12,2,PLp
tau2-airline,12,2,PLs
tau2-airline,13,2,MSc
tau2-airline,13,2,MSm
tau2-airline,13,1,PLe
tau2-airline,13,1,PLp
tau2-airline,13,2,PLs
tau2-airline,14,2,MSc
tau2-airline,14,2,MSm
tau2-airline,14,1,PLe
tau2-airline,14,2,PLp
tau2-airline,14,2,PLs
tau2-airline,15,2,MSc
tau2-airline,15,2,MSm
tau2-airline,15,1,PLe
tau2-airline,15,2,PLp
tau2-airline,15,2,PLs
tau2-airline,16,2,MSc
tau2-airline,16,2,MSm
tau2-airline,16,1,PLe
tau2-airline,16,2,PLp
tau2-airline,16,2,PLs
tau2-airline,17,2,MSc
tau2-airline,17,2,MSm
tau2-airline,17,1,PLe
tau2-airline,17,2,PLp
tau2-airline,17,2,PLs
tau2-airline,18,2,MSc
tau2-airline,18,2,MSm
tau2-airline,18,1,PLe
tau2-airline,18,2,PLp
tau2-airline,18,2,PLs
tau2-airline,19,2,MSc
tau2-airline,19,2,MSm
tau2-airline,19,1,PLe
tau2-airline,19,2,PLp
tau2-airline,19,2,PLs
tau2-airline,2,2,MSc
tau2-airline,2,3,MSm
tau2-airline,2,1,PLe
tau2-airline,2,2,PLp
tau2-airline,2,2,PLs
tau2-airline,20,2,MSc
tau2-airline,20,2,MSm
tau2-airline,20,1,PLe
tau2-airline,20,2,PLp
tau2-airline,20,2,PLs
tau2-airline,21,2,MSc
tau2-airline,21,2,MSm
tau2-airline,21,1,PLe
tau2-airline,21,2,PLp
tau2-airline,21,2,PLs
tau2-airline,22,2,MSc
tau2-airline,22,2,MSm
tau2-airline,22,1,PLe
tau2-airline,22,2,PLp
tau2-airline,22,2,PLs
tau2-airline,23,2,MSc
tau2-airline,23,2,MSm
tau2-airline,23,2,PLe
tau2-airline,23,2,PLp
tau2-airline,23,2,PLs
tau2-airline,24,2,MSc
tau2-airline,24,2,MSm
tau2-airline,24,1,PLe
tau2-airline,24,2,PLp
tau2-airline,24,2,PLs
tau2-airline,25,2,MSc
tau2-airline,25,2,MSm
tau2-airline,25,1,PLe
tau2-airline,25,2,PLp
tau2-airline,25,2,PLs
tau2-airline,26,4,MSc
tau2-airline,26,2,MSm
tau2-airline,26,1,PLe
tau2-airline,26,1,PLp
tau2-airline,26,2,PLs
tau2-airline,27,3,MSc
tau2-airline,27,2,MSm
tau2-airline,27,1,PLe
tau2-airline,27,2,PLp
tau2-airline,27,2,PLs
tau2-airline,28,4,MSc
tau2-airline,28,3,MSm
tau2-airline,28,1,PLe
tau2-airline,28,1,PLp
tau2-airline,28,2,PLs
tau2-airline,29,4,MSc
tau2-airline,29,2,MSm
tau2-airline,29,1,PLe
tau2-airline,29,2,PLp
tau2-airline,29,2,PLs
tau2-airline,3,2,MSc
tau2-airline,3,2,MSm
tau2-airline,3,1,PLe
tau2-airline,3,1,PLp
tau2-airline,3,0,PLs
tau2-airline,30,2,MSc
tau2-airline,30,2,MSm
tau2-airline,30,1,PLe
tau2-airline,30,2,PLp
tau2-airline,30,2,PLs
tau2-airline,31,2,MSc
tau2-airline,31,2,MSm
tau2-airline,31,1,PLe
tau2-airline,31,2,PLp
tau2-airline,31,2,PLs
tau2-airline,32,2,MSc
tau2-airline,32,2,MSm
tau2-airline,32,1,PLe
tau2-airline,32,2,PLp
tau2-airline,32,2,PLs
tau2-airline,33,4,MSc
tau2-airline,33,2,MSm
tau2-airline,33,1,PLe
tau2-airline,33,2,PLp
tau2-airline,33,2,PLs
tau2-airline,34,4,MSc
tau2-airline,34,2,MSm
tau2-airline,34,1,PLe
tau2-airline,34,2,PLp
tau2-airline,34,2,PLs
tau2-airline,35,4,MSc
tau2-airline,35,2,MSm
tau2-airline,35,1,PLe
tau2-airline,35,2,PLp
tau2-airline,35,2,PLs
tau2-airline,36,3,MSc
tau2-airline,36,2,MSm
tau2-airline,36,1,PLe
tau2-airline,36,1,PLp
tau2-airline,36,2,PLs
tau2-airline,37,2,MSc
tau2-airline,37,2,MSm
tau2-airline,37,1,PLe
tau2-airline,37,2,PLp
tau2-airline,37,2,PLs
tau2-airline,38,3,MSc
tau2-airline,38,3,MSm
tau2-airline,38,1,PLe
tau2-airline,38,2,PLp
tau2-airline,38,2,PLs
tau2-airline,39,2,MSc
tau2-airline,39,2,MSm
tau2-airline,39,1,PLe
tau2-airline,39,2,PLp
tau2-airline,39,2,PLs
tau2-airline,4,4,MSc
tau2-airline,4,3,MSm
tau2-airline,4,1,PLe
tau2-airline,4,1,PLp
tau2-airline,4,2,PLs
tau2-airline,40,2,MSc
tau2-airline,40,2,MSm
tau2-airline,40,1,PLe
tau2-airline,40,1,PLp
tau2-airline,40,1,PLs
tau2-airline,41,2,MSc
tau2-airline,41,1,MSm
tau2-airline,41,1,PLe
tau2-airline,41,2,PLp
tau2-airline,41,2,PLs
tau2-airline,42,2,MSc
tau2-airline,42,2,MSm
tau2-airline,42,1,PLe
tau2-airline,42,2,PLp
tau2-airline,42,2,PLs
tau2-airline,43,3,MSc
tau2-airline,43,2,MSm
tau2-airline,43,1,PLe
tau2-airline,43,2,PLp
tau2-airline,43,2,PLs
tau2-airline,45,4,MSc
tau2-airline,45,2,MSm
tau2-airline,45,1,PLe
tau2-airline,45,2,PLp
tau2-airline,45,2,PLs
tau2-airline,46,4,MSc
tau2-airline,46,2,MSm
tau2-airline,46,1,PLe
tau2-airline,46,1,PLp
tau2-airline,46,1,PLs
tau2-airline,47,4,MSc
tau2-airline,47,2,MSm
tau2-airline,47,1,PLe
tau2-airline,47,1,PLp
tau2-airline,47,2,PLs
tau2-airline,48,4,MSc
tau2-airline,48,2,MSm
tau2-airline,48,1,PLe
tau2-airline,48,1,PLp
tau2-airline,48,2,PLs
tau2-airline,49,4,MSc
tau2-airline,49,2,MSm
tau2-airline,49,1,PLe
tau2-airline,49,1,PLp
tau2-airline,49,2,PLs
tau2-airline,5,4,MSc
tau2-airline,5,2,MSm
tau2-airline,5,1,PLe
tau2-airline,5,2,PLp
tau2-airline,5,2,PLs
tau2-airline,6,4,MSc
tau2-airline,6,2,MSm
tau2-airline,6,1,PLe
tau2-airline,6,1,PLp
tau2-airline,6,2,PLs
tau2-airline,7,4,MSc
tau2-airline,7,2,MSm
tau2-airline,7,1,PLe
tau2-airline,7,2,PLp
tau2-airline,7,2,PLs
tau2-airline,8,2,MSc
tau2-airline,8,2,MSm
tau2-airline,8,1,PLe
tau2-airline,8,2,PLp
tau2-airline,8,2,PLs
tau2-airline,9,2,MSc
tau2-airline,9,1,MSm
tau2-airline,9,1,PLe
tau2-airline,9,2,PLp
tau2-airline,9,2,PLs
tau2-banking_knowledge,task_001,2,MSc
tau2-banking_knowledge,task_001,2,MSm
tau2-banking_knowledge,task_001,2,PLe
tau2-banking_knowledge,task_001,2,PLp
tau2-banking_knowledge,task_001,2,PLs
tau2-banking_knowledge,task_002,2,MSc
tau2-banking_knowledge,task_002,2,MSm
tau2-banking_knowledge,task_002,3,PLe
tau2-banking_knowledge,task_002,2,PLp
tau2-banking_knowledge,task_002,2,PLs
tau2-banking_knowledge,task_003,2,MSc
tau2-banking_knowledge,task_003,2,MSm
tau2-banking_knowledge,task_003,3,PLe
tau2-banking_knowledge,task_003,2,PLp
tau2-banking_knowledge,task_003,1,PLs
tau2-banking_knowledge,task_004,3,MSc
tau2-banking_knowledge,task_004,2,MSm
tau2-banking_knowledge,task_004,1,PLe
tau2-banking_knowledge,task_004,1,PLp
tau2-banking_knowledge,task_004,1,PLs
tau2-banking_knowledge,task_005,4,MSc
tau2-banking_knowledge,task_005,1,MSm
tau2-banking_knowledge,task_005,1,PLe
tau2-banking_knowledge,task_005,2,PLp
tau2-banking_knowledge,task_005,2,PLs
tau2-banking_knowledge,task_006,1,MSc
tau2-banking_knowledge,task_006,1,MSm
tau2-banking_knowledge,task_006,2,PLe
tau2-banking_knowledge,task_006,2,PLp
tau2-banking_knowledge,task_006,1,PLs
tau2-banking_knowledge,task_007,2,MSc
tau2-banking_knowledge,task_007,2,MSm
tau2-banking_knowledge,task_007,3,PLe
tau2-banking_knowledge,task_007,2,PLp
tau2-banking_knowledge,task_007,1,PLs
tau2-banking_knowledge,task_008,4,MSc
tau2-banking_knowledge,task_008,2,MSm
tau2-banking_knowledge,task_008,2,PLe
tau2-banking_knowledge,task_008,2,PLp
tau2-banking_knowledge,task_008,1,PLs
tau2-banking_knowledge,task_010,2,MSc
tau2-banking_knowledge,task_010,2,MSm
tau2-banking_knowledge,task_010,1,PLe
tau2-banking_knowledge,task_010,2,PLp
tau2-banking_knowledge,task_010,2,PLs
tau2-banking_knowledge,task_012,2,MSc
tau2-banking_knowledge,task_012,2,MSm
tau2-banking_knowledge,task_012,1,PLe
tau2-banking_knowledge,task_012,1,PLp
tau2-banking_knowledge,task_012,1,PLs
tau2-banking_knowledge,task_014,3,MSc
tau2-banking_knowledge,task_014,2,MSm
tau2-banking_knowledge,task_014,1,PLe
tau2-banking_knowledge,task_014,1,PLp
tau2-banking_knowledge,task_014,1,PLs
tau2-banking_knowledge,task_015,2,MSc
tau2-banking_knowledge,task_015,2,MSm
tau2-banking_knowledge,task_015,2,PLe
tau2-banking_knowledge,task_015,2,PLp
tau2-banking_knowledge,task_015,1,PLs
tau2-banking_knowledge,task_016,2,MSc
tau2-banking_knowledge,task_016,2,MSm
tau2-banking_knowledge,task_016,2,PLe
tau2-banking_knowledge,task_016,2,PLp
tau2-banking_knowledge,task_016,2,PLs
tau2-banking_knowledge,task_017,2,MSc
tau2-banking_knowledge,task_017,2,MSm
tau2-banking_knowledge,task_017,2,PLe
tau2-banking_knowledge,task_017,2,PLp
tau2-banking_knowledge,task_017,2,PLs
tau2-banking_knowledge,task_018,2,MSc
tau2-banking_knowledge,task_018,2,MSm
tau2-banking_knowledge,task_018,3,PLe
tau2-banking_knowledge,task_018,2,PLp
tau2-banking_knowledge,task_018,2,PLs
tau2-banking_knowledge,task_019,2,MSc
tau2-banking_knowledge,task_019,3,MSm
tau2-banking_knowledge,task_019,3,PLe
tau2-banking_knowledge,task_019,2,PLp
tau2-banking_knowledge,task_019,2,PLs
tau2-banking_knowledge,task_020,2,MSc
tau2-banking_knowledge,task_020,3,MSm
tau2-banking_knowledge,task_020,3,PLe
tau2-banking_knowledge,task_020,2,PLp
tau2-banking_knowledge,task_020,2,PLs
tau2-banking_knowledge,task_021,2,MSc
tau2-banking_knowledge,task_021,2,MSm
tau2-banking_knowledge,task_021,2,PLe
tau2-banking_knowledge,task_021,2,PLp
tau2-banking_knowledge,task_021,2,PLs
tau2-banking_knowledge,task_022,2,MSc
tau2-banking_knowledge,task_022,2,MSm
tau2-banking_knowledge,task_022,3,PLe
tau2-banking_knowledge,task_022,2,PLp
tau2-banking_knowledge,task_022,2,PLs
tau2-banking_knowledge,task_023,2,MSc
tau2-banking_knowledge,task_023,2,MSm
tau2-banking_knowledge,task_023,2,PLe
tau2-banking_knowledge,task_023,2,PLp
tau2-banking_knowledge,task_023,2,PLs
tau2-banking_knowledge,task_024,2,MSc
tau2-banking_knowledge,task_024,2,MSm
tau2-banking_knowledge,task_024,2,PLe
tau2-banking_knowledge,task_024,2,PLp
tau2-banking_knowledge,task_024,2,PLs
tau2-banking_knowledge,task_025,2,MSc
tau2-banking_knowledge,task_025,2,MSm
tau2-banking_knowledge,task_025,2,PLe
tau2-banking_knowledge,task_025,2,PLp
tau2-banking_knowledge,task_025,2,PLs
tau2-banking_knowledge,task_026,2,MSc
tau2-banking_knowledge,task_026,2,MSm
tau2-banking_knowledge,task_026,2,PLe
tau2-banking_knowledge,task_026,2,PLp
tau2-banking_knowledge,task_026,2,PLs
tau2-banking_knowledge,task_028,2,MSc
tau2-banking_knowledge,task_028,2,MSm
tau2-banking_knowledge,task_028,3,PLe
tau2-banking_knowledge,task_028,2,PLp
tau2-banking_knowledge,task_028,2,PLs
tau2-banking_knowledge,task_029,4,MSc
tau2-banking_knowledge,task_029,3,MSm
tau2-banking_knowledge,task_029,2,PLe
tau2-banking_knowledge,task_029,2,PLp
tau2-banking_knowledge,task_029,2,PLs
tau2-banking_knowledge,task_031,2,MSc
tau2-banking_knowledge,task_031,2,MSm
tau2-banking_knowledge,task_031,3,PLe
tau2-banking_knowledge,task_031,2,PLp
tau2-banking_knowledge,task_031,2,PLs
tau2-banking_knowledge,task_032,2,MSc
tau2-banking_knowledge,task_032,2,MSm
tau2-banking_knowledge,task_032,1,PLe
tau2-banking_knowledge,task_032,2,PLp
tau2-banking_knowledge,task_032,1,PLs
tau2-banking_knowledge,task_033,3,MSc
tau2-banking_knowledge,task_033,1,MSm
tau2-banking_knowledge,task_033,1,PLe
tau2-banking_knowledge,task_033,2,PLp
tau2-banking_knowledge,task_033,2,PLs
tau2-banking_knowledge,task_034,4,MSc
tau2-banking_knowledge,task_034,1,MSm
tau2-banking_knowledge,task_034,2,PLe
tau2-banking_knowledge,task_034,1,PLp
tau2-banking_knowledge,task_034,2,PLs
tau2-banking_knowledge,task_035,3,MSc
tau2-banking_knowledge,task_035,2,MSm
tau2-banking_knowledge,task_035,1,PLe
tau2-banking_knowledge,task_035,2,PLp
tau2-banking_knowledge,task_035,2,PLs
tau2-banking_knowledge,task_036,2,MSc
tau2-banking_knowledge,task_036,2,MSm
tau2-banking_knowledge,task_036,1,PLe
tau2-banking_knowledge,task_036,2,PLp
tau2-banking_knowledge,task_036,2,PLs
tau2-banking_knowledge,task_037,2,MSc
tau2-banking_knowledge,task_037,1,MSm
tau2-banking_knowledge,task_037,1,PLe
tau2-banking_knowledge,task_037,2,PLp
tau2-banking_knowledge,task_037,2,PLs
tau2-banking_knowledge,task_038,2,MSc
tau2-banking_knowledge,task_038,2,MSm
tau2-banking_knowledge,task_038,3,PLe
tau2-banking_knowledge,task_038,2,PLp
tau2-banking_knowledge,task_038,2,PLs
tau2-banking_knowledge,task_039,2,MSc
tau2-banking_knowledge,task_039,2,MSm
tau2-banking_knowledge,task_039,2,PLe
tau2-banking_knowledge,task_039,2,PLp
tau2-banking_knowledge,task_039,2,PLs
tau2-banking_knowledge,task_040,2,MSc
tau2-banking_knowledge,task_040,1,MSm
tau2-banking_knowledge,task_040,2,PLe
tau2-banking_knowledge,task_040,2,PLp
tau2-banking_knowledge,task_040,2,PLs
tau2-banking_knowledge,task_041,2,MSc
tau2-banking_knowledge,task_041,2,MSm
tau2-banking_knowledge,task_041,2,PLe
tau2-banking_knowledge,task_041,2,PLp
tau2-banking_knowledge,task_041,2,PLs
tau2-banking_knowledge,task_043,2,MSc
tau2-banking_knowledge,task_043,2,MSm
tau2-banking_knowledge,task_043,1,PLe
tau2-banking_knowledge,task_043,2,PLp
tau2-banking_knowledge,task_043,2,PLs
tau2-banking_knowledge,task_044,3,MSc
tau2-banking_knowledge,task_044,2,MSm
tau2-banking_knowledge,task_044,1,PLe
tau2-banking_knowledge,task_044,2,PLp
tau2-banking_knowledge,task_044,2,PLs
tau2-banking_knowledge,task_045,3,MSc
tau2-banking_knowledge,task_045,2,MSm
tau2-banking_knowledge,task_045,1,PLe
tau2-banking_knowledge,task_045,2,PLp
tau2-banking_knowledge,task_045,2,PLs
tau2-banking_knowledge,task_046,3,MSc
tau2-banking_knowledge,task_046,3,MSm
tau2-banking_knowledge,task_046,1,PLe
tau2-banking_knowledge,task_046,3,PLp
tau2-banking_knowledge,task_046,2,PLs
tau2-banking_knowledge,task_047,3,MSc
tau2-banking_knowledge,task_047,2,MSm
tau2-banking_knowledge,task_047,1,PLe
tau2-banking_knowledge,task_047,2,PLp
tau2-banking_knowledge,task_047,2,PLs
tau2-banking_knowledge,task_049,4,MSc
tau2-banking_knowledge,task_049,3,MSm
tau2-banking_knowledge,task_049,1,PLe
tau2-banking_knowledge,task_049,2,PLp
tau2-banking_knowledge,task_049,2,PLs
tau2-banking_knowledge,task_050,2,MSc
tau2-banking_knowledge,task_050,2,MSm
tau2-banking_knowledge,task_050,1,PLe
tau2-banking_knowledge,task_050,2,PLp
tau2-banking_knowledge,task_050,2,PLs
tau2-banking_knowledge,task_051,2,MSc
tau2-banking_knowledge,task_051,1,MSm
tau2-banking_knowledge,task_051,1,PLe
tau2-banking_knowledge,task_051,2,PLp
tau2-banking_knowledge,task_051,2,PLs
tau2-banking_knowledge,task_052,4,MSc
tau2-banking_knowledge,task_052,2,MSm
tau2-banking_knowledge,task_052,1,PLe
tau2-banking_knowledge,task_052,2,PLp
tau2-banking_knowledge,task_052,2,PLs
tau2-banking_knowledge,task_054,2,MSc
tau2-banking_knowledge,task_054,2,MSm
tau2-banking_knowledge,task_054,1,PLe
tau2-banking_knowledge,task_054,3,PLp
tau2-banking_knowledge,task_054,2,PLs
tau2-banking_knowledge,task_055,2,MSc
tau2-banking_knowledge,task_055,2,MSm
tau2-banking_knowledge,task_055,2,PLe
tau2-banking_knowledge,task_055,2,PLp
tau2-banking_knowledge,task_055,1,PLs
tau2-banking_knowledge,task_056,2,MSc
tau2-banking_knowledge,task_056,2,MSm
tau2-banking_knowledge,task_056,2,PLe
tau2-banking_knowledge,task_056,2,PLp
tau2-banking_knowledge,task_056,2,PLs
tau2-banking_knowledge,task_057,2,MSc
tau2-banking_knowledge,task_057,2,MSm
tau2-banking_knowledge,task_057,2,PLe
tau2-banking_knowledge,task_057,2,PLp
tau2-banking_knowledge,task_057,2,PLs
tau2-banking_knowledge,task_058,2,MSc
tau2-banking_knowledge,task_058,2,MSm
tau2-banking_knowledge,task_058,1,PLe
tau2-banking_knowledge,task_058,2,PLp
tau2-banking_knowledge,task_058,2,PLs
tau2-banking_knowledge,task_059,2,MSc
tau2-banking_knowledge,task_059,2,MSm
tau2-banking_knowledge,task_059,2,PLe
tau2-banking_knowledge,task_059,2,PLp
tau2-banking_knowledge,task_059,2,PLs
tau2-banking_knowledge,task_063,2,MSc
tau2-banking_knowledge,task_063,1,MSm
tau2-banking_knowledge,task_063,2,PLe
tau2-banking_knowledge,task_063,2,PLp
tau2-banking_knowledge,task_063,2,PLs
tau2-banking_knowledge,task_064,2,MSc
tau2-banking_knowledge,task_064,1,MSm
tau2-banking_knowledge,task_064,1,PLe
tau2-banking_knowledge,task_064,3,PLp
tau2-banking_knowledge,task_064,2,PLs
tau2-banking_knowledge,task_070,2,MSc
tau2-banking_knowledge,task_070,2,MSm
tau2-banking_knowledge,task_070,1,PLe
tau2-banking_knowledge,task_070,2,PLp
tau2-banking_knowledge,task_070,1,PLs
tau2-banking_knowledge,task_071,2,MSc
tau2-banking_knowledge,task_071,1,MSm
tau2-banking_knowledge,task_071,2,PLe
tau2-banking_knowledge,task_071,2,PLp
tau2-banking_knowledge,task_071,1,PLs
tau2-banking_knowledge,task_072,2,MSc
tau2-banking_knowledge,task_072,2,MSm
tau2-banking_knowledge,task_072,3,PLe
tau2-banking_knowledge,task_072,2,PLp
tau2-banking_knowledge,task_072,2,PLs
tau2-banking_knowledge,task_073,2,MSc
tau2-banking_knowledge,task_073,2,MSm
tau2-banking_knowledge,task_073,3,PLe
tau2-banking_knowledge,task_073,2,PLp
tau2-banking_knowledge,task_073,2,PLs
tau2-banking_knowledge,task_074,2,MSc
tau2-banking_knowledge,task_074,2,MSm
tau2-banking_knowledge,task_074,3,PLe
tau2-banking_knowledge,task_074,2,PLp
tau2-banking_knowledge,task_074,2,PLs
tau2-banking_knowledge,task_075,2,MSc
tau2-banking_knowledge,task_075,2,MSm
tau2-banking_knowledge,task_075,2,PLe
tau2-banking_knowledge,task_075,2,PLp
tau2-banking_knowledge,task_075,2,PLs
tau2-banking_knowledge,task_076,2,MSc
tau2-banking_knowledge,task_076,1,MSm
tau2-banking_knowledge,task_076,2,PLe
tau2-banking_knowledge,task_076,2,PLp
tau2-banking_knowledge,task_076,2,PLs
tau2-banking_knowledge,task_077,2,MSc
tau2-banking_knowledge,task_077,2,MSm
tau2-banking_knowledge,task_077,1,PLe
tau2-banking_knowledge,task_077,2,PLp
tau2-banking_knowledge,task_077,2,PLs
tau2-banking_knowledge,task_078,2,MSc
tau2-banking_knowledge,task_078,2,MSm
tau2-banking_knowledge,task_078,1,PLe
tau2-banking_knowledge,task_078,2,PLp
tau2-banking_knowledge,task_078,2,PLs
tau2-banking_knowledge,task_079,2,MSc
tau2-banking_knowledge,task_079,1,MSm
tau2-banking_knowledge,task_079,1,PLe
tau2-banking_knowledge,task_079,2,PLp
tau2-banking_knowledge,task_079,2,PLs
tau2-banking_knowledge,task_080,2,MSc
tau2-banking_knowledge,task_080,2,MSm
tau2-banking_knowledge,task_080,2,PLe
tau2-banking_knowledge,task_080,3,PLp
tau2-banking_knowledge,task_080,2,PLs
tau2-banking_knowledge,task_081,3,MSc
tau2-banking_knowledge,task_081,2,MSm
tau2-banking_knowledge,task_081,2,PLe
tau2-banking_knowledge,task_081,2,PLp
tau2-banking_knowledge,task_081,2,PLs
tau2-banking_knowledge,task_087,2,MSc
tau2-banking_knowledge,task_087,2,MSm
tau2-banking_knowledge,task_087,1,PLe
tau2-banking_knowledge,task_087,2,PLp
tau2-banking_knowledge,task_087,2,PLs
tau2-banking_knowledge,task_088,2,MSc
tau2-banking_knowledge,task_088,3,MSm
tau2-banking_knowledge,task_088,1,PLe
tau2-banking_knowledge,task_088,2,PLp
tau2-banking_knowledge,task_088,2,PLs
tau2-banking_knowledge,task_089,2,MSc
tau2-banking_knowledge,task_089,2,MSm
tau2-banking_knowledge,task_089,1,PLe
tau2-banking_knowledge,task_089,2,PLp
tau2-banking_knowledge,task_089,2,PLs
tau2-banking_knowledge,task_090,2,MSc
tau2-banking_knowledge,task_090,3,MSm
tau2-banking_knowledge,task_090,1,PLe
tau2-banking_knowledge,task_090,2,PLp
tau2-banking_knowledge,task_090,2,PLs
tau2-banking_knowledge,task_093,2,MSc
tau2-banking_knowledge,task_093,2,MSm
tau2-banking_knowledge,task_093,3,PLe
tau2-banking_knowledge,task_093,2,PLp
tau2-banking_knowledge,task_093,2,PLs
tau2-banking_knowledge,task_094,3,MSc
tau2-banking_knowledge,task_094,2,MSm
tau2-banking_knowledge,task_094,2,PLe
tau2-banking_knowledge,task_094,2,PLp
tau2-banking_knowledge,task_094,2,PLs
tau2-banking_knowledge,task_095,2,MSc
tau2-banking_knowledge,task_095,2,MSm
tau2-banking_knowledge,task_095,2,PLe
tau2-banking_knowledge,task_095,2,PLp
tau2-banking_knowledge,task_095,2,PLs
tau2-banking_knowledge,task_096,2,MSc
tau2-banking_knowledge,task_096,2,MSm
tau2-banking_knowledge,task_096,2,PLe
tau2-banking_knowledge,task_096,2,PLp
tau2-banking_knowledge,task_096,2,PLs
tau2-banking_knowledge,task_097,2,MSc
tau2-banking_knowledge,task_097,3,MSm
tau2-banking_knowledge,task_097,2,PLe
tau2-banking_knowledge,task_097,2,PLp
tau2-banking_knowledge,task_097,2,PLs
tau2-banking_knowledge,task_098,2,MSc
tau2-banking_knowledge,task_098,2,MSm
tau2-banking_knowledge,task_098,2,PLe
tau2-banking_knowledge,task_098,2,PLp
tau2-banking_knowledge,task_098,2,PLs
tau2-banking_knowledge,task_099,2,MSc
tau2-banking_knowledge,task_099,3,MSm
tau2-banking_knowledge,task_099,3,PLe
tau2-banking_knowledge,task_099,2,PLp
tau2-banking_knowledge,task_099,2,PLs
tau2-banking_knowledge,task_100,2,MSc
tau2-banking_knowledge,task_100,2,MSm
tau2-banking_knowledge,task_100,3,PLe
tau2-banking_knowledge,task_100,2,PLp
tau2-banking_knowledge,task_100,2,PLs
tau2-banking_knowledge,task_101,2,MSc
tau2-banking_knowledge,task_101,2,MSm
tau2-banking_knowledge,task_101,2,PLe
tau2-banking_knowledge,task_101,3,PLp
tau2-banking_knowledge,task_101,2,PLs
tau2-banking_knowledge,task_102,2,MSc
tau2-banking_knowledge,task_102,3,MSm
tau2-banking_knowledge,task_102,2,PLe
tau2-banking_knowledge,task_102,3,PLp
tau2-banking_knowledge,task_102,2,PLs
tau2-retail,0,2,MSc
tau2-retail,0,2,MSm
tau2-retail,0,1,PLe
tau2-retail,0,2,PLp
tau2-retail,0,2,PLs
tau2-retail,1,2,MSc
tau2-retail,1,2,MSm
tau2-retail,1,1,PLe
tau2-retail,1,2,PLp
tau2-retail,1,2,PLs
tau2-retail,10,4,MSc
tau2-retail,10,2,MSm
tau2-retail,10,1,PLe
tau2-retail,10,2,PLp
tau2-retail,10,2,PLs
tau2-retail,100,2,MSc
tau2-retail,100,2,MSm
tau2-retail,100,1,PLe
tau2-retail,100,2,PLp
tau2-retail,100,2,PLs
tau2-retail,101,2,MSc
tau2-retail,101,2,MSm
tau2-retail,101,1,PLe
tau2-retail,101,2,PLp
tau2-retail,101,2,PLs
tau2-retail,102,2,MSc
tau2-retail,102,3,MSm
tau2-retail,102,1,PLe
tau2-retail,102,2,PLp
tau2-retail,102,2,PLs
tau2-retail,103,2,MSc
tau2-retail,103,2,MSm
tau2-retail,103,1,PLe
tau2-retail,103,2,PLp
tau2-retail,103,2,PLs
tau2-retail,104,2,MSc
tau2-retail,104,3,MSm
tau2-retail,104,1,PLe
tau2-retail,104,2,PLp
tau2-retail,104,2,PLs
tau2-retail,105,2,MSc
tau2-retail,105,3,MSm
tau2-retail,105,1,PLe
tau2-retail,105,2,PLp
tau2-retail,105,2,PLs
tau2-retail,106,2,MSc
tau2-retail,106,2,MSm
tau2-retail,106,1,PLe
tau2-retail,106,2,PLp
tau2-retail,106,2,PLs
tau2-retail,107,2,MSc
tau2-retail,107,2,MSm
tau2-retail,107,1,PLe
tau2-retail,107,2,PLp
tau2-retail,107,2,PLs
tau2-retail,108,2,MSc
tau2-retail,108,2,MSm
tau2-retail,108,1,PLe
tau2-retail,108,2,PLp
tau2-retail,108,2,PLs
tau2-retail,109,2,MSc
tau2-retail,109,2,MSm
tau2-retail,109,1,PLe
tau2-retail,109,2,PLp
tau2-retail,109,2,PLs
tau2-retail,11,3,MSc
tau2-retail,11,3,MSm
tau2-retail,11,1,PLe
tau2-retail,11,2,PLp
tau2-retail,11,2,PLs
tau2-retail,110,2,MSc
tau2-retail,110,2,MSm
tau2-retail,110,1,PLe
tau2-retail,110,2,PLp
tau2-retail,110,2,PLs
tau2-retail,111,2,MSc
tau2-retail,111,3,MSm
tau2-retail,111,1,PLe
tau2-retail,111,2,PLp
tau2-retail,111,2,PLs
tau2-retail,112,2,MSc
tau2-retail,112,2,MSm
tau2-retail,112,1,PLe
tau2-retail,112,2,PLp
tau2-retail,112,2,PLs
tau2-retail,113,2,MSc
tau2-retail,113,2,MSm
tau2-retail,113,1,PLe
tau2-retail,113,2,PLp
tau2-retail,113,2,PLs
tau2-retail,12,2,MSc
tau2-retail,12,2,MSm
tau2-retail,12,1,PLe
tau2-retail,12,2,PLp
tau2-retail,12,2,PLs
tau2-retail,13,2,MSc
tau2-retail,13,2,MSm
tau2-retail,13,1,PLe
tau2-retail,13,2,PLp
tau2-retail,13,2,PLs
tau2-retail,14,2,MSc
tau2-retail,14,2,MSm
tau2-retail,14,1,PLe
tau2-retail,14,2,PLp
tau2-retail,14,2,PLs
tau2-retail,15,2,MSc
tau2-retail,15,2,MSm
tau2-retail,15,1,PLe
tau2-retail,15,2,PLp
tau2-retail,15,2,PLs
tau2-retail,16,2,MSc
tau2-retail,16,2,MSm
tau2-retail,16,1,PLe
tau2-retail,16,2,PLp
tau2-retail,16,2,PLs
tau2-retail,17,2,MSc
tau2-retail,17,2,MSm
tau2-retail,17,1,PLe
tau2-retail,17,1,PLp
tau2-retail,17,1,PLs
tau2-retail,18,2,MSc
tau2-retail,18,2,MSm
tau2-retail,18,1,PLe
tau2-retail,18,2,PLp
tau2-retail,18,2,PLs
tau2-retail,19,2,MSc
tau2-retail,19,2,MSm
tau2-retail,19,1,PLe
tau2-retail,19,2,PLp
tau2-retail,19,2,PLs
tau2-retail,2,2,MSc
tau2-retail,2,2,MSm
tau2-retail,2,1,PLe
tau2-retail,2,2,PLp
tau2-retail,2,2,PLs
tau2-retail,20,2,MSc
tau2-retail,20,2,MSm
tau2-retail,20,1,PLe
tau2-retail,20,2,PLp
tau2-retail,20,2,PLs
tau2-retail,21,2,MSc
tau2-retail,21,2,MSm
tau2-retail,21,1,PLe
tau2-retail,21,2,PLp
tau2-retail,21,2,PLs
tau2-retail,22,2,MSc
tau2-retail,22,2,MSm
tau2-retail,22,1,PLe
tau2-retail,22,2,PLp
tau2-retail,22,2,PLs
tau2-retail,23,2,MSc
tau2-retail,23,2,MSm
tau2-retail,23,1,PLe
tau2-retail,23,2,PLp
tau2-retail,23,2,PLs
tau2-retail,24,2,MSc
tau2-retail,24,2,MSm
tau2-retail,24,1,PLe
tau2-retail,24,2,PLp
tau2-retail,24,1,PLs
tau2-retail,25,2,MSc
tau2-retail,25,2,MSm
tau2-retail,25,1,PLe
tau2-retail,25,2,PLp
tau2-retail,25,2,PLs
tau2-retail,26,2,MSc
tau2-retail,26,2,MSm
tau2-retail,26,1,PLe
tau2-retail,26,2,PLp
tau2-retail,26,2,PLs
tau2-retail,27,2,MSc
tau2-retail,27,2,MSm
tau2-retail,27,1,PLe
tau2-retail,27,2,PLp
tau2-retail,27,2,PLs
tau2-retail,28,2,MSc
tau2-retail,28,2,MSm
tau2-retail,28,1,PLe
tau2-retail,28,2,PLp
tau2-retail,28,2,PLs
tau2-retail,29,2,MSc
tau2-retail,29,2,MSm
tau2-retail,29,1,PLe
tau2-retail,29,2,PLp
tau2-retail,29,2,PLs
tau2-retail,3,2,MSc
tau2-retail,3,2,MSm
tau2-retail,3,1,PLe
tau2-retail,3,2,PLp
tau2-retail,3,2,PLs
tau2-retail,30,2,MSc
tau2-retail,30,2,MSm
tau2-retail,30,1,PLe
tau2-retail,30,2,PLp
tau2-retail,30,2,PLs
tau2-retail,31,2,MSc
tau2-retail,31,2,MSm
tau2-retail,31,1,PLe
tau2-retail,31,2,PLp
tau2-retail,31,2,PLs
tau2-retail,32,2,MSc
tau2-retail,32,3,MSm
tau2-retail,32,1,PLe
tau2-retail,32,2,PLp
tau2-retail,32,2,PLs
tau2-retail,33,2,MSc
tau2-retail,33,2,MSm
tau2-retail,33,1,PLe
tau2-retail,33,2,PLp
tau2-retail,33,2,PLs
tau2-retail,34,2,MSc
tau2-retail,34,3,MSm
tau2-retail,34,1,PLe
tau2-retail,34,2,PLp
tau2-retail,34,2,PLs
tau2-retail,35,2,MSc
tau2-retail,35,2,MSm
tau2-retail,35,1,PLe
tau2-retail,35,2,PLp
tau2-retail,35,2,PLs
tau2-retail,36,2,MSc
tau2-retail,36,2,MSm
tau2-retail,36,1,PLe
tau2-retail,36,2,PLp
tau2-retail,36,2,PLs
tau2-retail,37,2,MSc
tau2-retail,37,2,MSm
tau2-retail,37,1,PLe
tau2-retail,37,2,PLp
tau2-retail,37,2,PLs
tau2-retail,38,2,MSc
tau2-retail,38,2,MSm
tau2-retail,38,1,PLe
tau2-retail,38,2,PLp
tau2-retail,38,2,PLs
tau2-retail,39,2,MSc
tau2-retail,39,2,MSm
tau2-retail,39,1,PLe
tau2-retail,39,2,PLp
tau2-retail,39,2,PLs
tau2-retail,4,2,MSc
tau2-retail,4,2,MSm
tau2-retail,4,1,PLe
tau2-retail,4,2,PLp
tau2-retail,4,2,PLs
tau2-retail,40,2,MSc
tau2-retail,40,2,MSm
tau2-retail,40,1,PLe
tau2-retail,40,2,PLp
tau2-retail,40,2,PLs
tau2-retail,41,2,MSc
tau2-retail,41,2,MSm
tau2-retail,41,1,PLe
tau2-retail,41,2,PLp
tau2-retail,41,2,PLs
tau2-retail,42,2,MSc
tau2-retail,42,2,MSm
tau2-retail,42,1,PLe
tau2-retail,42,2,PLp
tau2-retail,42,2,PLs
tau2-retail,43,2,MSc
tau2-retail,43,3,MSm
tau2-retail,43,1,PLe
tau2-retail,43,2,PLp
tau2-retail,43,1,PLs
tau2-retail,44,2,MSc
tau2-retail,44,2,MSm
tau2-retail,44,1,PLe
tau2-retail,44,2,PLp
tau2-retail,44,2,PLs
tau2-retail,45,2,MSc
tau2-retail,45,2,MSm
tau2-retail,45,1,PLe
tau2-retail,45,2,PLp
tau2-retail,45,2,PLs
tau2-retail,46,2,MSc
tau2-retail,46,2,MSm
tau2-retail,46,1,PLe
tau2-retail,46,2,PLp
tau2-retail,46,2,PLs
tau2-retail,47,2,MSc
tau2-retail,47,2,MSm
tau2-retail,47,1,PLe
tau2-retail,47,2,PLp
tau2-retail,47,2,PLs
tau2-retail,48,2,MSc
tau2-retail,48,2,MSm
tau2-retail,48,1,PLe
tau2-retail,48,2,PLp
tau2-retail,48,2,PLs
tau2-retail,49,2,MSc
tau2-retail,49,2,MSm
tau2-retail,49,1,PLe
tau2-retail,49,2,PLp
tau2-retail,49,2,PLs
tau2-retail,5,2,MSc
tau2-retail,5,2,MSm
tau2-retail,5,1,PLe
tau2-retail,5,2,PLp
tau2-retail,5,2,PLs
tau2-retail,50,4,MSc
tau2-retail,50,2,MSm
tau2-retail,50,1,PLe
tau2-retail,50,1,PLp
tau2-retail,50,1,PLs
tau2-retail,51,2,MSc
tau2-retail,51,2,MSm
tau2-retail,51,1,PLe
tau2-retail,51,2,PLp
tau2-retail,51,2,PLs
tau2-retail,52,2,MSc
tau2-retail,52,2,MSm
tau2-retail,52,1,PLe
tau2-retail,52,2,PLp
tau2-retail,52,2,PLs
tau2-retail,53,2,MSc
tau2-retail,53,2,MSm
tau2-retail,53,1,PLe
tau2-retail,53,2,PLp
tau2-retail,53,2,PLs
tau2-retail,54,2,MSc
tau2-retail,54,2,MSm
tau2-retail,54,1,PLe
tau2-retail,54,2,PLp
tau2-retail,54,2,PLs
tau2-retail,55,2,MSc
tau2-retail,55,3,MSm
tau2-retail,55,1,PLe
tau2-retail,55,2,PLp
tau2-retail,55,2,PLs
tau2-retail,56,2,MSc
tau2-retail,56,2,MSm
tau2-retail,56,1,PLe
tau2-retail,56,2,PLp
tau2-retail,56,2,PLs
tau2-retail,57,2,MSc
tau2-retail,57,2,MSm
tau2-retail,57,1,PLe
tau2-retail,57,2,PLp
tau2-retail,57,2,PLs
tau2-retail,58,2,MSc
tau2-retail,58,2,MSm
tau2-retail,58,1,PLe
tau2-retail,58,2,PLp
tau2-retail,58,2,PLs
tau2-retail,59,2,MSc
tau2-retail,59,2,MSm
tau2-retail,59,1,PLe
tau2-retail,59,2,PLp
tau2-retail,59,2,PLs
tau2-retail,6,2,MSc
tau2-retail,6,2,MSm
tau2-retail,6,1,PLe
tau2-retail,6,2,PLp
tau2-retail,6,2,PLs
tau2-retail,60,2,MSc
tau2-retail,60,2,MSm
tau2-retail,60,1,PLe
tau2-retail,60,2,PLp
tau2-retail,60,2,PLs
tau2-retail,61,2,MSc
tau2-retail,61,2,MSm
tau2-retail,61,1,PLe
tau2-retail,61,2,PLp
tau2-retail,61,2,PLs
tau2-retail,62,2,MSc
tau2-retail,62,2,MSm
tau2-retail,62,1,PLe
tau2-retail,62,2,PLp
tau2-retail,62,2,PLs
tau2-retail,63,2,MSc
tau2-retail,63,2,MSm
tau2-retail,63,1,PLe
tau2-retail,63,2,PLp
tau2-retail,63,2,PLs
tau2-retail,64,2,MSc
tau2-retail,64,2,MSm
tau2-retail,64,1,PLe
tau2-retail,64,2,PLp
tau2-retail,64,2,PLs
tau2-retail,65,2,MSc
tau2-retail,65,2,MSm
tau2-retail,65,1,PLe
tau2-retail,65,2,PLp
tau2-retail,65,2,PLs
tau2-retail,66,2,MSc
tau2-retail,66,2,MSm
tau2-retail,66,1,PLe
tau2-retail,66,2,PLp
tau2-retail,66,2,PLs
tau2-retail,67,2,MSc
tau2-retail,67,2,MSm
tau2-retail,67,1,PLe
tau2-retail,67,1,PLp
tau2-retail,67,0,PLs
tau2-retail,68,2,MSc
tau2-retail,68,2,MSm
tau2-retail,68,1,PLe
tau2-retail,68,1,PLp
tau2-retail,68,0,PLs
tau2-retail,69,2,MSc
tau2-retail,69,2,MSm
tau2-retail,69,1,PLe
tau2-retail,69,2,PLp
tau2-retail,69,2,PLs
tau2-retail,7,2,MSc
tau2-retail,7,2,MSm
tau2-retail,7,1,PLe
tau2-retail,7,2,PLp
tau2-retail,7,2,PLs
tau2-retail,70,2,MSc
tau2-retail,70,2,MSm
tau2-retail,70,1,PLe
tau2-retail,70,2,PLp
tau2-retail,70,2,PLs
tau2-retail,71,2,MSc
tau2-retail,71,2,MSm
tau2-retail,71,1,PLe
tau2-retail,71,2,PLp
tau2-retail,71,2,PLs
tau2-retail,72,2,MSc
tau2-retail,72,2,MSm
tau2-retail,72,1,PLe
tau2-retail,72,2,PLp
tau2-retail,72,2,PLs
tau2-retail,73,2,MSc
tau2-retail,73,2,MSm
tau2-retail,73,1,PLe
tau2-retail,73,1,PLp
tau2-retail,73,2,PLs
tau2-retail,74,2,MSc
tau2-retail,74,3,MSm
tau2-retail,74,1,PLe
tau2-retail,74,2,PLp
tau2-retail,74,2,PLs
tau2-retail,75,2,MSc
tau2-retail,75,1,MSm
tau2-retail,75,1,PLe
tau2-retail,75,1,PLp
tau2-retail,75,2,PLs
tau2-retail,76,2,MSc
tau2-retail,76,2,MSm
tau2-retail,76,1,PLe
tau2-retail,76,2,PLp
tau2-retail,76,2,PLs
tau2-retail,77,2,MSc
tau2-retail,77,2,MSm
tau2-retail,77,1,PLe
tau2-retail,77,2,PLp
tau2-retail,77,2,PLs
tau2-retail,78,2,MSc
tau2-retail,78,2,MSm
tau2-retail,78,1,PLe
tau2-retail,78,2,PLp
tau2-retail,78,2,PLs
tau2-retail,79,2,MSc
tau2-retail,79,3,MSm
tau2-retail,79,1,PLe
tau2-retail,79,2,PLp
tau2-retail,79,2,PLs
tau2-retail,8,2,MSc
tau2-retail,8,2,MSm
tau2-retail,8,1,PLe
tau2-retail,8,2,PLp
tau2-retail,8,2,PLs
tau2-retail,80,2,MSc
tau2-retail,80,3,MSm
tau2-retail,80,1,PLe
tau2-retail,80,2,PLp
tau2-retail,80,2,PLs
tau2-retail,81,2,MSc
tau2-retail,81,2,MSm
tau2-retail,81,1,PLe
tau2-retail,81,2,PLp
tau2-retail,81,2,PLs
tau2-retail,82,2,MSc
tau2-retail,82,2,MSm
tau2-retail,82,1,PLe
tau2-retail,82,2,PLp
tau2-retail,82,2,PLs
tau2-retail,83,2,MSc
tau2-retail,83,2,MSm
tau2-retail,83,1,PLe
tau2-retail,83,2,PLp
tau2-retail,83,2,PLs
tau2-retail,84,2,MSc
tau2-retail,84,2,MSm
tau2-retail,84,1,PLe
tau2-retail,84,2,PLp
tau2-retail,84,2,PLs
tau2-retail,85,2,MSc
tau2-retail,85,2,MSm
tau2-retail,85,1,PLe
tau2-retail,85,1,PLp
tau2-retail,85,2,PLs
tau2-retail,86,2,MSc
tau2-retail,86,2,MSm
tau2-retail,86,1,PLe
tau2-retail,86,2,PLp
tau2-retail,86,2,PLs
tau2-retail,87,2,MSc
tau2-retail,87,2,MSm
tau2-retail,87,1,PLe
tau2-retail,87,2,PLp
tau2-retail,87,2,PLs
tau2-retail,88,2,MSc
tau2-retail,88,2,MSm
tau2-retail,88,1,PLe
tau2-retail,88,2,PLp
tau2-retail,88,2,PLs
tau2-retail,89,2,MSc
tau2-retail,89,2,MSm
tau2-retail,89,1,PLe
tau2-retail,89,2,PLp
tau2-retail,89,2,PLs
tau2-retail,9,2,MSc
tau2-retail,9,2,MSm
tau2-retail,9,1,PLe
tau2-retail,9,2,PLp
tau2-retail,9,2,PLs
tau2-retail,90,2,MSc
tau2-retail,90,2,MSm
tau2-retail,90,1,PLe
tau2-retail,90,2,PLp
tau2-retail,90,2,PLs
tau2-retail,91,2,MSc
tau2-retail,91,2,MSm
tau2-retail,91,1,PLe
tau2-retail,91,2,PLp
tau2-retail,91,2,PLs
tau2-retail,92,2,MSc
tau2-retail,92,2,MSm
tau2-retail,92,1,PLe
tau2-retail,92,2,PLp
tau2-retail,92,2,PLs
tau2-retail,93,2,MSc
tau2-retail,93,2,MSm
tau2-retail,93,1,PLe
tau2-retail,93,2,PLp
tau2-retail,93,2,PLs
tau2-retail,94,2,MSc
tau2-retail,94,2,MSm
tau2-retail,94,1,PLe
tau2-retail,94,2,PLp
tau2-retail,94,2,PLs
tau2-retail,95,2,MSc
tau2-retail,95,2,MSm
tau2-retail,95,1,PLe
tau2-retail,95,2,PLp
tau2-retail,95,2,PLs
tau2-retail,96,2,MSc
tau2-retail,96,2,MSm
tau2-retail,96,1,PLe
tau2-retail,96,2,PLp
tau2-retail,96,2,PLs
tau2-retail,97,2,MSc
tau2-retail,97,2,MSm
tau2-retail,97,1,PLe
tau2-retail,97,2,PLp
tau2-retail,97,2,PLs
tau2-retail,98,2,MSc
tau2-retail,98,2,MSm
tau2-retail,98,1,PLe
tau2-retail,98,2,PLp
tau2-retail,98,2,PLs
tau2-retail,99,2,MSc
tau2-retail,99,2,MSm
tau2-retail,99,1,PLe
tau2-retail,99,2,PLp
tau2-retail,99,2,PLs
terminal-bench-4.0.0,biped-contact-dynamics,0,MSc
terminal-bench-4.0.0,biped-contact-dynamics,0,MSm
terminal-bench-4.0.0,biped-contact-dynamics,4,PLe
terminal-bench-4.0.0,biped-contact-dynamics,3,PLp
terminal-bench-4.0.0,biped-contact-dynamics,2,PLs
terminal-bench-4.0.0,cad-model,0,MSc
terminal-bench-4.0.0,cad-model,0,MSm
terminal-bench-4.0.0,cad-model,3,PLe
terminal-bench-4.0.0,cad-model,2,PLp
terminal-bench-4.0.0,cad-model,0,PLs
terminal-bench-4.0.0,coq-block-bound,0,MSc
terminal-bench-4.0.0,coq-block-bound,0,MSm
terminal-bench-4.0.0,coq-block-bound,2,PLe
terminal-bench-4.0.0,coq-block-bound,4,PLp
terminal-bench-4.0.0,coq-block-bound,0,PLs
terminal-bench-4.0.0,ctr-optimization,0,MSc
terminal-bench-4.0.0,ctr-optimization,1,MSm
terminal-bench-4.0.0,ctr-optimization,4,PLe
terminal-bench-4.0.0,ctr-optimization,3,PLp
terminal-bench-4.0.0,ctr-optimization,2,PLs
terminal-bench-4.0.0,fin-saccr-rwa,0,MSc
terminal-bench-4.0.0,fin-saccr-rwa,0,MSm
terminal-bench-4.0.0,fin-saccr-rwa,4,PLe
terminal-bench-4.0.0,fin-saccr-rwa,2,PLp
terminal-bench-4.0.0,fin-saccr-rwa,0,PLs
terminal-bench-4.0.0,formal-crypto,0,MSc
terminal-bench-4.0.0,formal-crypto,0,MSm
terminal-bench-4.0.0,formal-crypto,3,PLe
terminal-bench-4.0.0,formal-crypto,4,PLp
terminal-bench-4.0.0,formal-crypto,2,PLs
terminal-bench-4.0.0,fp8-rmsnorm-gemm,0,MSc
terminal-bench-4.0.0,fp8-rmsnorm-gemm,0,MSm
terminal-bench-4.0.0,fp8-rmsnorm-gemm,3,PLe
terminal-bench-4.0.0,fp8-rmsnorm-gemm,3,PLp
terminal-bench-4.0.0,fp8-rmsnorm-gemm,1,PLs
terminal-bench-4.0.0,heat-pump-warranty,0,MSc
terminal-bench-4.0.0,heat-pump-warranty,0,MSm
terminal-bench-4.0.0,heat-pump-warranty,3,PLe
terminal-bench-4.0.0,heat-pump-warranty,2,PLp
terminal-bench-4.0.0,heat-pump-warranty,2,PLs
terminal-bench-4.0.0,hof-topology-interpenetration,0,MSc
terminal-bench-4.0.0,hof-topology-interpenetration,0,MSm
terminal-bench-4.0.0,hof-topology-interpenetration,4,PLe
terminal-bench-4.0.0,hof-topology-interpenetration,3,PLp
terminal-bench-4.0.0,hof-topology-interpenetration,0,PLs
terminal-bench-4.0.0,html-js-filter,0,MSc
terminal-bench-4.0.0,html-js-filter,0,MSm
terminal-bench-4.0.0,html-js-filter,4,PLe
terminal-bench-4.0.0,html-js-filter,3,PLp
terminal-bench-4.0.0,html-js-filter,1,PLs
terminal-bench-4.0.0,intrastat-meldung,1,MSc
terminal-bench-4.0.0,intrastat-meldung,0,MSm
terminal-bench-4.0.0,intrastat-meldung,3,PLe
terminal-bench-4.0.0,intrastat-meldung,3,PLp
terminal-bench-4.0.0,intrastat-meldung,1,PLs
terminal-bench-4.0.0,kv-live-surgery,0,MSc
terminal-bench-4.0.0,kv-live-surgery,0,MSm
terminal-bench-4.0.0,kv-live-surgery,4,PLe
terminal-bench-4.0.0,kv-live-surgery,3,PLp
terminal-bench-4.0.0,kv-live-surgery,2,PLs
terminal-bench-4.0.0,lake-temp-glm,0,MSc
terminal-bench-4.0.0,lake-temp-glm,0,MSm
terminal-bench-4.0.0,lake-temp-glm,3,PLe
terminal-bench-4.0.0,lake-temp-glm,3,PLp
terminal-bench-4.0.0,lake-temp-glm,1,PLs
terminal-bench-4.0.0,layout-config-recreation,0,MSc
terminal-bench-4.0.0,layout-config-recreation,0,MSm
terminal-bench-4.0.0,layout-config-recreation,3,PLe
terminal-bench-4.0.0,layout-config-recreation,3,PLp
terminal-bench-4.0.0,layout-config-recreation,0,PLs
terminal-bench-4.0.0,layout-config-recreation2,0,MSc
terminal-bench-4.0.0,layout-config-recreation2,0,MSm
terminal-bench-4.0.0,layout-config-recreation2,3,PLe
terminal-bench-4.0.0,layout-config-recreation2,2,PLp
terminal-bench-4.0.0,layout-config-recreation2,0,PLs
terminal-bench-4.0.0,live-database-cutover,0,MSc
terminal-bench-4.0.0,live-database-cutover,0,MSm
terminal-bench-4.0.0,live-database-cutover,4,PLe
terminal-bench-4.0.0,live-database-cutover,3,PLp
terminal-bench-4.0.0,live-database-cutover,2,PLs
terminal-bench-4.0.0,medical-claims-processing,0,MSc
terminal-bench-4.0.0,medical-claims-processing,0,MSm
terminal-bench-4.0.0,medical-claims-processing,3,PLe
terminal-bench-4.0.0,medical-claims-processing,3,PLp
terminal-bench-4.0.0,medical-claims-processing,2,PLs
terminal-bench-4.0.0,mp-checkpoint-consolidation,0,MSc
terminal-bench-4.0.0,mp-checkpoint-consolidation,0,MSm
terminal-bench-4.0.0,mp-checkpoint-consolidation,3,PLe
terminal-bench-4.0.0,mp-checkpoint-consolidation,3,PLp
terminal-bench-4.0.0,mp-checkpoint-consolidation,1,PLs
terminal-bench-4.0.0,payments-pipeline-fix,0,MSc
terminal-bench-4.0.0,payments-pipeline-fix,0,MSm
terminal-bench-4.0.0,payments-pipeline-fix,4,PLe
terminal-bench-4.0.0,payments-pipeline-fix,3,PLp
terminal-bench-4.0.0,payments-pipeline-fix,1,PLs
terminal-bench-4.0.0,photonic-waveguide-routing,0,MSc
terminal-bench-4.0.0,photonic-waveguide-routing,0,MSm
terminal-bench-4.0.0,photonic-waveguide-routing,4,PLe
terminal-bench-4.0.0,photonic-waveguide-routing,3,PLp
terminal-bench-4.0.0,photonic-waveguide-routing,0,PLs
terminal-bench-4.0.0,pretrain-shard-corruption,0,MSc
terminal-bench-4.0.0,pretrain-shard-corruption,0,MSm
terminal-bench-4.0.0,pretrain-shard-corruption,3,PLe
terminal-bench-4.0.0,pretrain-shard-corruption,3,PLp
terminal-bench-4.0.0,pretrain-shard-corruption,1,PLs
terminal-bench-4.0.0,production-planning,0,MSc
terminal-bench-4.0.0,production-planning,0,MSm
terminal-bench-4.0.0,production-planning,4,PLe
terminal-bench-4.0.0,production-planning,3,PLp
terminal-bench-4.0.0,production-planning,2,PLs
terminal-bench-4.0.0,protein-autointerp-disulfide,0,MSc
terminal-bench-4.0.0,protein-autointerp-disulfide,0,MSm
terminal-bench-4.0.0,protein-autointerp-disulfide,3,PLe
terminal-bench-4.0.0,protein-autointerp-disulfide,2,PLp
terminal-bench-4.0.0,protein-autointerp-disulfide,0,PLs
terminal-bench-4.0.0,react-lead-form,0,MSc
terminal-bench-4.0.0,react-lead-form,0,MSm
terminal-bench-4.0.0,react-lead-form,4,PLe
terminal-bench-4.0.0,react-lead-form,3,PLp
terminal-bench-4.0.0,react-lead-form,2,PLs
terminal-bench-4.0.0,retro-console-soc,0,MSc
terminal-bench-4.0.0,retro-console-soc,0,MSm
terminal-bench-4.0.0,retro-console-soc,4,PLe
terminal-bench-4.0.0,retro-console-soc,3,PLp
terminal-bench-4.0.0,retro-console-soc,2,PLs
terminal-bench-4.0.0,risk-scorer-replay,0,MSc
terminal-bench-4.0.0,risk-scorer-replay,0,MSm
terminal-bench-4.0.0,risk-scorer-replay,4,PLe
terminal-bench-4.0.0,risk-scorer-replay,3,PLp
terminal-bench-4.0.0,risk-scorer-replay,1,PLs
terminal-bench-4.0.0,roy-polymorph-cn,0,MSc
terminal-bench-4.0.0,roy-polymorph-cn,0,MSm
terminal-bench-4.0.0,roy-polymorph-cn,3,PLe
terminal-bench-4.0.0,roy-polymorph-cn,2,PLp
terminal-bench-4.0.0,roy-polymorph-cn,0,PLs
terminal-bench-4.0.0,rs-archive-clone,0,MSc
terminal-bench-4.0.0,rs-archive-clone,0,MSm
terminal-bench-4.0.0,rs-archive-clone,4,PLe
terminal-bench-4.0.0,rs-archive-clone,3,PLp
terminal-bench-4.0.0,rs-archive-clone,2,PLs
terminal-bench-4.0.0,satb-audio-transcription,0,MSc
terminal-bench-4.0.0,satb-audio-transcription,0,MSm
terminal-bench-4.0.0,satb-audio-transcription,4,PLe
terminal-bench-4.0.0,satb-audio-transcription,2,PLp
terminal-bench-4.0.0,satb-audio-transcription,0,PLs
terminal-bench-4.0.0,shadow-relay,0,MSc
terminal-bench-4.0.0,shadow-relay,0,MSm
terminal-bench-4.0.0,shadow-relay,3,PLe
terminal-bench-4.0.0,shadow-relay,3,PLp
terminal-bench-4.0.0,shadow-relay,2,PLs
terminal-bench-4.0.0,sound-change-cascade,0,MSc
terminal-bench-4.0.0,sound-change-cascade,0,MSm
terminal-bench-4.0.0,sound-change-cascade,3,PLe
terminal-bench-4.0.0,sound-change-cascade,3,PLp
terminal-bench-4.0.0,sound-change-cascade,2,PLs
terminal-bench-4.0.0,uefi-bootkit,0,MSc
terminal-bench-4.0.0,uefi-bootkit,0,MSm
terminal-bench-4.0.0,uefi-bootkit,1,PLs
terminal-bench-4.0.0,vba-userform-port,0,MSc
terminal-bench-4.0.0,vba-userform-port,0,MSm
terminal-bench-4.0.0,vba-userform-port,4,PLe
terminal-bench-4.0.0,vba-userform-port,3,PLp
terminal-bench-4.0.0,vba-userform-port,1,PLs
terminal-bench-4.0.0,vllm-deepseek-streaming,0,MSc
terminal-bench-4.0.0,vllm-deepseek-streaming,0,MSm
terminal-bench-4.0.0,vllm-deepseek-streaming,4,PLe
terminal-bench-4.0.0,vllm-deepseek-streaming,3,PLp
terminal-bench-4.0.0,vllm-deepseek-streaming,1,PLs
terminal-bench-4.0.0,wdm-design,0,MSc
terminal-bench-4.0.0,wdm-design,0,MSm
terminal-bench-4.0.0,wdm-design,3,PLe
terminal-bench-4.0.0,wdm-design,3,PLp
terminal-bench-4.0.0,wdm-design,2,PLs
terminal-bench-science-0.1,3x2pt-inference,0,MSc
terminal-bench-science-0.1,3x2pt-inference,0,MSm
terminal-bench-science-0.1,3x2pt-inference,4,PLe
terminal-bench-science-0.1,3x2pt-inference,3,PLp
terminal-bench-science-0.1,3x2pt-inference,2,PLs
terminal-bench-science-0.1,ambient-rna-correction,0,MSc
terminal-bench-science-0.1,ambient-rna-correction,0,MSm
terminal-bench-science-0.1,ambient-rna-correction,4,PLe
terminal-bench-science-0.1,ambient-rna-correction,3,PLp
terminal-bench-science-0.1,ambient-rna-correction,0,PLs
terminal-bench-science-0.1,amr-poisson-optimize,0,MSc
terminal-bench-science-0.1,amr-poisson-optimize,0,MSm
terminal-bench-science-0.1,amr-poisson-optimize,4,PLe
terminal-bench-science-0.1,amr-poisson-optimize,3,PLp
terminal-bench-science-0.1,amr-poisson-optimize,1,PLs
terminal-bench-science-0.1,animal-reid,0,MSc
terminal-bench-science-0.1,animal-reid,0,MSm
terminal-bench-science-0.1,animal-reid,4,PLe
terminal-bench-science-0.1,animal-reid,3,PLp
terminal-bench-science-0.1,animal-reid,0,PLs
terminal-bench-science-0.1,ankle-mri-findings,0,MSc
terminal-bench-science-0.1,ankle-mri-findings,0,MSm
terminal-bench-science-0.1,ankle-mri-findings,3,PLe
terminal-bench-science-0.1,ankle-mri-findings,2,PLp
terminal-bench-science-0.1,ankle-mri-findings,0,PLs
terminal-bench-science-0.1,baseline-free-localization,0,MSc
terminal-bench-science-0.1,baseline-free-localization,0,MSm
terminal-bench-science-0.1,baseline-free-localization,4,PLe
terminal-bench-science-0.1,baseline-free-localization,4,PLp
terminal-bench-science-0.1,baseline-free-localization,4,PLs
terminal-bench-science-0.1,betalactam-multimodal-transfer,0,MSc
terminal-bench-science-0.1,betalactam-multimodal-transfer,0,MSm
terminal-bench-science-0.1,betalactam-multimodal-transfer,4,PLe
terminal-bench-science-0.1,betalactam-multimodal-transfer,3,PLp
terminal-bench-science-0.1,betalactam-multimodal-transfer,0,PLs
terminal-bench-science-0.1,cell-lineage-reconstruction,0,MSc
terminal-bench-science-0.1,cell-lineage-reconstruction,0,MSm
terminal-bench-science-0.1,cell-lineage-reconstruction,4,PLe
terminal-bench-science-0.1,cell-lineage-reconstruction,3,PLp
terminal-bench-science-0.1,cell-lineage-reconstruction,0,PLs
terminal-bench-science-0.1,certified-sparse-regression,0,MSc
terminal-bench-science-0.1,certified-sparse-regression,0,MSm
terminal-bench-science-0.1,certified-sparse-regression,3,PLe
terminal-bench-science-0.1,certified-sparse-regression,3,PLp
terminal-bench-science-0.1,certified-sparse-regression,0,PLs
terminal-bench-science-0.1,cilia-segmentation,0,MSc
terminal-bench-science-0.1,cilia-segmentation,0,MSm
terminal-bench-science-0.1,cilia-segmentation,3,PLe
terminal-bench-science-0.1,cilia-segmentation,2,PLp
terminal-bench-science-0.1,cilia-segmentation,0,PLs
terminal-bench-science-0.1,clinical-metadata-recovery,0,MSc
terminal-bench-science-0.1,clinical-metadata-recovery,0,MSm
terminal-bench-science-0.1,clinical-metadata-recovery,3,PLe
terminal-bench-science-0.1,clinical-metadata-recovery,3,PLp
terminal-bench-science-0.1,clinical-metadata-recovery,0,PLs
terminal-bench-science-0.1,cmb-cross-inference,0,MSc
terminal-bench-science-0.1,cmb-cross-inference,0,MSm
terminal-bench-science-0.1,cmb-cross-inference,4,PLe
terminal-bench-science-0.1,cmb-cross-inference,3,PLp
terminal-bench-science-0.1,cmb-cross-inference,1,PLs
terminal-bench-science-0.1,dapi-he-alignment,0,MSc
terminal-bench-science-0.1,dapi-he-alignment,0,MSm
terminal-bench-science-0.1,dapi-he-alignment,4,PLe
terminal-bench-science-0.1,dapi-he-alignment,3,PLp
terminal-bench-science-0.1,dapi-he-alignment,0,PLs
terminal-bench-science-0.1,diag-chipseq,0,MSc
terminal-bench-science-0.1,diag-chipseq,0,MSm
terminal-bench-science-0.1,diag-chipseq,4,PLe
terminal-bench-science-0.1,diag-chipseq,3,PLp
terminal-bench-science-0.1,diag-chipseq,0,PLs
terminal-bench-science-0.1,dna-storage-codec,0,MSc
terminal-bench-science-0.1,dna-storage-codec,0,MSm
terminal-bench-science-0.1,dna-storage-codec,4,PLe
terminal-bench-science-0.1,dna-storage-codec,3,PLp
terminal-bench-science-0.1,dna-storage-codec,2,PLs
terminal-bench-science-0.1,duan-thesis,0,MSc
terminal-bench-science-0.1,duan-thesis,0,MSm
terminal-bench-science-0.1,duan-thesis,3,PLe
terminal-bench-science-0.1,duan-thesis,2,PLp
terminal-bench-science-0.1,duan-thesis,2,PLs
terminal-bench-science-0.1,eeg-erp-recovery,0,MSc
terminal-bench-science-0.1,eeg-erp-recovery,0,MSm
terminal-bench-science-0.1,eeg-erp-recovery,4,PLe
terminal-bench-science-0.1,eeg-erp-recovery,3,PLp
terminal-bench-science-0.1,eeg-erp-recovery,0,PLs
terminal-bench-science-0.1,energy-routing,0,MSc
terminal-bench-science-0.1,energy-routing,0,MSm
terminal-bench-science-0.1,energy-routing,4,PLe
terminal-bench-science-0.1,energy-routing,3,PLp
terminal-bench-science-0.1,energy-routing,2,PLs
terminal-bench-science-0.1,finite-free-stam,0,MSc
terminal-bench-science-0.1,finite-free-stam,0,MSm
terminal-bench-science-0.1,finite-free-stam,3,PLe
terminal-bench-science-0.1,finite-free-stam,4,PLp
terminal-bench-science-0.1,finite-free-stam,0,PLs
terminal-bench-science-0.1,foraging-cognitive-model,0,MSc
terminal-bench-science-0.1,foraging-cognitive-model,2,MSm
terminal-bench-science-0.1,foraging-cognitive-model,3,PLe
terminal-bench-science-0.1,foraging-cognitive-model,3,PLp
terminal-bench-science-0.1,foraging-cognitive-model,2,PLs
terminal-bench-science-0.1,frustrated-heisenberg-nqs,0,MSc
terminal-bench-science-0.1,frustrated-heisenberg-nqs,0,MSm
terminal-bench-science-0.1,frustrated-heisenberg-nqs,3,PLe
terminal-bench-science-0.1,frustrated-heisenberg-nqs,3,PLp
terminal-bench-science-0.1,frustrated-heisenberg-nqs,0,PLs
terminal-bench-science-0.1,gen-turan-paths,0,MSc
terminal-bench-science-0.1,gen-turan-paths,0,MSm
terminal-bench-science-0.1,gen-turan-paths,2,PLe
terminal-bench-science-0.1,gen-turan-paths,4,PLp
terminal-bench-science-0.1,gen-turan-paths,0,PLs
terminal-bench-science-0.1,genomic-model-ranking,0,MSc
terminal-bench-science-0.1,genomic-model-ranking,0,MSm
terminal-bench-science-0.1,genomic-model-ranking,4,PLe
terminal-bench-science-0.1,genomic-model-ranking,3,PLp
terminal-bench-science-0.1,genomic-model-ranking,0,PLs
terminal-bench-science-0.1,geometric-pharmacophore-alignment,0,MSc
terminal-bench-science-0.1,geometric-pharmacophore-alignment,0,MSm
terminal-bench-science-0.1,geometric-pharmacophore-alignment,3,PLe
terminal-bench-science-0.1,geometric-pharmacophore-alignment,3,PLp
terminal-bench-science-0.1,geometric-pharmacophore-alignment,0,PLs
terminal-bench-science-0.1,guided-wave-localization,0,MSc
terminal-bench-science-0.1,guided-wave-localization,0,MSm
terminal-bench-science-0.1,guided-wave-localization,4,PLe
terminal-bench-science-0.1,guided-wave-localization,3,PLp
terminal-bench-science-0.1,guided-wave-localization,2,PLs
terminal-bench-science-0.1,hbv-calibration-1,0,MSc
terminal-bench-science-0.1,hbv-calibration-1,0,MSm
terminal-bench-science-0.1,hbv-calibration-1,3,PLe
terminal-bench-science-0.1,hbv-calibration-1,2,PLp
terminal-bench-science-0.1,hbv-calibration-1,2,PLs
terminal-bench-science-0.1,highdim-mediation-debiasing,0,MSc
terminal-bench-science-0.1,highdim-mediation-debiasing,0,MSm
terminal-bench-science-0.1,highdim-mediation-debiasing,4,PLe
terminal-bench-science-0.1,highdim-mediation-debiasing,4,PLp
terminal-bench-science-0.1,highdim-mediation-debiasing,0,PLs
terminal-bench-science-0.1,hysteretic-aquifer-control,0,MSc
terminal-bench-science-0.1,hysteretic-aquifer-control,0,MSm
terminal-bench-science-0.1,hysteretic-aquifer-control,4,PLe
terminal-bench-science-0.1,hysteretic-aquifer-control,3,PLp
terminal-bench-science-0.1,hysteretic-aquifer-control,2,PLs
terminal-bench-science-0.1,inelastic-constitutive-discovery,0,MSc
terminal-bench-science-0.1,inelastic-constitutive-discovery,0,MSm
terminal-bench-science-0.1,inelastic-constitutive-discovery,4,PLe
terminal-bench-science-0.1,inelastic-constitutive-discovery,3,PLp
terminal-bench-science-0.1,inelastic-constitutive-discovery,2,PLs
terminal-bench-science-0.1,inverse-lithography,0,MSc
terminal-bench-science-0.1,inverse-lithography,0,MSm
terminal-bench-science-0.1,inverse-lithography,4,PLe
terminal-bench-science-0.1,inverse-lithography,3,PLp
terminal-bench-science-0.1,inverse-lithography,2,PLs
terminal-bench-science-0.1,inverse-waveguide-shape,0,MSc
terminal-bench-science-0.1,inverse-waveguide-shape,0,MSm
terminal-bench-science-0.1,inverse-waveguide-shape,4,PLe
terminal-bench-science-0.1,inverse-waveguide-shape,3,PLp
terminal-bench-science-0.1,inverse-waveguide-shape,2,PLs
terminal-bench-science-0.1,koopman-mfg-id,0,MSc
terminal-bench-science-0.1,koopman-mfg-id,0,MSm
terminal-bench-science-0.1,koopman-mfg-id,4,PLe
terminal-bench-science-0.1,koopman-mfg-id,3,PLp
terminal-bench-science-0.1,koopman-mfg-id,2,PLs
terminal-bench-science-0.1,leaky-bloch-meep,0,MSc
terminal-bench-science-0.1,leaky-bloch-meep,0,MSm
terminal-bench-science-0.1,leaky-bloch-meep,3,PLe
terminal-bench-science-0.1,leaky-bloch-meep,4,PLp
terminal-bench-science-0.1,leaky-bloch-meep,2,PLs
terminal-bench-science-0.1,linked-cell-suppression,0,MSc
terminal-bench-science-0.1,linked-cell-suppression,0,MSm
terminal-bench-science-0.1,linked-cell-suppression,4,PLe
terminal-bench-science-0.1,linked-cell-suppression,4,PLp
terminal-bench-science-0.1,linked-cell-suppression,1,PLs
terminal-bench-science-0.1,localized-sspd-solver,0,MSc
terminal-bench-science-0.1,localized-sspd-solver,0,MSm
terminal-bench-science-0.1,localized-sspd-solver,4,PLe
terminal-bench-science-0.1,localized-sspd-solver,3,PLp
terminal-bench-science-0.1,localized-sspd-solver,2,PLs
terminal-bench-science-0.1,longitudinal-clinical-agent,0,MSc
terminal-bench-science-0.1,longitudinal-clinical-agent,0,MSm
terminal-bench-science-0.1,longitudinal-clinical-agent,3,PLe
terminal-bench-science-0.1,longitudinal-clinical-agent,2,PLp
terminal-bench-science-0.1,longitudinal-clinical-agent,1,PLs
terminal-bench-science-0.1,masked-spherical-remap,0,MSc
terminal-bench-science-0.1,masked-spherical-remap,0,MSm
terminal-bench-science-0.1,masked-spherical-remap,4,PLe
terminal-bench-science-0.1,masked-spherical-remap,3,PLp
terminal-bench-science-0.1,masked-spherical-remap,1,PLs
terminal-bench-science-0.1,mendota-ice-phenology,0,MSc
terminal-bench-science-0.1,mendota-ice-phenology,0,MSm
terminal-bench-science-0.1,mendota-ice-phenology,4,PLe
terminal-bench-science-0.1,mendota-ice-phenology,3,PLp
terminal-bench-science-0.1,mendota-ice-phenology,2,PLs
terminal-bench-science-0.1,microarch-modeling,0,MSc
terminal-bench-science-0.1,microarch-modeling,0,MSm
terminal-bench-science-0.1,microarch-modeling,4,PLe
terminal-bench-science-0.1,microarch-modeling,3,PLp
terminal-bench-science-0.1,microarch-modeling,3,PLs
terminal-bench-science-0.1,mri-harmonization,0,MSc
terminal-bench-science-0.1,mri-harmonization,0,MSm
terminal-bench-science-0.1,mri-harmonization,3,PLe
terminal-bench-science-0.1,mri-harmonization,3,PLp
terminal-bench-science-0.1,mri-harmonization,0,PLs
terminal-bench-science-0.1,nanoindentation-property-extraction,0,MSc
terminal-bench-science-0.1,nanoindentation-property-extraction,0,MSm
terminal-bench-science-0.1,nanoindentation-property-extraction,4,PLe
terminal-bench-science-0.1,nanoindentation-property-extraction,3,PLp
terminal-bench-science-0.1,nanoindentation-property-extraction,2,PLs
terminal-bench-science-0.1,navigation-sensor-calibration,0,MSc
terminal-bench-science-0.1,navigation-sensor-calibration,0,MSm
terminal-bench-science-0.1,navigation-sensor-calibration,4,PLe
terminal-bench-science-0.1,navigation-sensor-calibration,3,PLp
terminal-bench-science-0.1,navigation-sensor-calibration,2,PLs
terminal-bench-science-0.1,neo-orbit-determination,0,MSc
terminal-bench-science-0.1,neo-orbit-determination,0,MSm
terminal-bench-science-0.1,neo-orbit-determination,4,PLe
terminal-bench-science-0.1,neo-orbit-determination,3,PLp
terminal-bench-science-0.1,neo-orbit-determination,2,PLs
terminal-bench-science-0.1,noisy-blackbox-optimization,0,MSc
terminal-bench-science-0.1,noisy-blackbox-optimization,0,MSm
terminal-bench-science-0.1,noisy-blackbox-optimization,3,PLe
terminal-bench-science-0.1,noisy-blackbox-optimization,3,PLp
terminal-bench-science-0.1,noisy-blackbox-optimization,2,PLs
terminal-bench-science-0.1,ode-law-discovery,0,MSc
terminal-bench-science-0.1,ode-law-discovery,0,MSm
terminal-bench-science-0.1,ode-law-discovery,3,PLe
terminal-bench-science-0.1,ode-law-discovery,3,PLp
terminal-bench-science-0.1,ode-law-discovery,2,PLs
terminal-bench-science-0.1,onsager-ising-lean,0,MSc
terminal-bench-science-0.1,onsager-ising-lean,0,MSm
terminal-bench-science-0.1,onsager-ising-lean,3,PLe
terminal-bench-science-0.1,onsager-ising-lean,4,PLp
terminal-bench-science-0.1,onsager-ising-lean,0,PLs
terminal-bench-science-0.1,ont-tn-qc,0,MSc
terminal-bench-science-0.1,ont-tn-qc,0,MSm
terminal-bench-science-0.1,ont-tn-qc,3,PLe
terminal-bench-science-0.1,ont-tn-qc,3,PLp
terminal-bench-science-0.1,ont-tn-qc,0,PLs
terminal-bench-science-0.1,qsm-reconstruction,0,MSc
terminal-bench-science-0.1,qsm-reconstruction,0,MSm
terminal-bench-science-0.1,qsm-reconstruction,4,PLe
terminal-bench-science-0.1,qsm-reconstruction,3,PLp
terminal-bench-science-0.1,qsm-reconstruction,0,PLs
terminal-bench-science-0.1,rdkit-ic-constraints,0,MSc
terminal-bench-science-0.1,rdkit-ic-constraints,0,MSm
terminal-bench-science-0.1,rdkit-ic-constraints,3,PLe
terminal-bench-science-0.1,rdkit-ic-constraints,3,PLp
terminal-bench-science-0.1,rdkit-ic-constraints,1,PLs
terminal-bench-science-0.1,reactor-safety-control,0,MSc
terminal-bench-science-0.1,reactor-safety-control,0,MSm
terminal-bench-science-0.1,reactor-safety-control,4,PLe
terminal-bench-science-0.1,reactor-safety-control,3,PLp
terminal-bench-science-0.1,reactor-safety-control,2,PLs
terminal-bench-science-0.1,regularized-game-proof,0,MSc
terminal-bench-science-0.1,regularized-game-proof,0,MSm
terminal-bench-science-0.1,regularized-game-proof,3,PLe
terminal-bench-science-0.1,regularized-game-proof,4,PLp
terminal-bench-science-0.1,regularized-game-proof,0,PLs
terminal-bench-science-0.1,rolling-shutter-oma,0,MSc
terminal-bench-science-0.1,rolling-shutter-oma,0,MSm
terminal-bench-science-0.1,rolling-shutter-oma,4,PLe
terminal-bench-science-0.1,rolling-shutter-oma,3,PLp
terminal-bench-science-0.1,rolling-shutter-oma,2,PLs
terminal-bench-science-0.1,rv-astrometry-fitting,0,MSc
terminal-bench-science-0.1,rv-astrometry-fitting,0,MSm
terminal-bench-science-0.1,rv-astrometry-fitting,4,PLe
terminal-bench-science-0.1,rv-astrometry-fitting,3,PLp
terminal-bench-science-0.1,rv-astrometry-fitting,2,PLs
terminal-bench-science-0.1,si-fracture-fbc,0,MSc
terminal-bench-science-0.1,si-fracture-fbc,0,MSm
terminal-bench-science-0.1,si-fracture-fbc,4,PLe
terminal-bench-science-0.1,si-fracture-fbc,3,PLp
terminal-bench-science-0.1,si-fracture-fbc,2,PLs
terminal-bench-science-0.1,small-area-equivalence,0,MSc
terminal-bench-science-0.1,small-area-equivalence,0,MSm
terminal-bench-science-0.1,small-area-equivalence,3,PLe
terminal-bench-science-0.1,small-area-equivalence,3,PLp
terminal-bench-science-0.1,small-area-equivalence,1,PLs
terminal-bench-science-0.1,sparse-network-assimilation,0,MSc
terminal-bench-science-0.1,sparse-network-assimilation,0,MSm
terminal-bench-science-0.1,sparse-network-assimilation,4,PLe
terminal-bench-science-0.1,sparse-network-assimilation,4,PLp
terminal-bench-science-0.1,sparse-network-assimilation,2,PLs
terminal-bench-science-0.1,spatial-cell-annotation,0,MSc
terminal-bench-science-0.1,spatial-cell-annotation,0,MSm
terminal-bench-science-0.1,spatial-cell-annotation,3,PLe
terminal-bench-science-0.1,spatial-cell-annotation,2,PLp
terminal-bench-science-0.1,spatial-cell-annotation,0,PLs
terminal-bench-science-0.1,spin-glass-groundstate,0,MSc
terminal-bench-science-0.1,spin-glass-groundstate,0,MSm
terminal-bench-science-0.1,spin-glass-groundstate,4,PLe
terminal-bench-science-0.1,spin-glass-groundstate,3,PLp
terminal-bench-science-0.1,spin-glass-groundstate,0,PLs
terminal-bench-science-0.1,stacking-disorder-diffraction,0,MSc
terminal-bench-science-0.1,stacking-disorder-diffraction,0,MSm
terminal-bench-science-0.1,stacking-disorder-diffraction,4,PLe
terminal-bench-science-0.1,stacking-disorder-diffraction,3,PLp
terminal-bench-science-0.1,stacking-disorder-diffraction,2,PLs
terminal-bench-science-0.1,stereo-dem-icesat2,0,MSc
terminal-bench-science-0.1,stereo-dem-icesat2,0,MSm
terminal-bench-science-0.1,stereo-dem-icesat2,4,PLe
terminal-bench-science-0.1,stereo-dem-icesat2,3,PLp
terminal-bench-science-0.1,stereo-dem-icesat2,0,PLs
terminal-bench-science-0.1,supraglacial-lake-classification,0,MSc
terminal-bench-science-0.1,supraglacial-lake-classification,0,MSm
terminal-bench-science-0.1,supraglacial-lake-classification,4,PLe
terminal-bench-science-0.1,supraglacial-lake-classification,3,PLp
terminal-bench-science-0.1,supraglacial-lake-classification,0,PLs
terminal-bench-science-0.1,symbolic-regression,0,MSc
terminal-bench-science-0.1,symbolic-regression,0,MSm
terminal-bench-science-0.1,symbolic-regression,3,PLe
terminal-bench-science-0.1,symbolic-regression,3,PLp
terminal-bench-science-0.1,symbolic-regression,0,PLs
terminal-bench-science-0.1,tamp-skill-planning,0,MSc
terminal-bench-science-0.1,tamp-skill-planning,0,MSm
terminal-bench-science-0.1,tamp-skill-planning,4,PLe
terminal-bench-science-0.1,tamp-skill-planning,3,PLp
terminal-bench-science-0.1,tamp-skill-planning,3,PLs
terminal-bench-science-0.1,tess-transit-vetting,0,MSc
terminal-bench-science-0.1,tess-transit-vetting,0,MSm
terminal-bench-science-0.1,tess-transit-vetting,4,PLe
terminal-bench-science-0.1,tess-transit-vetting,3,PLp
terminal-bench-science-0.1,tess-transit-vetting,2,PLs
terminal-bench-science-0.1,traffic-flux-inversion,0,MSc
terminal-bench-science-0.1,traffic-flux-inversion,0,MSm
terminal-bench-science-0.1,traffic-flux-inversion,4,PLe
terminal-bench-science-0.1,traffic-flux-inversion,3,PLp
terminal-bench-science-0.1,traffic-flux-inversion,2,PLs
terminal-bench-science-0.1,tumor-immune-interface,0,MSc
terminal-bench-science-0.1,tumor-immune-interface,0,MSm
terminal-bench-science-0.1,tumor-immune-interface,3,PLe
terminal-bench-science-0.1,tumor-immune-interface,2,PLp
terminal-bench-science-0.1,tumor-immune-interface,0,PLs
terminal-bench-science-0.1,variable-star-vetting,0,MSc
terminal-bench-science-0.1,variable-star-vetting,0,MSm
terminal-bench-science-0.1,variable-star-vetting,3,PLe
terminal-bench-science-0.1,variable-star-vetting,2,PLp
terminal-bench-science-0.1,variable-star-vetting,0,PLs
terminal-bench-science-0.1,virtual-baseline-localization,0,MSc
terminal-bench-science-0.1,virtual-baseline-localization,0,MSm
terminal-bench-science-0.1,virtual-baseline-localization,4,PLe
terminal-bench-science-0.1,virtual-baseline-localization,3,PLp
terminal-bench-science-0.1,virtual-baseline-localization,2,PLs
terminal-bench-science-0.1,xrd-multiphase-qpa,0,MSc
terminal-bench-science-0.1,xrd-multiphase-qpa,0,MSm
terminal-bench-science-0.1,xrd-multiphase-qpa,4,PLe
terminal-bench-science-0.1,xrd-multiphase-qpa,3,PLp
terminal-bench-science-0.1,xrd-multiphase-qpa,0,PLs
